﻿編號,土地位置,土地移轉面積平方公尺,使用分區或編定,權利人持分分母,權利人持分分子,移轉情形,地號
The serial number, land position,land shifting area square meter,the use zoning or compiles and checks,,,,land parcel
RPRNMLOLKHOFFHB48CB,學雅段,31.43,都市：住,100000,1071,持分移轉,00210000
RPRNMLOLKHOFFHB48CB,學雅段,4.80,都市：住,100000,1071,持分移轉,00210001
RPRNMLOLKHOFFHB48CB,學雅段,.39,都市：住,100000,1071,持分移轉,00210002
RPQNMLOLKHOFFHB38CB,學雅段,31.49,都市：住,100000,1073,持分移轉,00210000
RPQNMLOLKHOFFHB38CB,學雅段,4.81,都市：住,100000,1073,持分移轉,00210001
RPQNMLOLKHOFFHB38CB,學雅段,.39,都市：住,100000,1073,持分移轉,00210002
RPXNMLNLKHOFFHB98CB,學雅段,31.84,都市：住,100000,1085,持分移轉,00210000
RPXNMLNLKHOFFHB98CB,學雅段,4.86,都市：住,100000,1085,持分移轉,00210001
RPXNMLNLKHOFFHB98CB,學雅段,.39,都市：住,100000,1085,持分移轉,00210002
RPPOMLNLKHOFFHB28CB,學雅段,31.43,都市：住,100000,1071,持分移轉,00210000
RPPOMLNLKHOFFHB28CB,學雅段,4.80,都市：住,100000,1071,持分移轉,00210001
RPPOMLNLKHOFFHB28CB,學雅段,.39,都市：住,100000,1071,持分移轉,00210002
RPTOMLNLKHOFFHB68CB,學雅段,31.70,都市：住,100000,1080,持分移轉,00210000
RPTOMLNLKHOFFHB68CB,學雅段,4.84,都市：住,100000,1080,持分移轉,00210001
RPTOMLNLKHOFFHB68CB,學雅段,.39,都市：住,100000,1080,持分移轉,00210002
RPOOMLNLKHOFFHB18CB,學雅段,32.02,都市：住,100000,1091,持分移轉,00210000
RPOOMLNLKHOFFHB18CB,學雅段,4.89,都市：住,100000,1091,持分移轉,00210001
RPOOMLNLKHOFFHB18CB,學雅段,.39,都市：住,100000,1091,持分移轉,00210002
RPROMLNLKHOFFHB48CB,學雅段,31.46,都市：住,100000,1072,持分移轉,00210000
RPROMLNLKHOFFHB48CB,學雅段,4.81,都市：住,100000,1072,持分移轉,00210001
RPROMLNLKHOFFHB48CB,學雅段,.39,都市：住,100000,1072,持分移轉,00210002
RPPNMLOLKHOFFHB28CB,學雅段,31.11,都市：住,100000,1060,持分移轉,00210000
RPQOMLNLKHOFFHB38CB,學雅段,31.43,都市：住,100000,1071,持分移轉,00210000
RPPNMLOLKHOFFHB28CB,學雅段,4.75,都市：住,100000,1060,持分移轉,00210001
RPQOMLNLKHOFFHB38CB,學雅段,4.80,都市：住,100000,1071,持分移轉,00210001
RPPNMLOLKHOFFHB28CB,學雅段,.38,都市：住,100000,1060,持分移轉,00210002
RPQOMLNLKHOFFHB38CB,學雅段,.39,都市：住,100000,1071,持分移轉,00210002
RPSOMLNLKHOFFHB58CB,學雅段,31.40,都市：住,100000,1070,持分移轉,00210000
RPSOMLNLKHOFFHB58CB,學雅段,4.80,都市：住,100000,1070,持分移轉,00210001
RPSOMLNLKHOFFHB58CB,學雅段,.39,都市：住,100000,1070,持分移轉,00210002
RPTNMLOLKHOFFHB68CB,學雅段,31.43,都市：住,100000,1071,持分移轉,00210000
RPTNMLOLKHOFFHB68CB,學雅段,4.80,都市：住,100000,1071,持分移轉,00210001
RPTNMLOLKHOFFHB68CB,學雅段,.39,都市：住,100000,1071,持分移轉,00210002
RPVNMLOLKHOFFHB88CB,學雅段,33.49,都市：住,100000,1141,持分移轉,00210000
RPVNMLOLKHOFFHB88CB,學雅段,5.11,都市：住,100000,1141,持分移轉,00210001
RPVNMLOLKHOFFHB88CB,學雅段,.41,都市：住,100000,1141,持分移轉,00210002
RPXNMLOLKHOFFHB09CB,學雅段,33.72,都市：住,100000,1149,持分移轉,00210000
RPXNMLOLKHOFFHB09CB,學雅段,5.15,都市：住,100000,1149,持分移轉,00210001
RPXNMLOLKHOFFHB09CB,學雅段,.41,都市：住,100000,1149,持分移轉,00210002
RPWNMLOLKHOFFHB98CB,學雅段,32.37,都市：住,100000,1103,持分移轉,00210000
RPWNMLOLKHOFFHB98CB,學雅段,4.94,都市：住,100000,1103,持分移轉,00210001
RPWNMLOLKHOFFHB98CB,學雅段,.40,都市：住,100000,1103,持分移轉,00210002
RPOOMLOLKHOFFHB28CB,學雅段,32.37,都市：住,100000,1103,持分移轉,00210000
RPOOMLOLKHOFFHB28CB,學雅段,4.94,都市：住,100000,1103,持分移轉,00210001
RPSNMLOLKHOFFHB58CB,學雅段,31.43,都市：住,100000,1071,持分移轉,00210000
RPOOMLOLKHOFFHB28CB,學雅段,.40,都市：住,100000,1103,持分移轉,00210002
RPSNMLOLKHOFFHB58CB,學雅段,4.80,都市：住,100000,1071,持分移轉,00210001
RPSNMLOLKHOFFHB58CB,學雅段,.39,都市：住,100000,1071,持分移轉,00210002
RPROMLOLKHOFFHB58CB,學雅段,33.69,都市：住,100000,1148,持分移轉,00210000
RPROMLOLKHOFFHB58CB,學雅段,5.15,都市：住,100000,1148,持分移轉,00210001
RPROMLOLKHOFFHB58CB,學雅段,.41,都市：住,100000,1148,持分移轉,00210002
RPPOMLOLKHOFFHB38CB,學雅段,33.49,都市：住,100000,1141,持分移轉,00210000
RPPOMLOLKHOFFHB38CB,學雅段,5.11,都市：住,100000,1141,持分移轉,00210001
RPPOMLOLKHOFFHB38CB,學雅段,.41,都市：住,100000,1141,持分移轉,00210002
RPQOMLOLKHOFFHB48CB,學雅段,32.37,都市：住,100000,1103,持分移轉,00210000
RPQOMLOLKHOFFHB48CB,學雅段,4.94,都市：住,100000,1103,持分移轉,00210001
RPQOMLOLKHOFFHB48CB,學雅段,.40,都市：住,100000,1103,持分移轉,00210002
RPSOMLOLKHOFFHB68CB,學雅段,32.37,都市：住,100000,1103,持分移轉,00210000
RPSOMLOLKHOFFHB68CB,學雅段,4.94,都市：住,100000,1103,持分移轉,00210001
RPSOMLOLKHOFFHB68CB,學雅段,.40,都市：住,100000,1103,持分移轉,00210002
RPTOMLOLKHOFFHB78CB,學雅段,33.49,都市：住,100000,1141,持分移轉,00210000
RPTOMLOLKHOFFHB78CB,學雅段,5.11,都市：住,100000,1141,持分移轉,00210001
RPUOMLOLKHOFFHB88CB,學雅段,32.37,都市：住,100000,1103,持分移轉,00210000
RPTOMLOLKHOFFHB78CB,學雅段,.41,都市：住,100000,1141,持分移轉,00210002
RPUOMLOLKHOFFHB88CB,學雅段,4.94,都市：住,100000,1103,持分移轉,00210001
RPUOMLOLKHOFFHB88CB,學雅段,.40,都市：住,100000,1103,持分移轉,00210002
RPVOMLOLKHOFFHB98CB,學雅段,33.69,都市：住,100000,1148,持分移轉,00210000
RPVOMLOLKHOFFHB98CB,學雅段,5.15,都市：住,100000,1148,持分移轉,00210001
RPVOMLOLKHOFFHB98CB,學雅段,.41,都市：住,100000,1148,持分移轉,00210002
RPXOMLOLKHOFFHB56CB,學雅段,32.37,都市：住,100000,1103,持分移轉,00210000
RPXOMLOLKHOFFHB56CB,學雅段,4.94,都市：住,100000,1103,持分移轉,00210001
RPXOMLOLKHOFFHB56CB,學雅段,.40,都市：住,100000,1103,持分移轉,00210002
RPPPMLOLKHOFFHB48CB,學雅段,31.55,都市：住,100000,1075,持分移轉,00210000
RPPPMLOLKHOFFHB48CB,學雅段,4.82,都市：住,100000,1075,持分移轉,00210001
RPPPMLOLKHOFFHB48CB,學雅段,.39,都市：住,100000,1075,持分移轉,00210002
RPQPMLOLKHOFFHB58CB,學雅段,31.96,都市：住,100000,1089,持分移轉,00210000
RPQPMLOLKHOFFHB58CB,學雅段,4.88,都市：住,100000,1089,持分移轉,00210001
RPQPMLOLKHOFFHB58CB,學雅段,.39,都市：住,100000,1089,持分移轉,00210002
RPOPMLOLKHOFFHB38CB,學雅段,31.58,都市：住,100000,1076,持分移轉,00210000
RPOPMLOLKHOFFHB38CB,學雅段,4.82,都市：住,100000,1076,持分移轉,00210001
RPOPMLOLKHOFFHB38CB,學雅段,.39,都市：住,100000,1076,持分移轉,00210002
RPSPMLOLKHOFFHB78CB,學雅段,31.96,都市：住,100000,1089,持分移轉,00210000
RPSPMLOLKHOFFHB78CB,學雅段,4.88,都市：住,100000,1089,持分移轉,00210001
RPSPMLOLKHOFFHB78CB,學雅段,.39,都市：住,100000,1089,持分移轉,00210002
RPTPMLOLKHOFFHB88CB,學雅段,31.55,都市：住,100000,1075,持分移轉,00210000
RPTPMLOLKHOFFHB88CB,學雅段,4.82,都市：住,100000,1075,持分移轉,00210001
RPTPMLOLKHOFFHB88CB,學雅段,.39,都市：住,100000,1075,持分移轉,00210002
RPRPMLOLKHOFFHB68CB,學雅段,31.55,都市：住,100000,1075,持分移轉,00210000
RPRPMLOLKHOFFHB68CB,學雅段,4.82,都市：住,100000,1075,持分移轉,00210001
RPRPMLOLKHOFFHB68CB,學雅段,.39,都市：住,100000,1075,持分移轉,00210002
RPVPMLOLKHOFFHB09CB,學雅段,31.55,都市：住,100000,1075,持分移轉,00210000
RPVPMLOLKHOFFHB09CB,學雅段,4.82,都市：住,100000,1075,持分移轉,00210001
RPVPMLOLKHOFFHB09CB,學雅段,.39,都市：住,100000,1075,持分移轉,00210002
RPUPMLOLKHOFFHB98CB,學雅段,31.96,都市：住,100000,1089,持分移轉,00210000
RPUPMLOLKHOFFHB98CB,學雅段,4.88,都市：住,100000,1089,持分移轉,00210001
RPXPMLOLKHOFFHB66CB,學雅段,31.55,都市：住,100000,1075,持分移轉,00210000
RPUPMLOLKHOFFHB98CB,學雅段,.39,都市：住,100000,1089,持分移轉,00210002
RPXPMLOLKHOFFHB66CB,學雅段,4.82,都市：住,100000,1075,持分移轉,00210001
RPXPMLOLKHOFFHB66CB,學雅段,.39,都市：住,100000,1075,持分移轉,00210002
RPWPMLOLKHOFFHB56CB,學雅段,31.96,都市：住,100000,1089,持分移轉,00210000
RPWPMLOLKHOFFHB56CB,學雅段,4.88,都市：住,100000,1089,持分移轉,00210001
RPWPMLOLKHOFFHB56CB,學雅段,.39,都市：住,100000,1089,持分移轉,00210002
RPOQMLOLKHOFFHB48CB,學雅段,31.96,都市：住,100000,1089,持分移轉,00210000
RPOQMLOLKHOFFHB48CB,學雅段,4.88,都市：住,100000,1089,持分移轉,00210001
RPOQMLOLKHOFFHB48CB,學雅段,.39,都市：住,100000,1089,持分移轉,00210002
RPRNMLOLKHOFFBB87CB,仁美段,17.23,都市：住,10000,53,持分移轉,17450000
RPPNMLOLKHOFFBB67CB,仁美段,12.03,都市：住,10000,37,持分移轉,17450000
RPPQMLOLKHOFFHB58CB,學雅段,31.55,都市：住,100000,1075,持分移轉,00210000
RPPQMLOLKHOFFHB58CB,學雅段,4.82,都市：住,100000,1075,持分移轉,00210001
RPPQMLOLKHOFFHB58CB,學雅段,.39,都市：住,100000,1075,持分移轉,00210002
RPRNMLPLKHOFFHB58CB,學雅段,30.73,都市：住,100000,1047,持分移轉,00210000
RPRNMLPLKHOFFHB58CB,學雅段,4.69,都市：住,100000,1047,持分移轉,00210001
RPRNMLPLKHOFFHB58CB,學雅段,.38,都市：住,100000,1047,持分移轉,00210002
RPTNMLOLKHOFFBB08CB,仁美段,8.78,都市：住,10000,27,持分移轉,17450000
RPVNMLPLKHOFFHB98CB,學雅段,30.32,都市：住,100000,1033,持分移轉,00210000
RPVNMLPLKHOFFHB98CB,學雅段,4.63,都市：住,100000,1033,持分移轉,00210001
RPVNMLPLKHOFFHB98CB,學雅段,.37,都市：住,100000,1033,持分移轉,00210002
RPTNMLPLKHOFFHB78CB,學雅段,30.32,都市：住,100000,1033,持分移轉,00210000
RPTNMLPLKHOFFHB78CB,學雅段,4.63,都市：住,100000,1033,持分移轉,00210001
RPTNMLPLKHOFFHB78CB,學雅段,.37,都市：住,100000,1033,持分移轉,00210002
RPOOMLPLKHOFFHB38CB,學雅段,29.61,都市：住,100000,1009,持分移轉,00210000
RPOOMLPLKHOFFHB38CB,學雅段,4.52,都市：住,100000,1009,持分移轉,00210001
RPOOMLPLKHOFFHB38CB,學雅段,.36,都市：住,100000,1009,持分移轉,00210002
RPWNMLPLKHOFFHB09CB,學雅段,29.47,都市：住,100000,1004,持分移轉,00210000
RPWNMLPLKHOFFHB09CB,學雅段,4.50,都市：住,100000,1004,持分移轉,00210001
RPWNMLPLKHOFFHB09CB,學雅段,.36,都市：住,100000,1004,持分移轉,00210002
RPQOMLPLKHOFFHB58CB,學雅段,29.61,都市：住,100000,1009,持分移轉,00210000
RPQOMLPLKHOFFHB58CB,學雅段,4.52,都市：住,100000,1009,持分移轉,00210001
RPQOMLPLKHOFFHB58CB,學雅段,.36,都市：住,100000,1009,持分移轉,00210002
RPSOMLPLKHOFFHB78CB,學雅段,29.44,都市：住,100000,1003,持分移轉,00210000
RPSOMLPLKHOFFHB78CB,學雅段,4.50,都市：住,100000,1003,持分移轉,00210001
RPSOMLPLKHOFFHB78CB,學雅段,.36,都市：住,100000,1003,持分移轉,00210002
RPROMLPLKHOFFHB68CB,學雅段,29.44,都市：住,100000,1003,持分移轉,00210000
RPROMLPLKHOFFHB68CB,學雅段,4.50,都市：住,100000,1003,持分移轉,00210001
RPROMLPLKHOFFHB68CB,學雅段,.36,都市：住,100000,1003,持分移轉,00210002
RPTOMLPLKHOFFHB88CB,學雅段,29.61,都市：住,100000,1009,持分移轉,00210000
RPTOMLPLKHOFFHB88CB,學雅段,4.52,都市：住,100000,1009,持分移轉,00210001
RPTOMLPLKHOFFHB88CB,學雅段,.36,都市：住,100000,1009,持分移轉,00210002
RPWOMLPLKHOFFHB56CB,學雅段,29.44,都市：住,100000,1003,持分移轉,00210000
RPWOMLPLKHOFFHB56CB,學雅段,4.50,都市：住,100000,1003,持分移轉,00210001
RPWOMLPLKHOFFHB56CB,學雅段,.36,都市：住,100000,1003,持分移轉,00210002
RPUOMLPLKHOFFHB98CB,學雅段,29.61,都市：住,100000,1009,持分移轉,00210000
RPUOMLPLKHOFFHB98CB,學雅段,4.52,都市：住,100000,1009,持分移轉,00210001
RPUOMLPLKHOFFHB98CB,學雅段,.36,都市：住,100000,1009,持分移轉,00210002
RPPPMLPLKHOFFHB58CB,學雅段,30.93,都市：住,100000,1054,持分移轉,00210000
RPPPMLPLKHOFFHB58CB,學雅段,4.72,都市：住,100000,1054,持分移轉,00210001
RPPPMLPLKHOFFHB58CB,學雅段,.38,都市：住,100000,1054,持分移轉,00210002
RPOPMLPLKHOFFHB48CB,學雅段,29.41,都市：住,100000,1002,持分移轉,00210000
RPOPMLPLKHOFFHB48CB,學雅段,4.49,都市：住,100000,1002,持分移轉,00210001
RPOPMLPLKHOFFHB48CB,學雅段,.36,都市：住,100000,1002,持分移轉,00210002
RPXOMLPLKHOFFHB66CB,學雅段,30.79,都市：住,100000,1049,持分移轉,00210000
RPXOMLPLKHOFFHB66CB,學雅段,4.70,都市：住,100000,1049,持分移轉,00210001
RPXOMLPLKHOFFHB66CB,學雅段,.38,都市：住,100000,1049,持分移轉,00210002
RPVOMLPLKHOFFHB09CB,學雅段,29.44,都市：住,100000,1003,持分移轉,00210000
RPVOMLPLKHOFFHB09CB,學雅段,4.50,都市：住,100000,1003,持分移轉,00210001
RPVOMLPLKHOFFHB09CB,學雅段,.36,都市：住,100000,1003,持分移轉,00210002
RPQPMLPLKHOFFHB68CB,學雅段,29.61,都市：住,100000,1009,持分移轉,00210000
RPQPMLPLKHOFFHB68CB,學雅段,4.52,都市：住,100000,1009,持分移轉,00210001
RPQPMLPLKHOFFHB68CB,學雅段,.36,都市：住,100000,1009,持分移轉,00210002
RPRPMLPLKHOFFHB78CB,學雅段,30.82,都市：住,100000,1050,持分移轉,00210000
RPRPMLPLKHOFFHB78CB,學雅段,4.71,都市：住,100000,1050,持分移轉,00210001
RPRPMLPLKHOFFHB78CB,學雅段,.38,都市：住,100000,1050,持分移轉,00210002
RPSPMLPLKHOFFHB88CB,學雅段,29.44,都市：住,100000,1003,持分移轉,00210000
RPSPMLPLKHOFFHB88CB,學雅段,4.50,都市：住,100000,1003,持分移轉,00210001
RPSPMLPLKHOFFHB88CB,學雅段,.36,都市：住,100000,1003,持分移轉,00210002
RPUPMLPLKHOFFHB09CB,學雅段,31.29,都市：住,100000,1066,持分移轉,00210000
RPUPMLPLKHOFFHB09CB,學雅段,4.78,都市：住,100000,1066,持分移轉,00210001
RPVPMLPLKHOFFHB56CB,學雅段,30.61,都市：住,100000,1043,持分移轉,00210000
RPRQMLPLKHOFFHB88CB,學雅段,30.55,都市：住,100000,1041,持分移轉,00210000
RPVPMLPLKHOFFHB56CB,學雅段,4.68,都市：住,100000,1043,持分移轉,00210001
RPUPMLPLKHOFFHB09CB,學雅段,.38,都市：住,100000,1066,持分移轉,00210002
RPRQMLPLKHOFFHB88CB,學雅段,4.67,都市：住,100000,1041,持分移轉,00210001
RPVPMLPLKHOFFHB56CB,學雅段,.38,都市：住,100000,1043,持分移轉,00210002
RPRQMLPLKHOFFHB88CB,學雅段,.38,都市：住,100000,1041,持分移轉,00210002
RPOQMLPLKHOFFHB58CB,學雅段,30.44,都市：住,100000,1037,持分移轉,00210000
RPOQMLPLKHOFFHB58CB,學雅段,4.65,都市：住,100000,1037,持分移轉,00210001
RPOQMLPLKHOFFHB58CB,學雅段,.37,都市：住,100000,1037,持分移轉,00210002
RPQQMLPLKHOFFHB78CB,學雅段,29.67,都市：住,100000,1011,持分移轉,00210000
RPQQMLPLKHOFFHB78CB,學雅段,4.53,都市：住,100000,1011,持分移轉,00210001
RPQQMLPLKHOFFHB78CB,學雅段,.36,都市：住,100000,1011,持分移轉,00210002
RPTQMLPLKHOFFHB09CB,學雅段,29.67,都市：住,100000,1011,持分移轉,00210000
RPTQMLPLKHOFFHB09CB,學雅段,4.53,都市：住,100000,1011,持分移轉,00210001
RPTQMLPLKHOFFHB09CB,學雅段,.36,都市：住,100000,1011,持分移轉,00210002
RPVQMLPLKHOFFHB66CB,學雅段,35.34,都市：住,100000,1204,持分移轉,00210000
RPVQMLPLKHOFFHB66CB,學雅段,5.40,都市：住,100000,1204,持分移轉,00210001
RPVQMLPLKHOFFHB66CB,學雅段,.43,都市：住,100000,1204,持分移轉,00210002
RPRNMLRLKHOFFHB78CB,學雅段,34.16,都市：住,100000,1164,持分移轉,00210000
RPRNMLRLKHOFFHB78CB,學雅段,5.22,都市：住,100000,1164,持分移轉,00210001
RPRNMLRLKHOFFHB78CB,學雅段,.42,都市：住,100000,1164,持分移轉,00210002
RPUQMLPLKHOFFHB56CB,學雅段,35.31,都市：住,100000,1203,持分移轉,00210000
RPUQMLPLKHOFFHB56CB,學雅段,5.39,都市：住,100000,1203,持分移轉,00210001
RPUQMLPLKHOFFHB56CB,學雅段,.43,都市：住,100000,1203,持分移轉,00210002
RPQNMLRLKHOFFHB68CB,學雅段,34.52,都市：住,100000,1176,持分移轉,00210000
RPQNMLRLKHOFFHB68CB,學雅段,5.27,都市：住,100000,1176,持分移轉,00210001
RPQNMLRLKHOFFHB68CB,學雅段,.42,都市：住,100000,1176,持分移轉,00210002
RPTNMLMJLHOFFFB18CB,市鎮北段,16.01,都市：商,10000,48,持分移轉,00390000
RPSNMLRLKHOFFHB88CB,學雅段,34.16,都市：住,100000,1164,持分移轉,00210000
RPSNMLRLKHOFFHB88CB,學雅段,5.22,都市：住,100000,1164,持分移轉,00210001
RPSNMLRLKHOFFHB88CB,學雅段,.42,都市：住,100000,1164,持分移轉,00210002
RPTNMLRLKHOFFHB98CB,學雅段,34.34,都市：住,100000,1170,持分移轉,00210000
RPTNMLRLKHOFFHB98CB,學雅段,5.24,都市：住,100000,1170,持分移轉,00210001
RPTNMLRLKHOFFHB98CB,學雅段,.42,都市：住,100000,1170,持分移轉,00210002
RPPNMLNJLHOFFHB08CB,學雅段,34.16,都市：住,100000,1164,持分移轉,00210000
RPPNMLNJLHOFFHB08CB,學雅段,5.22,都市：住,100000,1164,持分移轉,00210001
RPPNMLNJLHOFFHB08CB,學雅段,.42,都市：住,100000,1164,持分移轉,00210002
RPQNMLNJLHOFFHB18CB,學雅段,34.34,都市：住,100000,1170,持分移轉,00210000
RPQNMLNJLHOFFHB18CB,學雅段,5.24,都市：住,100000,1170,持分移轉,00210001
RPQNMLNJLHOFFHB18CB,學雅段,.42,都市：住,100000,1170,持分移轉,00210002
RPUNMLRLKHOFFHB09CB,學雅段,34.34,都市：住,100000,1170,持分移轉,00210000
RPUNMLRLKHOFFHB09CB,學雅段,5.24,都市：住,100000,1170,持分移轉,00210001
RPUNMLRLKHOFFHB09CB,學雅段,.42,都市：住,100000,1170,持分移轉,00210002
RPRNMLNJLHOFFHB28CB,學雅段,34.34,都市：住,100000,1170,持分移轉,00210000
RPRNMLNJLHOFFHB28CB,學雅段,5.24,都市：住,100000,1170,持分移轉,00210001
RPRNMLNJLHOFFHB28CB,學雅段,.42,都市：住,100000,1170,持分移轉,00210002
RPSNMLNJLHOFFHB38CB,學雅段,35.66,都市：住,100000,1215,持分移轉,00210000
RPSNMLNJLHOFFHB38CB,學雅段,5.45,都市：住,100000,1215,持分移轉,00210001
RPSNMLNJLHOFFHB38CB,學雅段,.44,都市：住,100000,1215,持分移轉,00210002
RPTNMLNJLHOFFHB48CB,學雅段,34.93,都市：住,100000,1190,持分移轉,00210000
RPTNMLNJLHOFFHB48CB,學雅段,5.33,都市：住,100000,1190,持分移轉,00210001
RPTNMLNJLHOFFHB48CB,學雅段,.43,都市：住,100000,1190,持分移轉,00210002
RPUNMLNJLHOFFHB58CB,學雅段,34.37,都市：住,100000,1171,持分移轉,00210000
RPVNMLNJLHOFFHB68CB,學雅段,34.75,都市：住,100000,1184,持分移轉,00210000
RPUNMLNJLHOFFHB58CB,學雅段,5.25,都市：住,100000,1171,持分移轉,00210001
RPVNMLNJLHOFFHB68CB,學雅段,5.31,都市：住,100000,1184,持分移轉,00210001
RPUNMLNJLHOFFHB58CB,學雅段,.42,都市：住,100000,1171,持分移轉,00210002
RPVNMLNJLHOFFHB68CB,學雅段,.43,都市：住,100000,1184,持分移轉,00210002
RPPOMLLMLHOFFBB67CB,太和段,22.46,都市：住,100000,1377,持分移轉,01920000
RPQOMLLMLHOFFBB77CB,太和段,22.85,都市：住,100000,1401,持分移轉,01920000
RPROMLLMLHOFFBB87CB,太和段,22.85,都市：住,100000,1401,持分移轉,01920000
RPSOMLLMLHOFFBB97CB,太和段,22.85,都市：住,100000,1401,持分移轉,01920000
RPTOMLLMLHOFFBB08CB,太和段,22.85,都市：住,100000,1401,持分移轉,01920000
RPUOMLLMLHOFFBB18CB,太和段,22.85,都市：住,100000,1401,持分移轉,01920000
RPVOMLLMLHOFFBB28CB,太和段,22.85,都市：住,100000,1401,持分移轉,01920000
RPWOMLLMLHOFFBB38CB,太和段,22.85,都市：住,100000,1401,持分移轉,01920000
RPXOMLLMLHOFFBB48CB,太和段,22.85,都市：住,100000,1401,持分移轉,01920000
RPOPMLLMLHOFFBB67CB,太和段,22.63,都市：住,100000,1387,持分移轉,01920000
RPPPMLLMLHOFFBB77CB,太和段,22.63,都市：住,100000,1387,持分移轉,01920000
RPQPMLLMLHOFFBB87CB,太和段,23.61,都市：住,100000,1447,持分移轉,01920000
RPRPMLLMLHOFFBB97CB,太和段,22.85,都市：住,100000,1401,持分移轉,01920000
RPSPMLLMLHOFFBB08CB,太和段,28.04,都市：住,100000,1719,持分移轉,01920000
RPTPMLLMLHOFFBB18CB,太和段,28.04,都市：住,100000,1719,持分移轉,01920000
RPUPMLLMLHOFFBB28CB,太和段,28.04,都市：住,100000,1719,持分移轉,01920000
RPVPMLLMLHOFFBB38CB,太和段,28.04,都市：住,100000,1719,持分移轉,01920000
RPWPMLLMLHOFFBB48CB,太和段,28.04,都市：住,100000,1719,持分移轉,01920000
RPPOMLNJLHOFFHB18CB,學雅段,34.40,都市：住,100000,1172,持分移轉,00210000
RPPOMLNJLHOFFHB18CB,學雅段,5.25,都市：住,100000,1172,持分移轉,00210001
RPPOMLNJLHOFFHB18CB,學雅段,.42,都市：住,100000,1172,持分移轉,00210002
RPTOMLNJLHOFFHB58CB,學雅段,34.34,都市：住,100000,1170,持分移轉,00210000
RPTOMLNJLHOFFHB58CB,學雅段,5.24,都市：住,100000,1170,持分移轉,00210001
RPTOMLNJLHOFFHB58CB,學雅段,.42,都市：住,100000,1170,持分移轉,00210002
RPUOMLNJLHOFFHB68CB,學雅段,34.34,都市：住,100000,1170,持分移轉,00210000
RPUOMLNJLHOFFHB68CB,學雅段,5.24,都市：住,100000,1170,持分移轉,00210001
RPUOMLNJLHOFFHB68CB,學雅段,.42,都市：住,100000,1170,持分移轉,00210002
RPOOMLNJLHOFFHB08CB,學雅段,34.13,都市：住,100000,1163,持分移轉,00210000
RPOOMLNJLHOFFHB08CB,學雅段,5.21,都市：住,100000,1163,持分移轉,00210001
RPVOMLNJLHOFFHB78CB,學雅段,34.34,都市：住,100000,1170,持分移轉,00210000
RPXNMLNJLHOFFHB88CB,學雅段,34.69,都市：住,100000,1182,持分移轉,00210000
RPOOMLNJLHOFFHB08CB,學雅段,.42,都市：住,100000,1163,持分移轉,00210002
RPVOMLNJLHOFFHB78CB,學雅段,5.24,都市：住,100000,1170,持分移轉,00210001
RPXNMLNJLHOFFHB88CB,學雅段,5.30,都市：住,100000,1182,持分移轉,00210001
RPVOMLNJLHOFFHB78CB,學雅段,.42,都市：住,100000,1170,持分移轉,00210002
RPXNMLNJLHOFFHB88CB,學雅段,.43,都市：住,100000,1182,持分移轉,00210002
RPSOMLNJLHOFFHB48CB,學雅段,34.34,都市：住,100000,1170,持分移轉,00210000
RPSOMLNJLHOFFHB48CB,學雅段,5.24,都市：住,100000,1170,持分移轉,00210001
RPSOMLNJLHOFFHB48CB,學雅段,.42,都市：住,100000,1170,持分移轉,00210002
RPWNMLNJLHOFFHB78CB,學雅段,34.31,都市：住,100000,1169,持分移轉,00210000
RPWNMLNJLHOFFHB78CB,學雅段,5.24,都市：住,100000,1169,持分移轉,00210001
RPWNMLNJLHOFFHB78CB,學雅段,.42,都市：住,100000,1169,持分移轉,00210002
RPROMLNJLHOFFHB38CB,學雅段,34.34,都市：住,100000,1170,持分移轉,00210000
RPROMLNJLHOFFHB38CB,學雅段,5.24,都市：住,100000,1170,持分移轉,00210001
RPROMLNJLHOFFHB38CB,學雅段,.42,都市：住,100000,1170,持分移轉,00210002
RPPQMLLMLHOFFBB87CB,太和段,28.04,都市：住,100000,1719,持分移轉,01920000
RPXPMLLMLHOFFBB58CB,太和段,28.04,都市：住,100000,1719,持分移轉,01920000
RPQQMLLMLHOFFBB97CB,太和段,28.04,都市：住,100000,1719,持分移轉,01920000
RPOQMLLMLHOFFBB77CB,太和段,28.04,都市：住,100000,1719,持分移轉,01920000
RPUQMLLMLHOFFBB38CB,太和段,19.71,都市：住,100000,1208,持分移轉,01920000
RPTQMLLMLHOFFBB28CB,太和段,19.87,都市：住,100000,1218,持分移轉,01920000
RPVQMLLMLHOFFBB48CB,太和段,19.87,都市：住,100000,1218,持分移轉,01920000
RPRQMLLMLHOFFBB08CB,太和段,22.33,都市：住,100000,1369,持分移轉,01920000
RPWQMLLMLHOFFBB58CB,太和段,19.87,都市：住,100000,1218,持分移轉,01920000
RPSQMLLMLHOFFBB18CB,太和段,17.80,都市：住,100000,1091,持分移轉,01920000
RPXQMLLMLHOFFBB68CB,太和段,19.72,都市：住,100000,1209,持分移轉,01920000
RPPRMLLMLHOFFBB97CB,太和段,19.87,都市：住,100000,1218,持分移轉,01920000
RPRRMLLMLHOFFBB18CB,太和段,19.87,都市：住,100000,1218,持分移轉,01920000
RPSRMLLMLHOFFBB28CB,太和段,19.58,都市：住,100000,1200,持分移轉,01920000
RPTRMLLMLHOFFBB38CB,太和段,19.58,都市：住,100000,1200,持分移轉,01920000
RPQRMLLMLHOFFBB08CB,太和段,19.87,都市：住,100000,1218,持分移轉,01920000
RPURMLLMLHOFFBB48CB,太和段,21.01,都市：住,100000,1288,持分移轉,01920000
RPORMLLMLHOFFBB87CB,太和段,19.87,都市：住,100000,1218,持分移轉,01920000
RPOSMLLMLHOFFBB97CB,太和段,22.61,都市：住,100000,1386,持分移轉,01920000
RPXRMLLMLHOFFBB78CB,太和段,22.61,都市：住,100000,1386,持分移轉,01920000
RPVRMLLMLHOFFBB58CB,太和段,22.61,都市：住,100000,1386,持分移轉,01920000
RPQSMLLMLHOFFBB18CB,太和段,22.61,都市：住,100000,1386,持分移轉,01920000
RPPSMLLMLHOFFBB08CB,太和段,22.45,都市：住,100000,1376,持分移轉,01920000
RPWRMLLMLHOFFBB68CB,太和段,22.61,都市：住,100000,1386,持分移轉,01920000
RPRSMLLMLHOFFBB28CB,太和段,22.61,都市：住,100000,1386,持分移轉,01920000
RPSSMLLMLHOFFBB38CB,太和段,22.38,都市：住,100000,1372,持分移轉,01920000
RPUSMLLMLHOFFBB58CB,太和段,23.38,都市：住,100000,1433,持分移轉,01920000
RPTSMLLMLHOFFBB48CB,太和段,22.38,都市：住,100000,1372,持分移轉,01920000
RPUTMLLMLHOFFBB68CB,太和段,22.35,都市：住,100000,1370,持分移轉,01920000
RPOTMLLMLHOFFBB08CB,太和段,28.04,都市：住,100000,1719,持分移轉,01920000
RPRTMLLMLHOFFBB38CB,太和段,28.04,都市：住,100000,1719,持分移轉,01920000
RPVSMLLMLHOFFBB68CB,太和段,28.04,都市：住,100000,1719,持分移轉,01920000
RPSTMLLMLHOFFBB48CB,太和段,28.04,都市：住,100000,1719,持分移轉,01920000
RPWSMLLMLHOFFBB78CB,太和段,28.04,都市：住,100000,1719,持分移轉,01920000
RPPTMLLMLHOFFBB18CB,太和段,28.04,都市：住,100000,1719,持分移轉,01920000
RPQTMLLMLHOFFBB28CB,太和段,28.04,都市：住,100000,1719,持分移轉,01920000
RPXSMLLMLHOFFBB88CB,太和段,28.04,都市：住,100000,1719,持分移轉,01920000
RPTTMLLMLHOFFBB58CB,太和段,28.04,都市：住,100000,1719,持分移轉,01920000
RPWTMLLMLHOFFBB88CB,太和段,19.87,都市：住,100000,1218,持分移轉,01920000
RPQUMLLMLHOFFBB38CB,太和段,19.87,都市：住,100000,1218,持分移轉,01920000
RPOUMLLMLHOFFBB18CB,太和段,19.87,都市：住,100000,1218,持分移轉,01920000
RPRUMLLMLHOFFBB48CB,太和段,19.87,都市：住,100000,1218,持分移轉,01920000
RPPUMLLMLHOFFBB28CB,太和段,19.87,都市：住,100000,1218,持分移轉,01920000
RPVTMLLMLHOFFBB78CB,太和段,17.80,都市：住,100000,1091,持分移轉,01920000
RPSUMLLMLHOFFBB58CB,太和段,19.87,都市：住,100000,1218,持分移轉,01920000
RPTUMLLMLHOFFBB68CB,太和段,19.87,都市：住,100000,1218,持分移轉,01920000
RPXTMLLMLHOFFBB98CB,太和段,19.87,都市：住,100000,1218,持分移轉,01920000
RPUUMLLMLHOFFBB78CB,太和段,19.87,都市：住,100000,1218,持分移轉,01920000
RPWUMLLMLHOFFBB98CB,太和段,19.58,都市：住,100000,1200,持分移轉,01920000
RPXUMLLMLHOFFBB09CB,太和段,21.00,都市：住,100000,1287,持分移轉,01920000
RPVUMLLMLHOFFBB88CB,太和段,19.58,都市：住,100000,1200,持分移轉,01920000
RPUNMLLJMHOFFHB48CB,大明段,37.17,都市：住,100000,2698,持分移轉,02320000
RPTNMLLJMHOFFHB38CB,大明段,37.17,都市：住,100000,2698,持分移轉,02320000
RPWNMLLJMHOFFHB68CB,大明段,37.17,都市：住,100000,2698,持分移轉,02320000
RPRNMLLJMHOFFHB18CB,大明段,37.17,都市：住,100000,2698,持分移轉,02320000
RPVNMLLJMHOFFHB58CB,大明段,37.17,都市：住,100000,2698,持分移轉,02320000
RPXNMLLJMHOFFHB78CB,大明段,37.31,都市：住,100000,2708,持分移轉,02320000
RPQOMLLJMHOFFHB18CB,大明段,37.31,都市：住,100000,2708,持分移轉,02320000
RPROMLLJMHOFFHB28CB,大明段,37.17,都市：住,100000,2698,持分移轉,02320000
RPSOMLLJMHOFFHB38CB,大明段,19.80,都市：住,100000,1437,持分移轉,02320000
RPTOMLLJMHOFFHB48CB,大明段,37.17,都市：住,100000,2698,持分移轉,02320000
RPXOMLLJMHOFFHB88CB,大明段,40.09,都市：住,100000,2910,持分移轉,02320000
RPUOMLLJMHOFFHB58CB,大明段,40.09,都市：住,100000,2910,持分移轉,02320000
RPWOMLLJMHOFFHB78CB,大明段,40.09,都市：住,100000,2910,持分移轉,02320000
RPOPMLLJMHOFFHB08CB,大明段,40.09,都市：住,100000,2910,持分移轉,02320000
RPRPMLLJMHOFFHB38CB,大明段,40.09,都市：住,100000,2910,持分移轉,02320000
RPSPMLLJMHOFFHB48CB,大明段,40.09,都市：住,100000,2910,持分移轉,02320000
RPUPMLLJMHOFFHB68CB,大明段,40.09,都市：住,100000,2910,持分移轉,02320000
RPTPMLLJMHOFFHB58CB,大明段,40.09,都市：住,100000,2910,持分移轉,02320000
RPVPMLLJMHOFFHB78CB,大明段,40.09,都市：住,100000,2910,持分移轉,02320000
RPWPMLLJMHOFFHB88CB,大明段,40.09,都市：住,100000,2910,持分移轉,02320000
RPQQMLLJMHOFFHB38CB,大明段,39.61,都市：住,100000,2875,持分移轉,02320000
RPXPMLLJMHOFFHB98CB,大明段,39.61,都市：住,100000,2875,持分移轉,02320000
RPRQMLLJMHOFFHB48CB,大明段,39.61,都市：住,100000,2875,持分移轉,02320000
RPPQMLLJMHOFFHB28CB,大明段,39.61,都市：住,100000,2875,持分移轉,02320000
RPSQMLLJMHOFFHB58CB,大明段,39.61,都市：住,100000,2875,持分移轉,02320000
RPTQMLLJMHOFFHB68CB,大明段,39.61,都市：住,100000,2875,持分移轉,02320000
RPUQMLLJMHOFFHB78CB,大明段,39.61,都市：住,100000,2875,持分移轉,02320000
RPXQMLLJMHOFFHB09CB,大明段,39.61,都市：住,100000,2875,持分移轉,02320000
RPWQMLLJMHOFFHB98CB,大明段,39.61,都市：住,100000,2875,持分移轉,02320000
RPQRMLLJMHOFFHB48CB,大明段,65.86,都市：住,100000,4780,持分移轉,02320000
RPUOMLMJMHOFFBB08CB,太和段,22.61,都市：住,100000,1386,持分移轉,01920000
RPVQMLLJMHOFFHB88CB,大明段,39.75,都市：住,100000,2885,持分移轉,02320000
RPVOMLMJMHOFFBB18CB,太和段,22.61,都市：住,100000,1386,持分移轉,01920000
RPORMLLJMHOFFHB28CB,大明段,39.75,都市：住,100000,2885,持分移轉,02320000
RPPRMLLJMHOFFHB38CB,大明段,42.96,都市：住,100000,3118,持分移轉,02320000
RPSNMLNJMHOFFHB48CB,大明段,40.09,都市：住,100000,2910,持分移轉,02320000
RPUNMLNJMHOFFHB68CB,大明段,37.31,都市：住,100000,2708,持分移轉,02320000
RPQNMLPLMHOFFHB68CB,學雅段,30.29,都市：住,100000,1032,持分移轉,00210000
RPQNMLPLMHOFFHB68CB,學雅段,4.63,都市：住,100000,1032,持分移轉,00210001
RPQNMLPLMHOFFHB68CB,學雅段,.37,都市：住,100000,1032,持分移轉,00210002
RPPNMLPLMHOFFBB97CB,軍福段,9.27,都市：商,10000,66,持分移轉,00960000
RPSOMLQLMHOFFBB48CB,軍福段,9.27,都市：商,10000,66,持分移轉,00960000
RPQPMLQLMHOFFBB38CB,軍福段,9.27,都市：商,10000,66,持分移轉,00960000
RPTOMLMJNHOFFFB48CB,梧棲段,.09,都市：商,10000,66,持分移轉,28440000
RPVOMLMJNHOFFFB68CB,梧棲段,.09,都市：商,10000,66,持分移轉,28440000
RPUOMLMJNHOFFFB58CB,梧棲段,.09,都市：商,10000,66,持分移轉,28440000
RPWOMLMJNHOFFFB78CB,梧棲段,.09,都市：商,10000,66,持分移轉,28440000
RPSOMLMJNHOFFFB38CB,梧棲段,.09,都市：商,10000,66,持分移轉,28440000
RPOPMLMJNHOFFFB08CB,梧棲段,.09,都市：商,10000,66,持分移轉,28440000
RPXOMLMJNHOFFFB88CB,梧棲段,.09,都市：商,10000,66,持分移轉,28440000
RPPPMLMJNHOFFFB18CB,梧棲段,.09,都市：商,10000,66,持分移轉,28440000
RPQPMLMJNHOFFFB28CB,梧棲段,.09,都市：商,10000,66,持分移轉,28440000
RPTPMLMJNHOFFFB58CB,梧棲段,.09,都市：商,10000,66,持分移轉,28440000
RPRPMLMJNHOFFFB38CB,梧棲段,.09,都市：商,10000,66,持分移轉,28440000
RPVPMLMJNHOFFFB78CB,梧棲段,.09,都市：商,10000,66,持分移轉,28440000
RPWPMLMJNHOFFFB88CB,梧棲段,.09,都市：商,10000,66,持分移轉,28440000
RPOQMLMJNHOFFFB18CB,梧棲段,.12,都市：商,10000,78,持分移轉,28440000
RPVQMLMJNHOFFFB88CB,梧棲段,.12,都市：商,10000,78,持分移轉,28440000
RPQQMLMJNHOFFFB38CB,梧棲段,.12,都市：商,10000,78,持分移轉,28440000
RPXQMLMJNHOFFFB09CB,梧棲段,.12,都市：商,10000,78,持分移轉,28440000
RPSQMLMJNHOFFFB58CB,梧棲段,.12,都市：商,10000,78,持分移轉,28440000
RPPRMLMJNHOFFFB38CB,梧棲段,.12,都市：商,10000,78,持分移轉,28440000
RPSRMLMJNHOFFFB68CB,梧棲段,.12,都市：商,10000,78,持分移轉,28440000
RPTRMLMJNHOFFFB78CB,梧棲段,.12,都市：商,10000,78,持分移轉,28440000
RPURMLMJNHOFFFB88CB,梧棲段,.12,都市：商,10000,78,持分移轉,28440000
RPVRMLMJNHOFFFB98CB,梧棲段,.12,都市：商,10000,78,持分移轉,28440000
RPPSMLMJNHOFFFB48CB,梧棲段,.06,都市：商,10000,54,持分移轉,28440000
RPUSMLMJNHOFFFB98CB,梧棲段,.06,都市：商,10000,54,持分移轉,28440000
RPRSMLMJNHOFFFB68CB,梧棲段,.06,都市：商,10000,54,持分移轉,28440000
RPWSMLMJNHOFFFB56CB,梧棲段,.06,都市：商,10000,54,持分移轉,28440000
RPTNMLNJNHOFFFB48CB,梧棲段,.06,都市：商,10000,54,持分移轉,28440000
RPOOMLNJNHOFFFB08CB,梧棲段,.06,都市：商,10000,54,持分移轉,28440000
RPPOMLNJNHOFFFB18CB,梧棲段,.06,都市：商,10000,54,持分移轉,28440000
RPQOMLNJNHOFFFB28CB,梧棲段,.06,都市：商,10000,54,持分移轉,28440000
RPTSMLMJNHOFFFB88CB,梧棲段,.06,都市：商,10000,54,持分移轉,28440000
RPROMLNJNHOFFFB38CB,梧棲段,.11,都市：商,10000,75,持分移轉,28440000
RPSOMLNJNHOFFFB48CB,梧棲段,.11,都市：商,10000,75,持分移轉,28440000
RPTOMLNJNHOFFFB58CB,梧棲段,.11,都市：商,10000,75,持分移轉,28440000
RPVOMLNJNHOFFFB78CB,梧棲段,.11,都市：商,10000,75,持分移轉,28440000
RPWOMLNJNHOFFFB88CB,梧棲段,.11,都市：商,10000,75,持分移轉,28440000
RPOPMLNJNHOFFFB18CB,梧棲段,.11,都市：商,10000,75,持分移轉,28440000
RPVPMLNJNHOFFFB88CB,梧棲段,.11,都市：商,10000,75,持分移轉,28440000
RPPPMLNJNHOFFFB28CB,梧棲段,.11,都市：商,10000,75,持分移轉,28440000
RPXPMLNJNHOFFFB09CB,梧棲段,.11,都市：商,10000,75,持分移轉,28440000
RPPQMLNJNHOFFFB38CB,梧棲段,.11,都市：商,10000,75,持分移轉,28440000
RPOQMLNJNHOFFFB28CB,梧棲段,.11,都市：商,10000,75,持分移轉,28440000
RPRQMLNJNHOFFFB58CB,梧棲段,.11,都市：商,10000,75,持分移轉,28440000
RPSQMLNJNHOFFFB68CB,梧棲段,.11,都市：商,10000,75,持分移轉,28440000
RPTQMLNJNHOFFFB78CB,梧棲段,.16,都市：商,10000,89,持分移轉,28440000
RPUQMLNJNHOFFFB88CB,梧棲段,.16,都市：商,10000,89,持分移轉,28440000
RPXQMLNJNHOFFFB56CB,梧棲段,.16,都市：商,10000,89,持分移轉,28440000
RPRRMLNJNHOFFFB68CB,梧棲段,.16,都市：商,10000,89,持分移轉,28440000
RPORMLNJNHOFFFB38CB,梧棲段,.16,都市：商,10000,89,持分移轉,28440000
RPVQMLNJNHOFFFB98CB,梧棲段,.16,都市：商,10000,89,持分移轉,28440000
RPPRMLNJNHOFFFB48CB,梧棲段,.16,都市：商,10000,89,持分移轉,28440000
RPVRMLNJNHOFFFB09CB,梧棲段,.11,都市：商,10000,75,持分移轉,28440000
RPSRMLNJNHOFFFB78CB,梧棲段,.16,都市：商,10000,89,持分移轉,28440000
RPURMLNJNHOFFFB98CB,梧棲段,.16,都市：商,10000,89,持分移轉,28440000
RPWRMLNJNHOFFFB56CB,梧棲段,.16,都市：商,10000,90,持分移轉,28440000
RPXRMLNJNHOFFFB66CB,梧棲段,.16,都市：商,10000,90,持分移轉,28440000
RPPSMLNJNHOFFFB58CB,梧棲段,.11,都市：商,10000,75,持分移轉,28440000
RPOSMLNJNHOFFFB48CB,梧棲段,.11,都市：商,10000,75,持分移轉,28440000
RPPOMLQJNHOFFFB48CB,梧棲段,.11,都市：商,10000,75,持分移轉,28440000
RPROMLQJNHOFFFB68CB,梧棲段,.11,都市：商,10000,75,持分移轉,28440000
RPSOMLQJNHOFFFB78CB,梧棲段,.11,都市：商,10000,75,持分移轉,28440000
RPTOMLQJNHOFFFB88CB,梧棲段,.11,都市：商,10000,75,持分移轉,28440000
RPQOMLQJNHOFFFB58CB,梧棲段,.11,都市：商,10000,75,持分移轉,28440000
RPVOMLQJNHOFFFB09CB,梧棲段,.11,都市：商,10000,75,持分移轉,28440000
RPWOMLQJNHOFFFB56CB,梧棲段,.11,都市：商,10000,75,持分移轉,28440000
RPXOMLQJNHOFFFB66CB,梧棲段,.11,都市：商,10000,75,持分移轉,28440000
RPOPMLQJNHOFFFB48CB,梧棲段,.11,都市：商,10000,75,持分移轉,28440000
RPQPMLQJNHOFFFB68CB,梧棲段,.11,都市：商,10000,75,持分移轉,28440000
RPOQMLQJNHOFFFB58CB,梧棲段,.12,都市：商,10000,76,持分移轉,28440000
RPUPMLQJNHOFFFB09CB,梧棲段,.11,都市：商,10000,75,持分移轉,28440000
RPVPMLQJNHOFFFB56CB,梧棲段,.11,都市：商,10000,75,持分移轉,28440000
RPRPMLQJNHOFFFB78CB,梧棲段,.11,都市：商,10000,75,持分移轉,28440000
RPPPMLQJNHOFFFB58CB,梧棲段,.11,都市：商,10000,75,持分移轉,28440000
RPSPMLQJNHOFFFB88CB,梧棲段,.12,都市：商,10000,76,持分移轉,28440000
RPXPMLQJNHOFFFB76CB,梧棲段,.12,都市：商,10000,76,持分移轉,28440000
RPSNMLRJNHOFFFB78CB,梧棲段,.11,都市：商,10000,75,持分移轉,28440000
RPTNMLRJNHOFFFB88CB,梧棲段,.11,都市：商,10000,75,持分移轉,28440000
RPUNMLSJNHOFFFB09CB,梧棲段,.11,都市：商,10000,75,持分移轉,28440000
RPWNMLSJNHOFFFB66CB,梧棲段,.11,都市：商,10000,75,持分移轉,28440000
RPPOMLSJNHOFFFB68CB,梧棲段,.05,都市：商,10000,49,持分移轉,28440000
RPROMLSJNHOFFFB88CB,梧棲段,.05,都市：商,10000,49,持分移轉,28440000
RPVNMLSJNHOFFFB56CB,梧棲段,.11,都市：商,10000,75,持分移轉,28440000
RPOOMLSJNHOFFFB58CB,梧棲段,.05,都市：商,10000,49,持分移轉,28440000
RPQOMLSJNHOFFFB78CB,梧棲段,.05,都市：商,10000,49,持分移轉,28440000
RPSOMLSJNHOFFFB98CB,梧棲段,.05,都市：商,10000,49,持分移轉,28440000
RPXNMLSJNHOFFFB76CB,梧棲段,.05,都市：商,10000,49,持分移轉,28440000
RPUOMLSJNHOFFFB56CB,梧棲段,.05,都市：商,10000,49,持分移轉,28440000
RPVOMLSJNHOFFFB66CB,梧棲段,.05,都市：商,10000,49,持分移轉,28440000
RPOPMLSJNHOFFFB68CB,梧棲段,.05,都市：商,10000,49,持分移轉,28440000
RPWOMLSJNHOFFFB76CB,梧棲段,.05,都市：商,10000,49,持分移轉,28440000
RPXOMLSJNHOFFFB86CB,梧棲段,.05,都市：商,10000,49,持分移轉,28440000
RPRPMLSJNHOFFFB98CB,梧棲段,.05,都市：商,10000,49,持分移轉,28440000
RPPPMLSJNHOFFFB78CB,梧棲段,.05,都市：商,10000,49,持分移轉,28440000
RPQPMLSJNHOFFFB88CB,梧棲段,.05,都市：商,10000,49,持分移轉,28440000
RPSPMLSJNHOFFFB09CB,梧棲段,.10,都市：商,10000,72,持分移轉,28440000
RPUPMLSJNHOFFFB66CB,梧棲段,.10,都市：商,10000,72,持分移轉,28440000
RPXPMLSJNHOFFFB96CB,梧棲段,.10,都市：商,10000,72,持分移轉,28440000
RPWPMLSJNHOFFFB86CB,梧棲段,.10,都市：商,10000,72,持分移轉,28440000
RPOQMLSJNHOFFFB78CB,梧棲段,.10,都市：商,10000,72,持分移轉,28440000
RPPQMLSJNHOFFFB88CB,梧棲段,.10,都市：商,10000,72,持分移轉,28440000
RPSQMLSJNHOFFFB56CB,梧棲段,.10,都市：商,10000,72,持分移轉,28440000
RPVQMLSJNHOFFFB86CB,梧棲段,.10,都市：商,10000,72,持分移轉,28440000
RPTQMLSJNHOFFFB66CB,梧棲段,.10,都市：商,10000,72,持分移轉,28440000
RPUQMLSJNHOFFFB76CB,梧棲段,.10,都市：商,10000,72,持分移轉,28440000
RPWQMLSJNHOFFFB96CB,梧棲段,.10,都市：商,10000,72,持分移轉,28440000
RPXQMLSJNHOFFFB07CB,梧棲段,.10,都市：商,10000,72,持分移轉,28440000
RPORMLSJNHOFFFB88CB,梧棲段,.10,都市：商,10000,72,持分移轉,28440000
RPVRMLSJNHOFFFB96CB,梧棲段,.06,都市：商,10000,55,持分移轉,28440000
RPRRMLSJNHOFFFB56CB,梧棲段,.06,都市：商,10000,55,持分移轉,28440000
RPURMLSJNHOFFFB86CB,梧棲段,.06,都市：商,10000,55,持分移轉,28440000
RPOSMLSJNHOFFFB98CB,梧棲段,.06,都市：商,10000,55,持分移轉,28440000
RPPSMLSJNHOFFFB09CB,梧棲段,.06,都市：商,10000,55,持分移轉,28440000
RPSRMLSJNHOFFFB66CB,梧棲段,.06,都市：商,10000,55,持分移轉,28440000
RPRSMLSJNHOFFFB66CB,梧棲段,.06,都市：商,10000,55,持分移轉,28440000
RPPRMLSJNHOFFFB98CB,梧棲段,.10,都市：商,10000,72,持分移轉,28440000
RPQRMLSJNHOFFFB09CB,梧棲段,.06,都市：商,10000,55,持分移轉,28440000
RPXRMLSJNHOFFFB17CB,梧棲段,.06,都市：商,10000,55,持分移轉,28440000
RPVSMLSJNHOFFFB07CB,梧棲段,.06,都市：商,10000,55,持分移轉,28440000
RPSSMLSJNHOFFFB76CB,梧棲段,.06,都市：商,10000,55,持分移轉,28440000
RPOTMLSJNHOFFFB09CB,梧棲段,.11,都市：商,10000,75,持分移轉,28440000
RPUSMLSJNHOFFFB96CB,梧棲段,.06,都市：商,10000,55,持分移轉,28440000
RPXSMLSJNHOFFFB27CB,梧棲段,.12,都市：商,10000,78,持分移轉,28440000
RPWSMLSJNHOFFFB17CB,梧棲段,.06,都市：商,10000,55,持分移轉,28440000
RPRTMLSJNHOFFFB76CB,梧棲段,.11,都市：商,10000,75,持分移轉,28440000
RPPTMLSJNHOFFFB56CB,梧棲段,.16,都市：商,10000,89,持分移轉,28440000
RPSTMLSJNHOFFFB86CB,梧棲段,.11,都市：商,10000,75,持分移轉,28440000
RPQTMLSJNHOFFFB66CB,梧棲段,.16,都市：商,10000,89,持分移轉,28440000
RPTTMLSJNHOFFFB96CB,梧棲段,.12,都市：商,10000,76,持分移轉,28440000
RPXNMLTJNHOFFFB86CB,梧棲段,.09,都市：商,10000,66,持分移轉,28440000
RPOOMLTJNHOFFFB68CB,梧棲段,.12,都市：商,10000,78,持分移轉,28440000
RPPOMLTJNHOFFFB78CB,梧棲段,.12,都市：商,10000,78,持分移轉,28440000
RPSOMLTJNHOFFFB09CB,梧棲段,.06,都市：商,10000,54,持分移轉,28440000
RPQOMLTJNHOFFFB88CB,梧棲段,.12,都市：商,10000,78,持分移轉,28440000
RPROMLTJNHOFFFB98CB,梧棲段,.06,都市：商,10000,54,持分移轉,28440000
RPVOMLTJNHOFFFB76CB,梧棲段,.06,都市：商,10000,54,持分移轉,28440000
RPTOMLTJNHOFFFB56CB,梧棲段,.06,都市：商,10000,54,持分移轉,28440000
RPWOMLTJNHOFFFB86CB,梧棲段,.16,都市：商,10000,89,持分移轉,28440000
RPOPMLTJNHOFFFB78CB,梧棲段,.17,都市：商,10000,91,持分移轉,28440000
RPXOMLTJNHOFFFB96CB,梧棲段,.06,都市：商,10000,54,持分移轉,28440000
RPSPMLTJNHOFFFB56CB,梧棲段,.16,都市：商,10000,90,持分移轉,28440000
RPQPMLTJNHOFFFB98CB,梧棲段,.17,都市：商,10000,91,持分移轉,28440000
RPRPMLTJNHOFFFB09CB,梧棲段,.17,都市：商,10000,91,持分移轉,28440000
