﻿編號,土地位置,土地移轉面積平方公尺,使用分區或編定,權利人持分分母,權利人持分分子,移轉情形,地號
The serial number, land position,land shifting area square meter,the use zoning or compiles and checks,,,,land parcel
RPQOMLLKKHOFFCD87CC,新興段,142.00,都市：住,,,,02180016
RPQPMLLKKHOFFCD97CC,光華段,177.00,都市：住,,,,00140001
RPQPMLLKKHOFFCD97CC,光華段,102.00,都市：住,,,,00150002
RPWNMLLKKHOFFGD88DC,仁得段,695.54,都市：住,,,,05380000
RPOOMLOKKHOFFKD78CC,永華段,.00,都市：住,,,,09210000
RPVNMLOKKHOFFID56CC,勝利段,662.00,非都市：特定農業區 ; 非都市編定：農牧用地,,,,08370000
RPUNMLOKKHOFFID09CC,勝利段,662.00,非都市：特定農業區 ; 非都市編定：農牧用地,,,,08370000
RPUNMLOKKHOFFCD48CC,竹篙厝段,.00,都市：住,,,,19430000
RPQNMLNKKHOFFBD87CC,安東段,.00,,,,,12450000
RPUNMLPKKHOFFCD58CC,裕東段,.00,都市：住,,,,00280014
RPQOMLPKKHOFFCD28CC,富裕段,.00,都市：住,,,,04040000
RPROMLPKKHOFFCD38CC,東光段,.00,都市：住,,,,03170019
RPROMLPKKHOFFCD38CC,東光段,.00,都市：住,,,,03170032
RPPOMLPKKHOFFID78CC,南勢園段,.00,都市：住,,,,02950000
RPPOMLPKKHOFFID78CC,南勢園段,.00,都市：住,,,,02960000
RPQNMLSKKHOFFBD38CC,本淵段,400.00,都市：農,,,,00510000
RPPNMLSKKHOFFHD88CC,南小新段,96.57,都市：住,,,,08540000
RPPNMLSKKHOFFHD88CC,南小新段,12.49,都市：住,,,,08540000
RPQNMLSKKHOFFHD98CC,大榮段,73.74,都市：住,,,,09940000
RPVNMLSKKHOFFKD17CC,頂西段,.00,,,,,00380000
RPOOMLSKKHOFFKD56CC,鹽北段,.00,都市：工,,,,10940000
RPVOMLLKKHOFFAD18CC,武聖段,788.96,都市：住,,,,05270000
RPOOMLSKKHOFFAD18CC,漁光段,.00,,,,,08690000
RPWQMLPKKHOFFAD88CC,新南段,.00,,,,,00390007
RPVNMLPKKHOFFAD48CC,永華段,.00,都市：商,,,,01980000
RPWOMLLKKHOFFAD28CC,金華段,1322.00,都市：住,,,,01400000
RPTQMLPKKHOFFAD58CC,郡王祠段,.00,都市：商,,,,00670000
RPTQMLPKKHOFFAD58CC,郡王祠段,.00,都市：商,,,,00680000
RPXQMLPKKHOFFAD98CC,郡王祠段,.00,都市：商,,,,00670000
RPXQMLPKKHOFFAD98CC,郡王祠段,.00,都市：商,,,,00680000
RPSOMLNKKHOFFAD08CC,正興段,.00,都市：住,,,,10210006
RPUQMLPKKHOFFAD68CC,郡王祠段,.00,都市：商,,,,00670000
RPUQMLPKKHOFFAD68CC,郡王祠段,.00,都市：商,,,,00680000
RPQQMLPKKHOFFAD28CC,北安段,.00,都市：住,,,,00560094
RPPNMLSKKHOFFCD38CC,德高段,123.00,都市：住,,,,00780006
RPWPMLSKKHOFFAD09CC,北元段,.00,都市：商,,,,09160000
RPUOMLTKKHOFFCD09CC,東寧段,46.77,都市：住,,,,04570000
RPWNMLTKKHOFFCD56CC,府連段,406.63,都市：住,,,,02220000
RPRNMLSKKHOFFCD58CC,東光段,.00,都市：商,,,,01100012
RPQNMLSKKHOFFCD48CC,東光段,.00,都市：商,,,,01100012
RPRNMLTKKHOFFAD48CC,立人段,.00,都市：住,,,,11280000
RPTNMLTKKHOFFAD68CC,正興段,.00,,,,,10420001
RPPNMLTKKHOFFKD66CC,兵南段,.00,,,,,05450000
RPTNMLTKKHOFFKD07CC,橋北段,.00,都市：住,,,,00520000
RPOOMLTKKHOFFBD38CC,本淵段,400.00,都市：農,,,,00510000
RPWNMLTKKHOFFAD98CC,正覺段,.00,都市：住,,,,01030000
RPWNMLTKKHOFFAD98CC,正覺段,.00,都市：住,,,,01790000
RPWNMLTKKHOFFAD98CC,正覺段,.00,都市：住,,,,01800000
RPWNMLTKKHOFFAD98CC,正覺段,.00,都市：住,,,,02910000
RPXNMLTKKHOFFAD09CC,北元段,108.16,都市：住,,,,03100014
RPQOMLKLKHOFFHD38CC,光華段,100.00,都市：住,,,,08920001
RPPOMLKLKHOFFHD28CC,光華段,100.00,都市：住,,,,08920001
RPOOMLKLKHOFFHD18CC,光華段,15.43,都市：住,,,,13160000
RPWNMLKLKHOFFKD56CC,永興段,163.49,都市：住,,,,01470005
RPUPMLKLKHOFFCD38CC,光明段,.00,都市：住,,,,05810000
RPVPMLKLKHOFFCD48CC,光明段,.00,都市：住,,,,05810000
RPPOMLLLKHOFFCD87CC,鹽埕段,.00,,,,,02570127
RPSPMLKLKHOFFCD18CC,虎尾寮段,.00,都市：住,,,,04930028
RPWNMLLLKHOFFAD28CC,金華段,.00,,,,,00540026
RPVNMLLLKHOFFAD18CC,新南段,.00,,,,,00970025
RPXPMLKLKHOFFCD68CC,鹽埕段,301.00,都市：住,,,,24870000
RPROMLLLKHOFFAD87CC,北安段,.00,都市：住,,,,00500036
RPSOMLLLKHOFFAD97CC,銀同段,.00,都市：商,,,,08660000
RPUNMLMLKHOFFKD56CC,南新段,.00,,,,,09510000
RPSOMLLLKHOFFKD98CC,自強段,.00,都市：住,,,,04020000
RPTNMLMLKHOFFKD09CC,南工段,.00,都市：住,,,,00010000
RPUOMLMLKHOFFBD38CC,海中段,410.16,都市：住,,,,00030000
RPVOMLMLKHOFFID56CC,崁腳北段,.00,,,,,04480000
RPPPMLMLKHOFFAD87CC,赤崁段,.00,,,,,02950000
RPUOMLMLKHOFFAD28CC,南門段,.00,,,,,14880000
RPWPMLMLKHOFFAD58CC,立人段,.00,都市：商,,,,03400000
RPUPMLMLKHOFFAD38CC,立人段,.00,都市：住,,,,00650004
RPUPMLMLKHOFFAD38CC,立人段,.00,都市：商,,,,01040000
RPROMLMLKHOFFDD28CC,民權段,.00,都市：商,,,,05990000
RPXPMLMLKHOFFAD68CC,開元段,.00,都市：商,,,,05970000
RPXPMLMLKHOFFAD68CC,開元段,.00,都市：住,,,,06180000
RPWNMLMLKHOFFCD58CC,鹽埕段,.00,,,,,26170000
RPWNMLMLKHOFFCD58CC,鹽埕段,.00,,,,,26170003
RPWNMLMLKHOFFCD58CC,鹽埕段,.00,,,,,26180000
RPRRMLMLKHOFFAD28CC,武聖段,11.34,都市：住,,,,23250000
RPPQMLMLKHOFFAD97CC,金城段,.00,都市：住,,,,00630000
RPTOMLNLKHOFFAD28CC,立人段,4.35,都市：住,,,,00650003
RPUOMLNLKHOFFAD38CC,立人段,4.35,都市：住,,,,00650003
RPOOMLPLKHOFFAD97CC,中正段,3.14,都市：商,,,,08080000
RPOOMLPLKHOFFAD97CC,中正段,3.14,都市：商,,,,08090000
RPOOMLPLKHOFFAD97CC,中正段,6.06,都市：商,,,,08100000
RPROMLPLKHOFFCD48CC,東光段,.00,都市：住,,,,60030023
RPROMLPLKHOFFCD48CC,東光段,.00,都市：住,,,,60050004
RPROMLPLKHOFFCD48CC,東光段,.00,都市：其他:道路用地,,,,60030032
RPTOMLQLKHOFFCD78CC,鹽埕段,.00,都市：住,,,,01760119
RPXOMLQLKHOFFCD56CC,府東段,.00,都市：住,,,,08710000
RPWNMLQLKHOFFAD78CC,銀同段,.00,都市：商,,,,04650000
RPWNMLQLKHOFFAD78CC,銀同段,.00,都市：商,,,,04660000
RPTNMLQLKHOFFBD58CC,新順段,.00,都市：住,,,,11620006
RPSOMLQLKHOFFID66CC,太子段,.00,都市：工,,,,09010029
RPVNMLRLKHOFFKD17CC,大灣段,77.00,都市：農,,,,39110003
RPOOMLQLKHOFFKD09CC,橋北段,.00,都市：住,,,,00690028
RPXNMLQLKHOFFKD27CC,鹽中段,.00,都市：住,,,,06290000
RPXNMLRLKHOFFKD37CC,永和段,11.83,都市：住,,,,06760000
RPOOMLRLKHOFFKD56CC,永興段,44.36,都市：住,,,,00130000
RPQOMLRLKHOFFKD76CC,鹽新段,.00,都市：住,,,,11680000
RPPQMLRLKHOFFAD48CC,郡王祠段,.00,都市：商,,,,00670000
RPPQMLRLKHOFFAD48CC,郡王祠段,.00,都市：商,,,,00680000
RPOQMLRLKHOFFAD38CC,郡王祠段,.00,都市：商,,,,00670000
RPVOMLQLKHOFFCD98CC,竹篙厝段,155.00,都市：住,,,,20990002
RPOQMLRLKHOFFAD38CC,郡王祠段,.00,都市：商,,,,00680000
RPRQMLRLKHOFFAD68CC,東興段,.00,都市：住,,,,02520005
RPOOMLRLKHOFFCD38CC,東光段,.00,都市：商,,,,00510008
RPPNMLLJLHOFFAD47CC,金華段,93.00,都市：住,,,,00240008
RPPNMLLJLHOFFKD48CC,橋北段,94.40,都市：住,,,,00090000
RPQNMLLJLHOFFBD67CC,和館段,132.68,都市：住,,,,00940186
RPQNMLLJLHOFFBD67CC,和館段,.24,都市：住,,,,00940210
RPQNMLMJLHOFFKD68CC,成功段,88.99,都市：住,,,,02320000
RPQNMLLJLHOFFBD67CC,和館段,9.55,都市：住,,,,00940211
RPQNMLLJLHOFFBD67CC,和館段,2.19,都市：住,,,,00940236
RPPNMLMJLHOFFKD58CC,兵南段,6.03,都市：住,,,,05840000
RPSNMLOJLHOFFAD08CC,萬昌段,278.22,都市：商,,,,01400000
RPTNMLLJLHOFFAD87CC,開元段,11.37,都市：商,,,,05970000
RPTNMLLJLHOFFAD87CC,開元段,.54,都市：住,,,,06180000
RPTNMLLJLHOFFAD87CC,開元段,.04,都市：住,,,,03610025
RPROMLOJLHOFFCD38DC,正義段,.00,都市：住,,,,04900000
RPSOMLQJLHOFFCD58CC,東光段,.00,都市：商,,,,00510008
RPTNMLOJLHOFFAD18CC,立人段,7.50,都市：住,,,,00650004
RPTNMLOJLHOFFAD18CC,立人段,.98,都市：商,,,,01040000
RPQOMLRJLHOFFCD48CC,公英段,.00,都市：住,,,,02240000
RPPOMLRJLHOFFCD38CC,富裕段,.00,都市：住,,,,09730000
RPQNMLRJLHOFFAD18CC,頂美段,.00,都市：住,,,,08390000
RPTNMLRJLHOFFAD48CC,星鑽段,63.84,都市：住,,,,03920000
RPTNMLRJLHOFFAD48CC,星鑽段,9.29,都市：住,,,,03930000
RPTNMLRJLHOFFAD48CC,星鑽段,25.88,都市：住,,,,03940000
RPQOMLRJLHOFFAD28CC,環河段,.00,都市：住,,,,01820000
RPQOMLRJLHOFFAD28CC,環河段,.00,都市：住,,,,01980000
RPROMLQJLHOFFHD98CC,光文段,122.19,,,,,03120000
RPROMLQJLHOFFHD98CC,光文段,120.43,,,,,03130000
RPQNMLPJLHOFFHD68CC,善新段,16.65,都市：住,,,,02750000
RPROMLRJLHOFFAD38CC,金華段,.00,都市：住,,,,01040004
RPQNMLPJLHOFFHD68CC,善新段,258.88,都市：住,,,,02750003
RPQNMLPJLHOFFHD68CC,善新段,11.65,都市：住,,,,02750001
RPQNMLPJLHOFFHD68CC,善新段,3.83,都市：住,,,,02750004
RPQNMLPJLHOFFHD68CC,善新段,.56,都市：住,,,,02750050
RPQNMLPJLHOFFHD68CC,營新段,47.23,都市：住,,,,00180000
RPSOMLRJLHOFFAD48CC,小北段,.00,都市：住,,,,11480013
RPWNMLRJLHOFFBD88CC,安中段,.00,都市：住,,,,02790000
RPUNMLSJLHOFFHD76CC,南港段,296.00,都市：工,,,,09500110
RPRQMLRJLHOFFKD96CC,成功段,.00,都市：商,,,,01190000
RPWNMLSJLHOFFKD27CC,保生段,.00,都市：住,,,,12330000
RPWNMLSJLHOFFCD09CC,鹽埕段,.00,都市：住,,,,30990107
RPOOMLSJLHOFFHD88CC,大成段,.00,都市：農,,,,09770000
RPXNMLSJLHOFFCD56CC,竹篙厝段,22.99,都市：住,,,,33420000
RPSOMLSJLHOFFCD78CC,龍泉段,.00,都市：商,,,,00080000
RPQNMLTJLHOFFKD76CC,六甲頂段,8.85,都市：住,,,,10910000
RPSOMLLKLHOFFCD18CC,公英段,.00,,,,,03890001
RPTNMLLKLHOFFAD97CC,南門段,.00,都市：住,,,,11600000
RPSNMLMKLHOFFAD97CC,富台段,.00,都市：住,,,,03890001
RPSNMLMKLHOFFAD97CC,富台段,.00,都市：住,,,,03900001
RPSNMLMKLHOFFHD68CC,南港段,93.47,,,,,02550000
RPQOMLMKLHOFFHD58CC,大洲段,59.00,非都市：鄉村區 ; 非都市編定：乙種建築用地,,,,02980158
RPQOMLMKLHOFFHD58CC,大洲段,21.65,非都市：鄉村區 ; 非都市編定：乙種建築用地,,,,02980164
RPQOMLMKLHOFFHD58CC,大洲段,1.67,非都市：鄉村區 ; 非都市編定：乙種建築用地,,,,02980181
RPOOMLMKLHOFFKD68CC,鹽行段,.00,都市：住,,,,14300057
RPPOMLMKLHOFFKD78CC,大灣段,.00,都市：住,,,,73820010
RPOOMLNKLHOFFAD87DC,正興段,.00,都市：住,,,,10890005
RPXNMLNKLHOFFKD96CC,六甲頂段,12.30,都市：住,,,,04090000
RPSOMLOKLHOFFBD38CC,新順段,10.78,都市：住,,,,10350019
RPTOMLNKLHOFFBD38CC,本淵段,605.00,都市：農,,,,00510000
RPTOMLOKLHOFFAD38CC,康祥段,.00,都市：住,,,,07290000
RPXNMLOKLHOFFAD68CC,保安段,.00,都市：商,,,,07310002
RPVOMLOKLHOFFAD58CC,立人段,.00,都市：住,,,,00650004
RPVOMLOKLHOFFAD58CC,立人段,.00,都市：商,,,,01040000
RPSNMLOKLHOFFCD38CC,泉南段,.00,都市：住,,,,06180000
RPSPMLOKLHOFFCD58CC,光華段,.00,都市：住,,,,09710001
RPWOMLPKLHOFFAD78CC,正興段,.00,,,,,10420001
RPTPMLPKLHOFFCD78CC,公英段,.00,,,,,04810000
RPSPMLPKLHOFFCD68CC,新興段,.00,,,,,02280053
RPTPMLPKLHOFFCD78CC,公英段,.00,,,,,04860000
RPTPMLPKLHOFFCD78CC,公英段,.00,,,,,04870000
RPQNMLRKLHOFFCD48CC,裕東段,138.68,都市：住,,,,06110000
RPSOMLSKLHOFFKD07CC,二王段,86.60,都市：住,,,,07980000
RPTNMLTKLHOFFKD17CC,六甲頂段,13.66,都市：住,,,,10910000
RPOOMLTKLHOFFKD76CC,南新段,.00,都市：住,,,,01300000
RPOOMLSKLHOFFKD66CC,六甲頂段,.00,都市：住,,,,10910000
RPWOMLTKLHOFFKD57CC,鹽埕段,.00,都市：住,,,,04700000
RPXNMLTKLHOFFBD66CC,溪頂段,.00,都市：住,,,,05610000
RPUNMLTKLHOFFAD88CC,漁光段,.00,,,,,08690000
RPQOMLTKLHOFFKD96CC,六合段,.00,都市：住,,,,08770035
RPSNMLKLLHOFFAD87CC,立人段,3.26,都市：住,,,,00650003
RPTNMLTKLHOFFGD86DC,佳里段,194.00,都市：住,,,,09960004
RPTNMLTKLHOFFGD86DC,佳里段,2.00,都市：住,,,,09960007
RPTNMLKLLHOFFCD18CC,新興段,.00,,,,,02400001
RPUNMLLLLHOFFCD38CC,竹篙厝段,.00,都市：住,,,,20350018
RPTNMLLLLHOFFCD28CC,富農段,.00,都市：住,,,,00480000
RPTNMLLLLHOFFCD28CC,富農段,.00,都市：住,,,,00480001
RPWNMLLLLHOFFCD58CC,竹篙厝段,.00,都市：住,,,,09780001
RPPOMLLLLHOFFCD97CC,竹篙厝段,.00,,,,,20560001
RPOPMLKLLHOFFAD67CC,金華段,.00,,,,,00540026
RPPQMLLLLHOFFAD97CC,華興段,.00,,,,,07500000
RPTQMLLLLHOFFAD38CC,環河段,.00,,,,,00530000
RPTQMLLLLHOFFAD38CC,環河段,.00,,,,,00540000
RPTQMLLLLHOFFAD38CC,環河段,.00,,,,,00550000
RPTNMLKLLHOFFAD97CC,立人段,7.25,都市：住,,,,00650003
RPVQMLLLLHOFFAD58CC,金華段,.00,,,,,00020006
RPUOMLMLLHOFFAD38CC,金城段,.00,都市：住,,,,00600000
RPUOMLMLLHOFFAD38CC,金城段,.00,都市：住,,,,00600013
RPUOMLMLLHOFFAD38CC,金城段,.00,都市：住,,,,00600014
RPUOMLMLLHOFFAD38CC,金城段,.00,都市：住,,,,00600015
RPUOMLMLLHOFFAD38CC,金城段,.00,都市：住,,,,00600016
RPUOMLMLLHOFFAD38CC,金城段,.00,都市：住,,,,00600017
RPOPMLMLLHOFFAD87CC,東豐段,.00,都市：住,,,,07170000
RPVNMLMLLHOFFCD58CC,鹽埕段,.00,,,,,04860003
RPQQMLMLLHOFFCD38CC,光明段,.08,都市：住,,,,03480000
RPPQMLMLLHOFFAD08CC,保西段,.00,,,,,00560000
RPQQMLMLLHOFFCD38CC,光明段,30.51,都市：住,,,,03480004
RPSQMLMLLHOFFCD58CC,新東段,.00,都市：住,,,,13120002
RPWQMLMLLHOFFCD98CC,竹篙厝段,.00,都市：住,,,,42980016
RPRSMLMLLHOFFCD68CC,鹽埕段,.00,都市：工,,,,28490000
RPPOMLMLLHOFFBD97CC,安西段,.00,都市：住,,,,19120173
RPWNMLMLLHOFFHD56CC,善成段,99.65,都市：住,,,,11860000
RPTOMLMLLHOFFBD38CC,安中段,101.42,都市：住,,,,02790000
RPVNMLMLLHOFFHD09CC,大榮段,14.67,都市：住,,,,07780000
RPSSMLMLLHOFFCD78CC,立德段,.00,,,,,00620000
RPVNMLMLLHOFFHD09CC,大榮段,.80,都市：住,,,,07790000
RPVNMLMLLHOFFHD09CC,大榮段,9.90,都市：住,,,,07800000
RPQOMLMLLHOFFKD98CC,六甲頂段,.00,都市：住,,,,08990000
RPSPMLMLLHOFFKD66CC,兵北段,.00,都市：住,,,,07880000
RPRNMLNLLHOFFDD38CC,三興段,25.58,都市：商,,,,12380000
RPRNMLNLLHOFFDD38CC,三興段,68.29,都市：商,,,,12390000
RPRNMLNLLHOFFDD38CC,三興段,119.86,都市：商,,,,12400000
RPSNMLNLLHOFFCD38CC,新都段,34.00,都市：商,,,,02300000
RPSNMLNLLHOFFCD38CC,新都段,34.00,都市：商,,,,02300001
RPXNMLPLLHOFFCD09CC,虎尾寮段,.00,,,,,03660090
RPWNMLPLLHOFFCD98CC,虎尾寮段,.00,,,,,03660090
RPSNMLPLLHOFFAD38CC,延平段,28.96,都市：住,,,,15170001
RPQNMLPLLHOFFDD48CC,民治段,27.51,都市：其他:市場用地,,,,06590000
RPQNMLPLLHOFFDD48CC,民治段,27.24,都市：其他:市場用地,,,,06600000
RPQNMLQLLHOFFAD28CC,永福段,178.38,都市：商,,,,01510000
RPWOMLQLLHOFFCD56CC,關帝段,1629.24,都市：商,,,,10500000
RPVNMLQLLHOFFHD86CC,南港段,116.80,,,,,01490000
RPQOMLRLLHOFFCD68CC,新興段,.00,都市：住,,,,02550011
RPROMLRLLHOFFCD78CC,東寧段,.00,都市：商,,,,01840000
RPROMLRLLHOFFCD78CC,東寧段,.00,都市：商,,,,01850000
RPTPMLRLLHOFFAD88CC,延平段,.00,都市：住,,,,16280000
RPTPMLRLLHOFFAD88CC,延平段,.00,都市：住,,,,16290000
RPQNMLRLLHOFFHD09CC,番子寮段,.00,非都市：鄉村區 ; 非都市編定：乙種建築用地,,,,06330014
RPWNMLSLLHOFFBD56CC,本淵段,400.00,都市：農,,,,00510000
RPUNMLSLLHOFFAD88CC,星鑽段,.00,都市：商,,,,21430000
RPVNMLSLLHOFFAD98CC,星鑽段,.00,都市：商,,,,21430000
RPPNMLSLLHOFFID56CC,媽祖廟段,.00,非都市：特定農業區 ; 非都市編定：甲種建築用地,,,,21180019
RPOQMLSLLHOFFAD58CC,五條港段,.00,都市：商,,,,18560000
RPWNMLSLLHOFFCD66CC,水交社段,.00,,,,,00510000
RPXNMLSLLHOFFCD76CC,竹篙厝段,.00,都市：商,,,,35050002
RPWNMLSLLHOFFGD17DC,佳里段,57.00,都市：商,,,,23150002
RPWNMLSLLHOFFGD17DC,佳里段,25.00,都市：商,,,,16830028
RPWNMLSLLHOFFGD17DC,佳里段,33.00,都市：商,,,,23120003
RPUNMLTLLHOFFCD56CC,竹篙厝段,17.14,都市：住,,,,15470000
RPWNMLSLLHOFFGD17DC,佳里段,14.00,都市：商,,,,23120017
RPUNMLTLLHOFFCD56CC,竹篙厝段,17.14,都市：住,,,,15480000
RPSOMLQLLHOFFKD96CC,中興段,1565.28,都市：住,,,,07620001
RPQNMLPLLHOFFKD56CC,六甲頂段,.00,,,,,04200003
RPTNMLSLLHOFFKD17CC,橋北段,105.22,都市：住,,,,00290030
RPROMLRLLHOFFKD96CC,兵南段,.00,都市：住,,,,05830000
RPSNMLRLLHOFFKD96CC,鹽埕段,.00,都市：住,,,,04700000
RPSNMLTLLHOFFAD78CC,北元段,.00,都市：住,,,,10180000
RPSNMLTLLHOFFAD78CC,北元段,.00,都市：住,,,,10180001
RPSNMLTLLHOFFAD78CC,北元段,.00,都市：住,,,,10200000
RPSNMLTLLHOFFAD78CC,北元段,.00,都市：住,,,,10210000
RPPRMLTLLHOFFAD88CC,新美段,86.63,都市：商,,,,11250000
RPUNMLTLLHOFFKD37CC,六甲頂段,25.44,都市：住,,,,04050000
RPURMLTLLHOFFAD76CC,上鯤鯓段,149.00,都市：住,,,,04210000
RPQNMLKMLHOFFID58CC,太乙段,22.26,都市：工,,,,02710001
RPQNMLKMLHOFFID58CC,太乙段,9.64,都市：工,,,,02720004
RPQNMLKMLHOFFID58CC,太乙段,1442.68,都市：工,,,,02770000
RPQNMLKMLHOFFID58CC,太乙段,27.67,都市：工,,,,03310001
RPROMLKMLHOFFCD18CC,水交社段,21.89,都市：住,,,,00220000
RPQNMLLJMHOFFCD87CC,新興段,103.00,都市：住,,,,02580047
RPQOMLLJMHOFFCD08DC,鹽埕段,159.00,都市：住,,,,03310037
RPPPMLLJMHOFFKD78CC,永信段,.00,,,,,02970000
RPSNMLLJMHOFFKD98DC,西勢段,100.00,都市：住,,,,14920026
RPSNMLMJMHOFFKD98CC,兵北段,.00,都市：住,,,,00100000
RPTNMLMJMHOFFKD09CC,六合段,.00,都市：住,,,,10730000
RPOOMLMJMHOFFID48CC,白崙段,.00,都市：商,,,,00890031
RPSNMLMJMHOFFAD97CC,保西段,155.17,都市：商,,,,02580000
RPUNMLMJMHOFFAD18CC,萬昌段,148.71,都市：商,,,,06700000
RPRNMLMJMHOFFHD58CC,南港段,116.80,,,,,01490000
RPVNMLMJMHOFFAD28CC,立人段,.00,都市：住,,,,00650003
RPQOMLMJMHOFFAD87CC,三民段,.00,,,,,02380000
RPWNMLNJMHOFFAD48CC,孔廟段,.00,都市：商,,,,01820000
RPQOMLMJMHOFFAD87CC,三民段,.00,,,,,02390000
RPWNMLNJMHOFFAD48CC,孔廟段,.00,都市：商,,,,01830000
RPQNMLQJMHOFFDD48CC,新電段,88.46,都市：住,,,,02450000
RPOOMLNJMHOFFAD77CC,星鑽段,.00,都市：商,,,,21080000
RPOOMLNJMHOFFAD77CC,星鑽段,.00,都市：商,,,,20750000
RPOOMLNJMHOFFAD77CC,星鑽段,.00,都市：商,,,,21110000
RPRNMLQJMHOFFDD58CC,鹽水段,81.00,都市：住,,,,16870037
RPSNMLQJMHOFFDD68CC,新營段,.00,都市：住,,,,08410114
RPOOMLMJMHOFFCD87CC,富農段,4.43,都市：住,,,,00480000
RPOOMLMJMHOFFCD87CC,富農段,1.77,都市：住,,,,00480001
RPTNMLQJMHOFFDD78CC,新營段,.00,都市：住,,,,08410114
RPSNMLSJMHOFFAD58CC,南門段,.00,都市：商,,,,09590000
RPSNMLSJMHOFFAD58CC,南門段,.00,都市：商,,,,09600000
RPSNMLSJMHOFFAD58CC,南門段,.00,都市：商,,,,09610000
RPSNMLSJMHOFFAD58CC,南門段,.00,都市：商,,,,09620000
RPSNMLSJMHOFFAD58CC,南門段,.00,都市：商,,,,09630000
RPSNMLSJMHOFFAD58CC,南門段,.00,都市：商,,,,09640000
RPRNMLSJMHOFFCD68CC,東光段,62.56,都市：住,,,,06130000
RPQNMLTJMHOFFCD68CC,東光段,.00,都市：住,,,,02850000
RPWNMLSJMHOFFAD98CC,正興段,19.41,都市：商,,,,12450000
RPXNMLTJMHOFFCD76CC,新興段,.00,都市：住,,,,02800003
RPOOMLTJMHOFFCD58CC,新興段,.00,都市：住,,,,02800003
RPUOMLTJMHOFFCD56CC,鹽埕段,.00,都市：住,,,,00030281
RPWNMLTJMHOFFAD09CC,金華段,.00,都市：商,,,,00670002
RPTNMLTJMHOFFID96CC,二空段,.00,都市：住,,,,08000000
RPSNMLTJMHOFFID86CC,二空段,.00,都市：住,,,,08200000
RPUNMLTJMHOFFHD96CC,光文段,.00,都市：住,,,,11010000
RPQOMLTJMHOFFHD66CC,胡厝寮段,6.39,都市：住,,,,09530005
RPQOMLTJMHOFFHD66CC,胡厝寮段,86.00,都市：住,,,,09530014
RPWNMLTJMHOFFHD17CC,善新段,.00,都市：住,,,,01230083
RPPNMLTJMHOFFKD76CC,埔園段,.00,都市：商,,,,03280000
RPRNMLTJMHOFFKD96CC,烏竹段,.00,都市：住,,,,15150057
RPPOMLTJMHOFFKD86CC,六甲頂段,.00,都市：住,,,,11310011
RPQNMLTJMHOFFKD86CC,烏竹段,.00,都市：住,,,,15150057
RPWNMLKKMHOFFAD28CC,郡王祠段,.00,都市：住,,,,25440000
RPXNMLKKMHOFFKD76CC,兵北段,.00,都市：住,,,,01350000
RPSPMLKKMHOFFID88CC,後壁段,.00,都市：住,,,,11530000
RPWOMLTJMHOFFHD27CC,善新段,.00,都市：住,,,,01670001
RPXNMLKKMHOFFAD38CC,北元段,.00,都市：住,,,,01640000
RPOPMLTJMHOFFHD56CC,南港段,178.95,都市：住,,,,00800000
RPQNMLKKMHOFFHD38CC,南港段,93.47,,,,,02550000
RPQNMLKKMHOFFCD87CC,新東段,.00,都市：住,,,,14080003
RPSOMLKKMHOFFAD97CC,金城段,185.00,都市：住,,,,00170016
RPPOMLKKMHOFFAD67CC,東興段,.00,都市：住,,,,01660000
RPRNMLKKMHOFFCD97CC,龍泉段,.00,都市：住,,,,14260000
RPSNMLKKMHOFFCD08CC,自由段,183.38,都市：住,,,,00560000
RPOPMLLKMHOFFCD97CC,富農段,.00,都市：住,,,,07150000
RPVOMLLKMHOFFCD58CC,光明段,.00,都市：住,,,,05850002
RPWNMLLKMHOFFCD58CC,東光段,.00,都市：住,,,,05400002
RPXNMLKKMHOFFCD58CC,龍泉段,.00,,,,,03040000
RPXNMLKKMHOFFCD58CC,龍泉段,.00,,,,,03110000
RPXNMLKKMHOFFCD58CC,龍泉段,.00,,,,,03120000
RPPPMLLKMHOFFCD08CC,育樂段,38.00,都市：住,,,,13070000
RPTPMLLKMHOFFCD48CC,竹篙厝段,1.06,都市：商,,,,16780008
RPVPMLLKMHOFFCD68CC,大恩段,.00,都市：住,,,,00570000
RPVPMLLKMHOFFCD68CC,大恩段,.00,都市：住,,,,00570001
RPSPMLLKMHOFFCD38CC,鹽埕段,.00,都市：住,,,,27470006
RPSPMLLKMHOFFCD38CC,鹽埕段,.00,都市：住,,,,27470010
RPROMLLKMHOFFID78CC,武東段,.00,都市：住,,,,05430002
RPPQMLLKMHOFFCD18CC,東光段,.00,,,,,02870077
RPWPMLLKMHOFFCD78CC,竹篙厝段,22.20,都市：商,,,,42400006
RPXNMLMKMHOFFKD96CC,永信段,.00,都市：住,,,,05990000
RPROMLMKMHOFFHD78CC,南港段,93.47,,,,,02550000
RPSNMLMKMHOFFKD09CC,永和段,.00,都市：商,,,,06760000
RPXNMLMKMHOFFCD78CC,新東段,.00,都市：住,,,,15510028
RPPNMLLKMHOFFBD77CC,幸福段,.00,,,,,07790000
RPSOMLMKMHOFFAD18CC,公園段,.00,都市：商,,,,07610000
RPWNMLMKMHOFFAD48CC,金華段,.00,都市：商,,,,01340000
RPPNMLNKMHOFFAD87CC,青年段,2.19,都市：商,,,,02540000
RPPNMLNKMHOFFAD87CC,青年段,5.15,都市：商,,,,02550000
RPTNMLMKMHOFFAD18CC,金華段,.00,都市：商,,,,01340000
RPPNMLNKMHOFFAD87CC,青年段,.20,都市：商,,,,02560000
RPPNMLOKMHOFFKD98CC,兵南段,.00,都市：住,,,,05830000
RPUNMLPKMHOFFHD66CC,善新段,.00,都市：住,,,,00190009
RPSNMLPKMHOFFCD58CC,自由段,81.41,都市：住,,,,00220000
RPROMLPKMHOFFCD58CC,仁和段,.00,都市：住,,,,13350000
RPSOMLPKMHOFFCD68CC,東寧段,.00,都市：住,,,,01430000
RPRNMLPKMHOFFGD98DC,東興段,1294.94,都市：農,,,,01210000
RPVOMLQKMHOFFCD09CC,竹篙厝段,.00,都市：住,,,,40710026
RPOOMLQKMHOFFCD38CC,光明段,.00,都市：住,,,,05810000
RPSNMLQKMHOFFAD48CC,公園段,13.81,都市：商,,,,01620000
RPSPMLPKMHOFFKD96CC,六甲頂段,5.34,都市：住,,,,11740003
RPSPMLPKMHOFFKD96CC,六甲頂段,3.98,都市：住,,,,11740004
RPSPMLPKMHOFFKD96CC,六甲頂段,10.68,都市：住,,,,11750000
RPQNMLOKMHOFFKD09CC,兵北段,.00,都市：住,,,,07880000
RPRNMLQKMHOFFAD38CC,金華段,.00,,,,,00640000
RPQPMLPKMHOFFKD76CC,兵北段,.00,都市：住,,,,01200000
RPSNMLQKMHOFFBD58CC,安中段,92.48,都市：住,,,,07560006
RPVPMLQKMHOFFKD37CC,永信段,.00,都市：住,,,,02990000
RPUNMLQKMHOFFAD68CC,立人段,7.53,都市：住,,,,00650004
RPUNMLQKMHOFFAD68CC,立人段,.98,都市：商,,,,01040000
RPXPMLQKMHOFFKD57CC,南新段,.00,都市：住,,,,09000000
RPOOMLQKMHOFFID98CC,武東段,.00,,,,,05290016
RPSOMLSKMHOFFKD17CC,六甲頂段,.00,,,,,10230000
RPSRMLQKMHOFFKD27CC,大灣段,.00,,,,,47480001
RPRNMLSKMHOFFHD66CC,大成段,.00,都市：農,,,,09770000
RPPNMLSKMHOFFDD68CC,果毅後段,219.00,非都市：鄉村區 ; 非都市編定：乙種建築用地,,,,38510001
RPVNMLTKMHOFFAD09CC,公園段,.00,,,,,02020000
RPWNMLTKMHOFFAD56CC,五條港段,.00,都市：商,,,,18560000
RPXNMLTKMHOFFAD66CC,金華段,.00,,,,,00640025
RPQNMLKLMHOFFAD77CC,府前段,31.21,都市：商,,,,01400000
RPQNMLKLMHOFFAD77CC,府前段,1.30,都市：商,,,,01410000
RPQNMLKLMHOFFAD77CC,府前段,31.53,都市：商,,,,01420000
RPQNMLKLMHOFFAD77CC,府前段,6.92,都市：商,,,,01430000
RPQNMLKLMHOFFAD77CC,府前段,13.77,都市：商,,,,01440000
RPQNMLKLMHOFFAD77CC,府前段,14.86,都市：商,,,,01450000
RPQNMLKLMHOFFAD77CC,府前段,22.52,都市：商,,,,01460000
RPQNMLKLMHOFFAD77CC,府前段,79.63,都市：商,,,,01470000
RPTOMLSKMHOFFAD88CC,立人段,.00,,,,,00650004
RPSNMLTKMHOFFKD17CC,忠孝段,.00,都市：住,,,,02920000
RPTOMLSKMHOFFAD88CC,立人段,.00,,,,,01040000
RPPNMLLLMHOFFCD97CC,東安段,.00,都市：商,,,,02200006
RPWNMLMLMHOFFKD96CC,六合段,.00,都市：住,,,,10730000
RPPNMLLLMHOFFCD97CC,東安段,.00,都市：商,,,,02320000
RPPNMLLLMHOFFKD78CC,永興段,.00,都市：住,,,,00130000
RPVOMLMLMHOFFKD96CC,三村段,.00,都市：住,,,,05360000
RPXPMLMLMHOFFHD96CC,胡厝寮段,25.90,都市：住,,,,09530000
RPXPMLMLMHOFFHD96CC,胡厝寮段,2.74,都市：住,,,,09530005
RPQOMLMLMHOFFCD28CC,富農段,.00,都市：住,,,,08740000
RPTOMLMLMHOFFCD58CC,育樂段,41.26,都市：住,,,,03090000
RPVOMLMLMHOFFCD78CC,竹篙厝段,.00,都市：住,,,,27990000
RPVOMLMLMHOFFCD78CC,竹篙厝段,.00,都市：住,,,,27990000
RPPPMLMLMHOFFCD28CC,光華段,.00,都市：商,,,,14720000
RPRPMLMLMHOFFAD28CC,延平段,.00,都市：住,,,,10630001
RPUPMLMLMHOFFAD58CC,金華段,.00,都市：住,,,,01050001
RPRPMLMLMHOFFAD28CC,延平段,.00,都市：住,,,,10630004
RPTNMLMLMHOFFAD28CC,金華段,.00,,,,,00910002
RPROMLMLMHOFFCD48DC,光明段,159.00,都市：住,,,,02280000
RPRNMLMLMHOFFAD08CC,南門段,.00,都市：商,,,,10540000
RPSOMLMLMHOFFCD58DC,光明段,159.00,都市：住,,,,02280000
RPOPMLMLMHOFFCD28DC,竹篙厝段,17.97,都市：商,,,,20040000
RPSOMLMLMHOFFAD28CC,立人段,.00,都市：住,,,,00520000
RPVPMLNLMHOFFAD78CC,普濟段,.00,,,,,00100000
RPXPMLNLMHOFFAD98CC,銀同段,.00,,,,,10650000
RPROMLNLMHOFFCD48CC,大同段,.00,,,,,08660001
RPQQMLNLMHOFFAD38CC,府前段,.00,都市：商,,,,00060000
RPUNMLOLMHOFFCD78CC,竹篙厝段,85.09,都市：住,,,,42400004
RPQQMLNLMHOFFAD38CC,府前段,.00,都市：商,,,,00070000
RPSNMLOLMHOFFCD58CC,仁和段,.00,都市：住,,,,12780000
RPVNMLOLMHOFFCD88CC,竹篙厝段,85.09,都市：住,,,,42400004
RPWOMLOLMHOFFAD88CC,新南段,.00,都市：商,,,,00370005
RPPNMLOLMHOFFHD78CC,大榮段,63.00,,,,,06980000
RPQOMLOLMHOFFKD66CC,兵南段,.00,都市：商,,,,00840000
RPQNMLOLMHOFFHD88CC,胡厝寮段,25.90,都市：住,,,,09530000
RPQNMLOLMHOFFHD88CC,胡厝寮段,2.74,都市：住,,,,09530005
RPUOMLPLMHOFFKD17CC,六甲頂段,12.28,都市：住,,,,04090000
RPQOMLPLMHOFFKD76CC,六合段,111.84,都市：住,,,,09270000
RPVOMLPLMHOFFKD27CC,兵南段,6.03,都市：住,,,,05840000
RPPQMLPLMHOFFKD86CC,永和段,.00,都市：其他:市場用地,,,,13840000
RPUNMLPLMHOFFDD98CC,新營段,257.00,都市：住,,,,06160008
RPPOMLPLMHOFFAD28CC,金華段,.00,都市：住,,,,00360001
RPTNMLPLMHOFFCD78CC,竹篙厝段,.00,都市：商,,,,20040000
RPPOMLPLMHOFFCD48CC,東寧段,.00,都市：住,,,,07370001
RPSOMLPLMHOFFCD78CC,大忠段,.00,都市：住,,,,01980000
RPSOMLPLMHOFFCD78CC,大忠段,.00,都市：住,,,,01980001
RPTNMLQLMHOFFCD88CC,光明段,.00,都市：住,,,,04070026
RPRNMLQLMHOFFCD68CC,竹篙厝段,.00,都市：住,,,,17280014
RPUNMLQLMHOFFCD98CC,新東段,.00,都市：住,,,,14250000
RPTOMLQLMHOFFCD98CC,大同段,16.41,都市：商,,,,12080000
RPTOMLQLMHOFFCD98CC,大同段,1.22,都市：商,,,,12090000
RPQNMLQLMHOFFCD58CC,東安段,.00,都市：住,,,,00290000
RPTPMLQLMHOFFCD09CC,新東段,.00,都市：住,,,,14080005
RPVOMLQLMHOFFCD56CC,公英段,83.00,都市：住,,,,09170000
RPWNMLQLMHOFFHD07CC,南港段,93.47,,,,,02550000
RPSNMLTLMHOFFHD96CC,善昌段,66.13,都市：住,,,,08860000
RPUNMLTLMHOFFHD17CC,大榮段,93.79,都市：商,,,,07200000
RPUNMLTLMHOFFHD17CC,大榮段,127.72,都市：商,,,,07210000
RPSOMLTLMHOFFBD09CC,溪東段,.00,,,,,10840000
RPTOMLTLMHOFFCD66CC,竹篙厝段,.00,都市：住,,,,18780000
RPTNMLTLMHOFFKD37CC,五王段,.00,都市：住,,,,05200000
RPTOMLTLMHOFFKD47CC,仁愛段,.66,都市：住,,,,05270000
RPTOMLTLMHOFFKD47CC,仁愛段,4.19,都市：住,,,,05260000
RPTOMLTLMHOFFKD47CC,仁愛段,2.64,都市：住,,,,05240000
RPUOMLTLMHOFFCD76CC,竹篙厝段,.00,都市：住,,,,39780000
RPUOMLTLMHOFFCD76CC,竹篙厝段,.00,都市：住,,,,39810000
RPQNMLTLMHOFFKD07CC,蜈蜞潭段,.00,都市：住,,,,22400008
RPXOMLTLMHOFFKD87CC,永和段,.00,都市：其他:廣場兼停車場用地,,,,13840000
RPXNMLTLMHOFFAD76CC,開元段,.00,都市：商,,,,05880000
RPRPMLTLMHOFFCD56CC,竹篙厝段,.00,都市：住,,,,21970000
RPRPMLTLMHOFFCD56CC,竹篙厝段,.00,都市：住,,,,21980000
RPTQMLTLMHOFFCD86CC,虎尾寮段,.00,都市：住,,,,04640007
RPWOMLTLMHOFFKD77CC,南新段,.00,都市：住,,,,00820000
RPWOMLTLMHOFFKD77CC,南新段,.00,都市：住,,,,03890000
RPWOMLTLMHOFFKD77CC,南新段,.00,都市：住,,,,03920000
RPWOMLTLMHOFFKD77CC,南新段,.00,都市：住,,,,03930000
RPVOMLTLMHOFFAD66CC,開元段,.00,都市：商,,,,03610005
RPXOMLTLMHOFFAD86CC,開元段,.00,都市：商,,,,06270008
RPOPMLTLMHOFFAD68CC,郡王祠段,37.05,都市：住,,,,15310000
RPXPMLKMMHOFFCD98CC,鹽埕段,.00,都市：住,,,,02080109
RPTOMLKMMHOFFBD38CC,溪墘段,.00,,,,,15240000
RPTOMLKMMHOFFHD98CC,光文段,122.19,,,,,03120000
RPTOMLKMMHOFFHD98CC,光文段,120.43,,,,,03130000
RPSOMLKMMHOFFID98CC,媽祖廟段三小段,247.00,非都市：鄉村區 ; 非都市編定：乙種建築用地,,,,04590000
RPQPMLTLMHOFFAD88CC,南門段,.00,都市：住,,,,15020000
RPPPMLTLMHOFFAD78CC,金華段,3.44,都市：住,,,,00450001
RPPNMLLJNHOFFAD67CC,金華段,4.43,都市：商,,,,00640025
RPWQMLKMMHOFFGD86DC,佳里段,72.00,都市：商,,,,16830045
RPPOMLMJNHOFFAD87CC,金華段,21.33,都市：住,,,,01540000
RPOOMLMJNHOFFAD77CC,保西段,91.50,都市：商,,,,05480000
RPQPMLMJNHOFFAD08CC,康祥段,.00,都市：住,,,,06970000
RPXNMLMJNHOFFCD78CC,光明段,.00,都市：住,,,,04130002
RPXNMLMJNHOFFCD78CC,光明段,.00,都市：住,,,,04140000
RPRPMLMJNHOFFHD88CC,圳西段,.00,非都市：特定農業區 ; 非都市編定：甲種建築用地,,,,08750000
RPWPMLMJNHOFFHD76CC,德興段,90.65,非都市：鄉村區 ; 非都市編定：乙種建築用地,,,,07310000
RPOOMLMJNHOFFID58CC,媽祖廟段三小段,.00,非都市：特定農業區 ; 非都市編定：農牧用地,,,,16390000
RPQNMLMJNHOFFKD88CC,蜈蜞潭段,117.00,都市：住,,,,20340026
RPSNMLMJNHOFFKD09CC,大灣段,80.00,都市：商,,,,61420006
RPWNMLMJNHOFFKD86CC,鹽中段,.00,都市：住,,,,03470000
RPVNMLMJNHOFFKD76CC,六合段,.00,都市：住,,,,08870000
RPVNMLMJNHOFFKD76CC,六合段,.00,都市：住,,,,08880000
RPUNMLMJNHOFFKD66CC,永和段,.00,都市：商,,,,06760000
RPXNMLMJNHOFFKD96CC,六甲頂段,.00,都市：住,,,,10910000
RPOOMLMJNHOFFKD78CC,六合段,.00,都市：住,,,,08770035
RPTOMLMJNHOFFGD98DC,六安段,917.55,都市：住,,,,06250000
RPPOMLMJNHOFFKD88CC,五王段,.00,都市：住,,,,07860000
RPTNMLNJNHOFFKD66CC,頂安段,.00,都市：住,,,,01550000
RPUOMLMJNHOFFKD76CC,頂東段,82.20,都市：工,,,,02550000
RPUNMLNJNHOFFKD76CC,頂南段,.00,都市：住,,,,03320000
RPVNMLNJNHOFFKD86CC,六甲頂段,.00,都市：住,,,,14250000
RPUOMLNJNHOFFHD56CC,胡厝寮段,23.70,都市：住,,,,09530000
RPOOMLNJNHOFFCD08CC,竹篙厝段,.00,都市：住,,,,38680000
RPOOMLNJNHOFFCD08CC,竹篙厝段,.00,都市：住,,,,38680001
RPSOMLNJNHOFFCD48CC,光明段,.00,都市：住,,,,05670005
RPSOMLNJNHOFFCD48CC,光明段,.00,都市：住,,,,05710021
RPOPMLNJNHOFFCD18CC,光明段,.00,都市：住,,,,05970008
RPSOMLNJNHOFFCD48CC,光明段,.00,都市：住,,,,05730006
RPQOMLNJNHOFFCD28CC,光華段,.00,都市：住,,,,05140000
RPPPMLNJNHOFFCD28CC,虎尾寮段,.00,都市：住,,,,03760008
RPRNMLNJNHOFFAD08CC,華興段,.00,都市：住,,,,09160000
RPSNMLNJNHOFFAD18CC,正興段,.00,都市：商,,,,10420001
RPUNMLNJNHOFFAD38CC,北元段,.00,都市：住,,,,07520000
RPWNMLNJNHOFFAD58CC,金華段,.00,都市：商,,,,00640025
RPXNMLNJNHOFFAD68CC,立人段,.00,都市：住,,,,00650004
RPXNMLNJNHOFFAD68CC,立人段,.00,都市：商,,,,01040000
RPSOMLNJNHOFFAD28CC,新南段,.00,,,,,00590016
RPPNMLPJNHOFFCD28CC,竹篙厝段,27.92,都市：住,,,,40630000
RPOOMLQJNHOFFCD38CC,光明段,.00,都市：住,,,,04290007
RPUNMLQJNHOFFAD68CC,府前段,.00,都市：商,,,,01880000
RPWOMLQJNHOFFCD56CC,裕東段,141.95,都市：住,,,,09100020
RPQOMLQJNHOFFAD38CC,郡王祠段,.00,都市：商,,,,00670000
RPWOMLQJNHOFFCD56CC,裕東段,78.02,都市：住,,,,09100069
RPQOMLQJNHOFFAD38CC,郡王祠段,.00,都市：商,,,,00680000
RPSQMLQJNHOFFAD78CC,金城段,107.00,都市：住,,,,00210022
RPSOMLRJNHOFFAD68CC,頂美段,37.49,都市：住,,,,13470000
RPUNMLSJNHOFFAD88CC,金城段,16.37,都市：商,,,,00170024
RPVOMLRJNHOFFAD98CC,北元段,35.79,都市：住,,,,04330002
RPXNMLSJNHOFFAD56CC,金華段,.00,,,,,00330060
RPSOMLSJNHOFFAD78CC,漁光段,.00,,,,,08690000
RPSNMLSJNHOFFCD88CC,路東段,.00,,,,,02840000
RPTNMLSJNHOFFCD98CC,竹篙厝段,.00,都市：住,,,,30510000
RPRNMLSJNHOFFKD96CC,兵南段,.00,都市：住,,,,05450000
RPSNMLTJNHOFFDD09CC,民治段,20.06,都市：住,,,,05910051
RPOOMLSJNHOFFCD58CC,新東段,.00,都市：住,,,,16040000
RPWNMLTJNHOFFCD76CC,公英段,.00,都市：住,,,,02280000
RPTOMLTJNHOFFAD98CC,金華段,.00,都市：商,,,,01340000
RPTNMLKKNHOFFDD38CC,新生段,16.09,都市：住,,,,14060000
