﻿編號,土地位置,土地移轉面積平方公尺,使用分區或編定,權利人持分分母,權利人持分分子,移轉情形,地號
The serial number, land position,land shifting area square meter,the use zoning or compiles and checks,,,,land parcel
RPTOMLPKKHOFFEE78CB,援中段一小段,13.28,都市：商,10000,93,持分移轉,01470000
RPROMLPKKHOFFEE58CB,援中段一小段,13.28,都市：商,10000,93,持分移轉,01470000
RPQOMLPKKHOFFEE48CB,援中段一小段,13.28,都市：商,10000,93,持分移轉,01470000
RPWNMLPKKHOFFEE98CB,援中段一小段,14.14,都市：商,10000,99,持分移轉,01470000
RPOOMLPKKHOFFEE28CB,援中段一小段,13.28,都市：商,10000,93,持分移轉,01470000
RPPOMLPKKHOFFEE38CB,援中段一小段,13.28,都市：商,10000,93,持分移轉,01470000
RPSOMLPKKHOFFEE68CB,援中段一小段,13.56,都市：商,10000,95,持分移轉,01470000
RPVOMLPKKHOFFEE98CB,援中段一小段,13.28,都市：商,10000,93,持分移轉,01470000
RPXNMLPKKHOFFEE09CB,援中段一小段,13.28,都市：商,10000,93,持分移轉,01470000
RPUOMLPKKHOFFEE88CB,援中段一小段,13.28,都市：商,10000,93,持分移轉,01470000
RPWOMLPKKHOFFEE09CB,援中段一小段,13.56,都市：商,10000,95,持分移轉,01470000
RPOPMLPKKHOFFEE38CB,援中段一小段,13.42,都市：商,10000,94,持分移轉,01470000
RPSPMLPKKHOFFEE78CB,援中段一小段,10.42,都市：商,10000,73,持分移轉,01470000
RPPPMLPKKHOFFEE48CB,援中段一小段,13.56,都市：商,10000,95,持分移轉,01470000
RPXOMLPKKHOFFEE56CB,援中段一小段,13.56,都市：商,10000,95,持分移轉,01470000
RPWPMLPKKHOFFEE56CB,援中段一小段,10.42,都市：商,10000,73,持分移轉,01470000
RPVPMLPKKHOFFEE09CB,援中段一小段,10.42,都市：商,10000,73,持分移轉,01470000
RPUPMLPKKHOFFEE98CB,援中段一小段,10.42,都市：商,10000,73,持分移轉,01470000
RPRPMLPKKHOFFEE68CB,援中段一小段,10.42,都市：商,10000,73,持分移轉,01470000
RPXPMLPKKHOFFEE66CB,援中段一小段,10.42,都市：商,10000,73,持分移轉,01470000
RPOQMLPKKHOFFEE48CB,援中段一小段,10.42,都市：商,10000,73,持分移轉,01470000
RPRQMLPKKHOFFEE78CB,援中段一小段,13.85,都市：商,10000,97,持分移轉,01470000
RPPQMLPKKHOFFEE58CB,援中段一小段,13.71,都市：商,10000,96,持分移轉,01470000
RPSQMLPKKHOFFEE88CB,援中段一小段,13.99,都市：商,10000,98,持分移轉,01470000
RPVQMLPKKHOFFEE56CB,援中段一小段,13.85,都市：商,10000,97,持分移轉,01470000
RPWQMLPKKHOFFEE66CB,援中段一小段,13.99,都市：商,10000,98,持分移轉,01470000
RPTQMLPKKHOFFEE98CB,援中段一小段,13.85,都市：商,10000,97,持分移轉,01470000
RPUQMLPKKHOFFEE09CB,援中段一小段,13.85,都市：商,10000,97,持分移轉,01470000
RPPRMLPKKHOFFEE68CB,援中段一小段,13.99,都市：商,10000,98,持分移轉,01470000
RPQRMLPKKHOFFEE78CB,援中段一小段,13.85,都市：商,10000,97,持分移轉,01470000
RPORMLPKKHOFFEE58CB,援中段一小段,13.99,都市：商,10000,98,持分移轉,01470000
RPRRMLPKKHOFFEE88CB,援中段一小段,13.85,都市：商,10000,97,持分移轉,01470000
RPSRMLPKKHOFFEE98CB,援中段一小段,13.99,都市：商,10000,98,持分移轉,01470000
RPTRMLPKKHOFFEE09CB,援中段一小段,13.99,都市：商,10000,98,持分移轉,01470000
RPURMLPKKHOFFEE56CB,援中段一小段,13.99,都市：商,10000,98,持分移轉,01470000
RPXRMLPKKHOFFEE86CB,援中段一小段,10.42,都市：商,10000,73,持分移轉,01470000
RPVRMLPKKHOFFEE66CB,援中段一小段,13.99,都市：商,10000,98,持分移轉,01470000
RPOSMLPKKHOFFEE68CB,援中段一小段,10.42,都市：商,10000,73,持分移轉,01470000
RPWRMLPKKHOFFEE76CB,援中段一小段,13.99,都市：商,10000,98,持分移轉,01470000
RPRSMLPKKHOFFEE98CB,援中段一小段,10.42,都市：商,10000,73,持分移轉,01470000
RPQSMLPKKHOFFEE88CB,援中段一小段,10.42,都市：商,10000,73,持分移轉,01470000
RPSSMLPKKHOFFEE09CB,援中段一小段,10.42,都市：商,10000,73,持分移轉,01470000
RPTSMLPKKHOFFEE56CB,援中段一小段,10.42,都市：商,10000,73,持分移轉,01470000
RPUSMLPKKHOFFEE66CB,援中段一小段,10.42,都市：商,10000,73,持分移轉,01470000
RPVSMLPKKHOFFEE76CB,援中段一小段,10.42,都市：商,10000,73,持分移轉,01470000
RPXSMLPKKHOFFEE96CB,援中段一小段,12.28,都市：商,10000,86,持分移轉,01470000
RPPTMLPKKHOFFEE88CB,援中段一小段,12.28,都市：商,10000,86,持分移轉,01470000
RPRTMLPKKHOFFEE09CB,援中段一小段,12.42,都市：商,10000,87,持分移轉,01470000
RPSTMLPKKHOFFEE56CB,援中段一小段,12.28,都市：商,10000,86,持分移轉,01470000
RPUTMLPKKHOFFEE76CB,援中段一小段,13.56,都市：商,10000,95,持分移轉,01470000
RPTTMLPKKHOFFEE66CB,援中段一小段,13.71,都市：商,10000,96,持分移轉,01470000
RPVTMLPKKHOFFEE86CB,援中段一小段,13.56,都市：商,10000,95,持分移轉,01470000
RPWTMLPKKHOFFEE96CB,援中段一小段,13.56,都市：商,10000,95,持分移轉,01470000
RPXTMLPKKHOFFEE07CB,援中段一小段,13.42,都市：商,10000,94,持分移轉,01470000
RPPUMLPKKHOFFEE98CB,援中段一小段,13.42,都市：商,10000,94,持分移轉,01470000
RPOUMLPKKHOFFEE88CB,援中段一小段,13.56,都市：商,10000,95,持分移轉,01470000
RPQUMLPKKHOFFEE09CB,援中段一小段,13.56,都市：商,10000,95,持分移轉,01470000
RPQPMLPKKHOFFEE58CB,援中段一小段,10.42,都市：商,10000,73,持分移轉,01470000
