﻿編號,土地位置,土地移轉面積平方公尺,使用分區或編定,權利人持分分母,權利人持分分子,移轉情形,地號
The serial number, land position,land shifting area square meter,the use zoning or compiles and checks,,,,land parcel
RPRVMLLKKHOFFBF68CB,芳洲段,19.02,都市：住,10000,207,持分移轉,02660000
RPOWMLLKKHOFFBF48CB,芳洲段,14.24,都市：住,10000,155,持分移轉,02660000
RPQWMLLKKHOFFBF68CB,芳洲段,14.24,都市：住,10000,155,持分移轉,02660000
RPSUMLLKKHOFFBF68CB,芳洲段,19.02,都市：住,10000,207,持分移轉,02660000
RPXTMLLKKHOFFBF09CB,芳洲段,19.02,都市：住,10000,207,持分移轉,02660000
RPSWMLLKKHOFFBF88CB,芳洲段,19.02,都市：住,10000,207,持分移轉,02660000
RPUWMLLKKHOFFBF09CB,芳洲段,18.92,都市：住,10000,206,持分移轉,02660000
RPPNNLLKKHOFFBF77CB,芳洲段,19.02,都市：住,10000,207,持分移轉,02660000
RPQNMLMKKHOFFBF87CB,芳洲段,19.02,都市：住,10000,207,持分移轉,02660000
RPRNMLMKKHOFFBF97CB,芳洲段,14.24,都市：住,10000,155,持分移轉,02660000
RPVNMLMKKHOFFBF38CB,芳洲段,14.24,都市：住,10000,155,持分移轉,02660000
RPOOMLMKKHOFFBF77CB,芳洲段,14.24,都市：住,10000,155,持分移轉,02660000
RPOPMLMKKHOFFBF87CB,芳洲段,14.33,都市：住,10000,156,持分移轉,02660000
RPTRMLMKKHOFFBF58CB,芳洲段,23.79,都市：住,10000,259,持分移轉,02660000
RPORMLMKKHOFFBF08CB,芳洲段,23.88,都市：住,10000,260,持分移轉,02660000
RPQQMLMKKHOFFBF18CB,芳洲段,23.88,都市：住,10000,260,持分移轉,02660000
RPRNMLTKKHOFFAF58CB,土城段,1.49,都市：住,10000,50,持分移轉,05590001
RPRNMLTKKHOFFAF58CB,土城段,11.30,都市：住,10000,50,持分移轉,05590000
RPRNMLTKKHOFFAF58CB,土城段,.27,都市：住,10000,50,持分移轉,05710000
RPURMLMKKHOFFBF68CB,芳洲段,14.33,都市：住,10000,156,持分移轉,02660000
RPTNMLTKKHOFFAF78CB,土城段,1.49,都市：住,10000,50,持分移轉,05590001
RPTNMLTKKHOFFAF78CB,土城段,11.30,都市：住,10000,50,持分移轉,05590000
RPTNMLTKKHOFFAF78CB,土城段,.27,都市：住,10000,50,持分移轉,05710000
RPXNMLTKKHOFFAF56CB,土城段,1.73,都市：住,10000,58,持分移轉,05590001
RPXNMLTKKHOFFAF56CB,土城段,13.11,都市：住,10000,58,持分移轉,05590000
RPXNMLTKKHOFFAF56CB,土城段,.32,都市：住,10000,58,持分移轉,05710000
RPUNMLTKKHOFFAF88CB,土城段,1.64,都市：住,10000,55,持分移轉,05590001
RPUNMLTKKHOFFAF88CB,土城段,12.43,都市：住,10000,55,持分移轉,05590000
RPUNMLTKKHOFFAF88CB,土城段,.30,都市：住,10000,55,持分移轉,05710000
RPOOMLTKKHOFFAF38CB,土城段,1.67,都市：住,10000,56,持分移轉,05590001
RPOOMLTKKHOFFAF38CB,土城段,12.65,都市：住,10000,56,持分移轉,05590000
RPOOMLTKKHOFFAF38CB,土城段,.31,都市：住,10000,56,持分移轉,05710000
RPQOMLTKKHOFFAF58CB,土城段,1.67,都市：住,10000,56,持分移轉,05590001
RPQOMLTKKHOFFAF58CB,土城段,12.65,都市：住,10000,56,持分移轉,05590000
RPSOMLTKKHOFFAF78CB,土城段,2.30,都市：住,10000,77,持分移轉,05590001
RPQOMLTKKHOFFAF58CB,土城段,.31,都市：住,10000,56,持分移轉,05710000
RPSOMLTKKHOFFAF78CB,土城段,17.40,都市：住,10000,77,持分移轉,05590000
RPSOMLTKKHOFFAF78CB,土城段,.42,都市：住,10000,77,持分移轉,05710000
RPPOMLTKKHOFFAF48CB,土城段,1.82,都市：住,10000,61,持分移轉,05590001
RPPOMLTKKHOFFAF48CB,土城段,13.78,都市：住,10000,61,持分移轉,05590000
RPPOMLTKKHOFFAF48CB,土城段,.34,都市：住,10000,61,持分移轉,05710000
RPVOMLTKKHOFFIF27CB,尖山腳段,38.03,都市：住,10000,178,持分移轉,03660000
RPUOMLTKKHOFFAF98CB,土城段,2.30,都市：住,10000,77,持分移轉,05590001
RPUOMLTKKHOFFAF98CB,土城段,17.40,都市：住,10000,77,持分移轉,05590000
RPUOMLTKKHOFFAF98CB,土城段,.42,都市：住,10000,77,持分移轉,05710000
RPVOMLTKKHOFFAF09CB,土城段,2.15,都市：住,10000,72,持分移轉,05590001
RPVOMLTKKHOFFAF09CB,土城段,16.27,都市：住,10000,72,持分移轉,05590000
RPVOMLTKKHOFFAF09CB,土城段,.40,都市：住,10000,72,持分移轉,05710000
RPTOMLTKKHOFFAF88CB,土城段,2.30,都市：住,10000,77,持分移轉,05590001
RPTOMLTKKHOFFAF88CB,土城段,17.40,都市：住,10000,77,持分移轉,05590000
RPTOMLTKKHOFFAF88CB,土城段,.42,都市：住,10000,77,持分移轉,05710000
RPWOMLTKKHOFFIF37CB,尖山腳段,30.34,都市：住,10000,142,持分移轉,03660000
RPXOMLTKKHOFFIF47CB,尖山腳段,30.34,都市：住,10000,142,持分移轉,03660000
RPOPMLTKKHOFFIF66CB,尖山腳段,30.34,都市：住,10000,142,持分移轉,03660000
RPPPMLTKKHOFFIF76CB,尖山腳段,30.12,都市：住,10000,141,持分移轉,03660000
RPRPMLTKKHOFFIF96CB,尖山腳段,30.12,都市：住,10000,141,持分移轉,03660000
RPQPMLTKKHOFFIF86CB,尖山腳段,30.34,都市：住,10000,142,持分移轉,03660000
RPUPMLTKKHOFFIF27CB,尖山腳段,30.34,都市：住,10000,142,持分移轉,03660000
RPOQMLTKKHOFFIF76CB,尖山腳段,30.34,都市：住,10000,142,持分移轉,03660000
RPSPMLTKKHOFFIF07CB,尖山腳段,30.12,都市：住,10000,141,持分移轉,03660000
RPRQMLTKKHOFFIF07CB,尖山腳段,30.34,都市：住,10000,142,持分移轉,03660000
RPXPMLTKKHOFFIF57CB,尖山腳段,30.34,都市：住,10000,142,持分移轉,03660000
RPTQMLTKKHOFFIF27CB,尖山腳段,30.34,都市：住,10000,142,持分移轉,03660000
RPSQMLTKKHOFFIF17CB,尖山腳段,30.34,都市：住,10000,142,持分移轉,03660000
RPQRMLTKKHOFFIF07CB,尖山腳段,22.64,都市：住,10000,106,持分移轉,03660000
RPRRMLTKKHOFFIF17CB,尖山腳段,22.43,都市：住,10000,105,持分移轉,03660000
RPUQMLTKKHOFFIF37CB,尖山腳段,30.34,都市：住,10000,142,持分移轉,03660000
RPSRMLTKKHOFFIF27CB,尖山腳段,22.64,都市：住,10000,106,持分移轉,03660000
RPURMLTKKHOFFIF47CB,尖山腳段,22.64,都市：住,10000,106,持分移轉,03660000
RPVRMLTKKHOFFIF57CB,尖山腳段,22.43,都市：住,10000,105,持分移轉,03660000
RPWRMLTKKHOFFIF67CB,尖山腳段,22.64,都市：住,10000,106,持分移轉,03660000
RPTRMLTKKHOFFIF37CB,尖山腳段,22.64,都市：住,10000,106,持分移轉,03660000
RPXRMLTKKHOFFIF77CB,尖山腳段,22.64,都市：住,10000,106,持分移轉,03660000
RPRSMLTKKHOFFIF27CB,尖山腳段,22.64,都市：住,10000,106,持分移轉,03660000
RPOSMLTKKHOFFIF96CB,尖山腳段,22.64,都市：住,10000,106,持分移轉,03660000
RPQSMLTKKHOFFIF17CB,尖山腳段,22.43,都市：住,10000,105,持分移轉,03660000
RPSSMLTKKHOFFIF37CB,尖山腳段,22.43,都市：住,10000,105,持分移轉,03660000
RPUSMLTKKHOFFIF57CB,尖山腳段,22.64,都市：住,10000,106,持分移轉,03660000
RPVTMLTKKHOFFIF77CB,尖山腳段,20.08,都市：住,10000,94,持分移轉,03660000
RPVSMLTKKHOFFIF67CB,尖山腳段,22.43,都市：住,10000,105,持分移轉,03660000
RPRUMLTKKHOFFIF47CB,尖山腳段,20.08,都市：住,10000,94,持分移轉,03660000
RPSUMLTKKHOFFIF57CB,尖山腳段,20.08,都市：住,10000,94,持分移轉,03660000
RPTUMLTKKHOFFIF67CB,尖山腳段,20.08,都市：住,10000,94,持分移轉,03660000
RPUUMLTKKHOFFIF77CB,尖山腳段,20.08,都市：住,10000,94,持分移轉,03660000
RPVUMLTKKHOFFIF87CB,尖山腳段,20.08,都市：住,10000,94,持分移轉,03660000
RPWUMLTKKHOFFIF97CB,尖山腳段,20.08,都市：住,10000,94,持分移轉,03660000
RPXUMLTKKHOFFIF08CB,尖山腳段,20.08,都市：住,10000,94,持分移轉,03660000
RPSVMLTKKHOFFIF67CB,尖山腳段,20.08,都市：住,10000,94,持分移轉,03660000
RPQVMLTKKHOFFIF47CB,尖山腳段,20.08,都市：住,10000,94,持分移轉,03660000
RPRVMLTKKHOFFIF57CB,尖山腳段,20.08,都市：住,10000,94,持分移轉,03660000
RPTVMLTKKHOFFIF77CB,尖山腳段,20.08,都市：住,10000,94,持分移轉,03660000
RPOVMLTKKHOFFIF27CB,尖山腳段,20.08,都市：住,10000,94,持分移轉,03660000
RPVVMLTKKHOFFIF97CB,尖山腳段,30.34,都市：住,10000,142,持分移轉,03660000
RPUVMLTKKHOFFIF87CB,尖山腳段,20.29,都市：住,10000,95,持分移轉,03660000
RPROMLTKKHOFFHF76CB,中信段,1.11,都市：住,10000,223,持分移轉,05710001
RPROMLTKKHOFFHF76CB,中信段,3.21,都市：住,10000,223,持分移轉,05710000
RPROMLTKKHOFFHF76CB,中信段,.71,都市：住,10000,223,持分移轉,05730000
RPROMLTKKHOFFHF76CB,中信段,.40,都市：住,10000,223,持分移轉,05740000
RPROMLTKKHOFFHF76CB,中信段,.29,都市：住,10000,223,持分移轉,06700000
RPTOMLTKKHOFFHF96CB,中信段,.80,都市：住,10000,159,持分移轉,05710001
RPROMLTKKHOFFHF76CB,中信段,3.14,都市：住,10000,223,持分移轉,06710000
RPROMLTKKHOFFHF76CB,中信段,.09,都市：住,10000,223,持分移轉,06720001
RPROMLTKKHOFFHF76CB,中信段,1.67,都市：住,10000,223,持分移轉,06720000
RPTOMLTKKHOFFHF96CB,中信段,2.29,都市：住,10000,159,持分移轉,05710000
RPROMLTKKHOFFHF76CB,中信段,.25,都市：住,10000,223,持分移轉,06730001
RPTOMLTKKHOFFHF96CB,中信段,.33,都市：住,10000,159,持分移轉,05730000
RPROMLTKKHOFFHF76CB,中信段,.67,都市：住,10000,223,持分移轉,06730000
RPTOMLTKKHOFFHF96CB,中信段,.19,都市：住,10000,159,持分移轉,05740000
RPROMLTKKHOFFHF76CB,中信段,.22,都市：住,10000,223,持分移轉,06740002
RPTOMLTKKHOFFHF96CB,中信段,.21,都市：住,10000,159,持分移轉,06700000
RPROMLTKKHOFFHF76CB,中信段,.67,都市：住,10000,223,持分移轉,06740000
RPTOMLTKKHOFFHF96CB,中信段,2.24,都市：住,10000,159,持分移轉,06710000
RPROMLTKKHOFFHF76CB,中信段,.20,都市：住,10000,223,持分移轉,07150001
RPTOMLTKKHOFFHF96CB,中信段,.06,都市：住,10000,159,持分移轉,06720001
RPROMLTKKHOFFHF76CB,中信段,1.29,都市：住,10000,223,持分移轉,07150000
RPTOMLTKKHOFFHF96CB,中信段,1.19,都市：住,10000,159,持分移轉,06720000
RPTOMLTKKHOFFHF96CB,中信段,.17,都市：住,10000,159,持分移轉,06730001
RPTOMLTKKHOFFHF96CB,中信段,.48,都市：住,10000,159,持分移轉,06730000
RPTOMLTKKHOFFHF96CB,中信段,.16,都市：住,10000,159,持分移轉,06740002
RPTOMLTKKHOFFHF96CB,中信段,.48,都市：住,10000,159,持分移轉,06740000
RPTOMLTKKHOFFHF96CB,中信段,.14,都市：住,10000,159,持分移轉,07150001
RPTOMLTKKHOFFHF96CB,中信段,.92,都市：住,10000,159,持分移轉,07150000
RPTOMLTKKHOFFHF96CB,中信段,.17,都市：住,10000,159,持分移轉,05730001
RPTOMLTKKHOFFHF96CB,中信段,.10,都市：住,10000,159,持分移轉,05740001
RPSOMLTKKHOFFHF86CB,中信段,1.09,都市：住,10000,218,持分移轉,05710001
RPWVMLTKKHOFFIF08CB,尖山腳段,30.34,都市：住,10000,142,持分移轉,03660000
RPSOMLTKKHOFFHF86CB,中信段,3.14,都市：住,10000,218,持分移轉,05710000
RPSOMLTKKHOFFHF86CB,中信段,.70,都市：住,10000,218,持分移轉,05730000
RPSOMLTKKHOFFHF86CB,中信段,.39,都市：住,10000,218,持分移轉,05740000
RPSOMLTKKHOFFHF86CB,中信段,.28,都市：住,10000,218,持分移轉,06700000
RPSOMLTKKHOFFHF86CB,中信段,3.07,都市：住,10000,218,持分移轉,06710000
RPSOMLTKKHOFFHF86CB,中信段,.09,都市：住,10000,218,持分移轉,06720001
RPXVMLTKKHOFFIF18CB,尖山腳段,30.34,都市：住,10000,142,持分移轉,03660000
RPSOMLTKKHOFFHF86CB,中信段,1.64,都市：住,10000,218,持分移轉,06720000
RPSOMLTKKHOFFHF86CB,中信段,.24,都市：住,10000,218,持分移轉,06730001
RPSOMLTKKHOFFHF86CB,中信段,.65,都市：住,10000,218,持分移轉,06730000
RPSOMLTKKHOFFHF86CB,中信段,.22,都市：住,10000,218,持分移轉,06740002
RPSOMLTKKHOFFHF86CB,中信段,.65,都市：住,10000,218,持分移轉,06740000
RPSOMLTKKHOFFHF86CB,中信段,.20,都市：住,10000,218,持分移轉,07150001
RPWOMLTKKHOFFHF27CB,中信段,.71,都市：住,10000,142,持分移轉,05710001
RPSOMLTKKHOFFHF86CB,中信段,1.26,都市：住,10000,218,持分移轉,07150000
RPWOMLTKKHOFFHF27CB,中信段,2.04,都市：住,10000,142,持分移轉,05710000
RPWOMLTKKHOFFHF27CB,中信段,.45,都市：住,10000,142,持分移轉,05730000
RPWOMLTKKHOFFHF27CB,中信段,.26,都市：住,10000,142,持分移轉,05740000
RPWOMLTKKHOFFHF27CB,中信段,.18,都市：住,10000,142,持分移轉,06700000
RPWOMLTKKHOFFHF27CB,中信段,2.00,都市：住,10000,142,持分移轉,06710000
RPWOMLTKKHOFFHF27CB,中信段,.06,都市：住,10000,142,持分移轉,06720001
RPWOMLTKKHOFFHF27CB,中信段,1.06,都市：住,10000,142,持分移轉,06720000
RPWOMLTKKHOFFHF27CB,中信段,.16,都市：住,10000,142,持分移轉,06730001
RPWOMLTKKHOFFHF27CB,中信段,.43,都市：住,10000,142,持分移轉,06730000
RPWOMLTKKHOFFHF27CB,中信段,.14,都市：住,10000,142,持分移轉,06740002
RPWOMLTKKHOFFHF27CB,中信段,.43,都市：住,10000,142,持分移轉,06740000
RPWOMLTKKHOFFHF27CB,中信段,.13,都市：住,10000,142,持分移轉,07150001
RPWOMLTKKHOFFHF27CB,中信段,.82,都市：住,10000,142,持分移轉,07150000
RPVOMLTKKHOFFHF17CB,中信段,.78,都市：住,10000,156,持分移轉,05710001
RPVOMLTKKHOFFHF17CB,中信段,2.25,都市：住,10000,156,持分移轉,05710000
RPVOMLTKKHOFFHF17CB,中信段,.50,都市：住,10000,156,持分移轉,05730000
RPVOMLTKKHOFFHF17CB,中信段,.28,都市：住,10000,156,持分移轉,05740000
RPVOMLTKKHOFFHF17CB,中信段,.20,都市：住,10000,156,持分移轉,06700000
RPVOMLTKKHOFFHF17CB,中信段,2.20,都市：住,10000,156,持分移轉,06710000
RPVOMLTKKHOFFHF17CB,中信段,.06,都市：住,10000,156,持分移轉,06720001
RPVOMLTKKHOFFHF17CB,中信段,1.17,都市：住,10000,156,持分移轉,06720000
RPVOMLTKKHOFFHF17CB,中信段,.17,都市：住,10000,156,持分移轉,06730001
RPVOMLTKKHOFFHF17CB,中信段,.47,都市：住,10000,156,持分移轉,06730000
RPVOMLTKKHOFFHF17CB,中信段,.16,都市：住,10000,156,持分移轉,06740002
RPVOMLTKKHOFFHF17CB,中信段,.47,都市：住,10000,156,持分移轉,06740000
RPVOMLTKKHOFFHF17CB,中信段,.14,都市：住,10000,156,持分移轉,07150001
RPVOMLTKKHOFFHF17CB,中信段,.90,都市：住,10000,156,持分移轉,07150000
RPUOMLTKKHOFFHF07CB,中信段,.84,都市：住,10000,169,持分移轉,05710001
RPUOMLTKKHOFFHF07CB,中信段,2.43,都市：住,10000,169,持分移轉,05710000
RPUOMLTKKHOFFHF07CB,中信段,.54,都市：住,10000,169,持分移轉,05730000
RPUOMLTKKHOFFHF07CB,中信段,.30,都市：住,10000,169,持分移轉,05740000
RPUOMLTKKHOFFHF07CB,中信段,.22,都市：住,10000,169,持分移轉,06700000
RPUOMLTKKHOFFHF07CB,中信段,2.38,都市：住,10000,169,持分移轉,06710000
RPUOMLTKKHOFFHF07CB,中信段,.07,都市：住,10000,169,持分移轉,06720001
RPUOMLTKKHOFFHF07CB,中信段,1.27,都市：住,10000,169,持分移轉,06720000
RPUOMLTKKHOFFHF07CB,中信段,.19,都市：住,10000,169,持分移轉,06730001
RPUOMLTKKHOFFHF07CB,中信段,.51,都市：住,10000,169,持分移轉,06730000
RPUOMLTKKHOFFHF07CB,中信段,.17,都市：住,10000,169,持分移轉,06740002
RPUOMLTKKHOFFHF07CB,中信段,.51,都市：住,10000,169,持分移轉,06740000
RPUOMLTKKHOFFHF07CB,中信段,.15,都市：住,10000,169,持分移轉,07150001
RPUOMLTKKHOFFHF07CB,中信段,.98,都市：住,10000,169,持分移轉,07150000
RPXOMLTKKHOFFHF37CB,中信段,.79,都市：住,10000,157,持分移轉,05710001
RPXOMLTKKHOFFHF37CB,中信段,2.26,都市：住,10000,157,持分移轉,05710000
RPXOMLTKKHOFFHF37CB,中信段,.50,都市：住,10000,157,持分移轉,05730000
RPXOMLTKKHOFFHF37CB,中信段,.28,都市：住,10000,157,持分移轉,05740000
RPXOMLTKKHOFFHF37CB,中信段,.20,都市：住,10000,157,持分移轉,06700000
RPXOMLTKKHOFFHF37CB,中信段,2.21,都市：住,10000,157,持分移轉,06710000
RPXOMLTKKHOFFHF37CB,中信段,.06,都市：住,10000,157,持分移轉,06720001
RPXOMLTKKHOFFHF37CB,中信段,1.18,都市：住,10000,157,持分移轉,06720000
RPXOMLTKKHOFFHF37CB,中信段,.17,都市：住,10000,157,持分移轉,06730001
RPXOMLTKKHOFFHF37CB,中信段,.47,都市：住,10000,157,持分移轉,06730000
RPXOMLTKKHOFFHF37CB,中信段,.16,都市：住,10000,157,持分移轉,06740002
RPXOMLTKKHOFFHF37CB,中信段,.47,都市：住,10000,157,持分移轉,06740000
RPXOMLTKKHOFFHF37CB,中信段,.14,都市：住,10000,157,持分移轉,07150001
RPXOMLTKKHOFFHF37CB,中信段,.91,都市：住,10000,157,持分移轉,07150000
RPOPMLTKKHOFFHF56CB,中信段,1.10,都市：住,10000,221,持分移轉,05710001
RPOPMLTKKHOFFHF56CB,中信段,3.18,都市：住,10000,221,持分移轉,05710000
RPOPMLTKKHOFFHF56CB,中信段,.24,都市：住,10000,221,持分移轉,05730001
RPOPMLTKKHOFFHF56CB,中信段,.46,都市：住,10000,221,持分移轉,05730000
RPOPMLTKKHOFFHF56CB,中信段,.13,都市：住,10000,221,持分移轉,05740001
RPOPMLTKKHOFFHF56CB,中信段,.27,都市：住,10000,221,持分移轉,05740000
RPOPMLTKKHOFFHF56CB,中信段,.29,都市：住,10000,221,持分移轉,06700000
RPOPMLTKKHOFFHF56CB,中信段,3.12,都市：住,10000,221,持分移轉,06710000
RPOPMLTKKHOFFHF56CB,中信段,.09,都市：住,10000,221,持分移轉,06720001
RPOPMLTKKHOFFHF56CB,中信段,1.66,都市：住,10000,221,持分移轉,06720000
RPOPMLTKKHOFFHF56CB,中信段,.24,都市：住,10000,221,持分移轉,06730001
RPOPMLTKKHOFFHF56CB,中信段,.66,都市：住,10000,221,持分移轉,06730000
RPOPMLTKKHOFFHF56CB,中信段,.22,都市：住,10000,221,持分移轉,06740002
RPOPMLTKKHOFFHF56CB,中信段,.66,都市：住,10000,221,持分移轉,06740000
RPOPMLTKKHOFFHF56CB,中信段,.20,都市：住,10000,221,持分移轉,07150001
RPOPMLTKKHOFFHF56CB,中信段,1.28,都市：住,10000,221,持分移轉,07150000
RPQPMLTKKHOFFHF76CB,中信段,.78,都市：住,10000,156,持分移轉,05710001
RPQPMLTKKHOFFHF76CB,中信段,2.25,都市：住,10000,156,持分移轉,05710000
RPQPMLTKKHOFFHF76CB,中信段,.50,都市：住,10000,156,持分移轉,05730000
RPQPMLTKKHOFFHF76CB,中信段,.28,都市：住,10000,156,持分移轉,05740000
RPQPMLTKKHOFFHF76CB,中信段,.20,都市：住,10000,156,持分移轉,06700000
RPQPMLTKKHOFFHF76CB,中信段,2.20,都市：住,10000,156,持分移轉,06710000
RPQPMLTKKHOFFHF76CB,中信段,.06,都市：住,10000,156,持分移轉,06720001
RPQPMLTKKHOFFHF76CB,中信段,1.17,都市：住,10000,156,持分移轉,06720000
RPQPMLTKKHOFFHF76CB,中信段,.17,都市：住,10000,156,持分移轉,06730001
RPQPMLTKKHOFFHF76CB,中信段,.47,都市：住,10000,156,持分移轉,06730000
RPQPMLTKKHOFFHF76CB,中信段,.16,都市：住,10000,156,持分移轉,06740002
RPQPMLTKKHOFFHF76CB,中信段,.47,都市：住,10000,156,持分移轉,06740000
RPQPMLTKKHOFFHF76CB,中信段,.14,都市：住,10000,156,持分移轉,07150001
RPQPMLTKKHOFFHF76CB,中信段,.90,都市：住,10000,156,持分移轉,07150000
RPRPMLTKKHOFFHF86CB,中信段,.78,都市：住,10000,156,持分移轉,05710001
RPRPMLTKKHOFFHF86CB,中信段,2.25,都市：住,10000,156,持分移轉,05710000
RPRPMLTKKHOFFHF86CB,中信段,.50,都市：住,10000,156,持分移轉,05730000
RPRPMLTKKHOFFHF86CB,中信段,.28,都市：住,10000,156,持分移轉,05740000
RPUPMLTKKHOFFHF17CB,中信段,.71,都市：住,10000,142,持分移轉,05710001
RPRPMLTKKHOFFHF86CB,中信段,.20,都市：住,10000,156,持分移轉,06700000
RPUPMLTKKHOFFHF17CB,中信段,2.04,都市：住,10000,142,持分移轉,05710000
RPRPMLTKKHOFFHF86CB,中信段,2.20,都市：住,10000,156,持分移轉,06710000
RPUPMLTKKHOFFHF17CB,中信段,.45,都市：住,10000,142,持分移轉,05730000
RPRPMLTKKHOFFHF86CB,中信段,.06,都市：住,10000,156,持分移轉,06720001
RPUPMLTKKHOFFHF17CB,中信段,.26,都市：住,10000,142,持分移轉,05740000
RPRPMLTKKHOFFHF86CB,中信段,1.17,都市：住,10000,156,持分移轉,06720000
RPUPMLTKKHOFFHF17CB,中信段,.18,都市：住,10000,142,持分移轉,06700000
RPRPMLTKKHOFFHF86CB,中信段,.17,都市：住,10000,156,持分移轉,06730001
RPUPMLTKKHOFFHF17CB,中信段,2.00,都市：住,10000,142,持分移轉,06710000
RPRPMLTKKHOFFHF86CB,中信段,.47,都市：住,10000,156,持分移轉,06730000
RPUPMLTKKHOFFHF17CB,中信段,.06,都市：住,10000,142,持分移轉,06720001
RPRPMLTKKHOFFHF86CB,中信段,.16,都市：住,10000,156,持分移轉,06740002
RPUPMLTKKHOFFHF17CB,中信段,1.06,都市：住,10000,142,持分移轉,06720000
RPRPMLTKKHOFFHF86CB,中信段,.47,都市：住,10000,156,持分移轉,06740000
RPUPMLTKKHOFFHF17CB,中信段,.16,都市：住,10000,142,持分移轉,06730001
RPRPMLTKKHOFFHF86CB,中信段,.14,都市：住,10000,156,持分移轉,07150001
RPUPMLTKKHOFFHF17CB,中信段,.43,都市：住,10000,142,持分移轉,06730000
RPRPMLTKKHOFFHF86CB,中信段,.90,都市：住,10000,156,持分移轉,07150000
RPUPMLTKKHOFFHF17CB,中信段,.14,都市：住,10000,142,持分移轉,06740002
RPUPMLTKKHOFFHF17CB,中信段,.43,都市：住,10000,142,持分移轉,06740000
RPUPMLTKKHOFFHF17CB,中信段,.13,都市：住,10000,142,持分移轉,07150001
RPUPMLTKKHOFFHF17CB,中信段,.82,都市：住,10000,142,持分移轉,07150000
RPSPMLTKKHOFFHF96CB,中信段,.85,都市：住,10000,170,持分移轉,05710001
RPSPMLTKKHOFFHF96CB,中信段,2.45,都市：住,10000,170,持分移轉,05710000
RPSPMLTKKHOFFHF96CB,中信段,.54,都市：住,10000,170,持分移轉,05730000
RPTPMLTKKHOFFHF07CB,中信段,1.08,都市：住,10000,217,持分移轉,05710001
RPSPMLTKKHOFFHF96CB,中信段,.31,都市：住,10000,170,持分移轉,05740000
RPTPMLTKKHOFFHF07CB,中信段,3.12,都市：住,10000,217,持分移轉,05710000
RPSPMLTKKHOFFHF96CB,中信段,.22,都市：住,10000,170,持分移轉,06700000
RPTPMLTKKHOFFHF07CB,中信段,.69,都市：住,10000,217,持分移轉,05730000
RPSPMLTKKHOFFHF96CB,中信段,2.40,都市：住,10000,170,持分移轉,06710000
RPTPMLTKKHOFFHF07CB,中信段,.39,都市：住,10000,217,持分移轉,05740000
RPSPMLTKKHOFFHF96CB,中信段,.07,都市：住,10000,170,持分移轉,06720001
RPSPMLTKKHOFFHF96CB,中信段,1.27,都市：住,10000,170,持分移轉,06720000
RPTPMLTKKHOFFHF07CB,中信段,.28,都市：住,10000,217,持分移轉,06700000
RPVPMLTKKHOFFHF27CB,中信段,1.10,都市：住,10000,221,持分移轉,05710001
RPSPMLTKKHOFFHF96CB,中信段,.19,都市：住,10000,170,持分移轉,06730001
RPTPMLTKKHOFFHF07CB,中信段,3.06,都市：住,10000,217,持分移轉,06710000
RPVPMLTKKHOFFHF27CB,中信段,3.18,都市：住,10000,221,持分移轉,05710000
RPSPMLTKKHOFFHF96CB,中信段,.51,都市：住,10000,170,持分移轉,06730000
RPTPMLTKKHOFFHF07CB,中信段,.09,都市：住,10000,217,持分移轉,06720001
RPVPMLTKKHOFFHF27CB,中信段,.24,都市：住,10000,221,持分移轉,05730001
RPSPMLTKKHOFFHF96CB,中信段,.17,都市：住,10000,170,持分移轉,06740002
RPSPMLTKKHOFFHF96CB,中信段,.51,都市：住,10000,170,持分移轉,06740000
RPWPMLTKKHOFFHF37CB,中信段,1.11,都市：住,10000,223,持分移轉,05710001
RPVPMLTKKHOFFHF27CB,中信段,.46,都市：住,10000,221,持分移轉,05730000
RPSPMLTKKHOFFHF96CB,中信段,.15,都市：住,10000,170,持分移轉,07150001
RPWPMLTKKHOFFHF37CB,中信段,3.21,都市：住,10000,223,持分移轉,05710000
RPVPMLTKKHOFFHF27CB,中信段,.13,都市：住,10000,221,持分移轉,05740001
RPWPMLTKKHOFFHF37CB,中信段,.71,都市：住,10000,223,持分移轉,05730000
RPVPMLTKKHOFFHF27CB,中信段,.27,都市：住,10000,221,持分移轉,05740000
RPWPMLTKKHOFFHF37CB,中信段,.40,都市：住,10000,223,持分移轉,05740000
RPPPMLTKKHOFFHF66CB,中信段,.78,都市：住,10000,156,持分移轉,05710001
RPVPMLTKKHOFFHF27CB,中信段,.29,都市：住,10000,221,持分移轉,06700000
RPWPMLTKKHOFFHF37CB,中信段,.29,都市：住,10000,223,持分移轉,06700000
RPPPMLTKKHOFFHF66CB,中信段,2.25,都市：住,10000,156,持分移轉,05710000
RPVPMLTKKHOFFHF27CB,中信段,3.12,都市：住,10000,221,持分移轉,06710000
RPWPMLTKKHOFFHF37CB,中信段,3.14,都市：住,10000,223,持分移轉,06710000
RPPPMLTKKHOFFHF66CB,中信段,.50,都市：住,10000,156,持分移轉,05730000
RPSPMLTKKHOFFHF96CB,中信段,.99,都市：住,10000,170,持分移轉,07150000
RPVPMLTKKHOFFHF27CB,中信段,.09,都市：住,10000,221,持分移轉,06720001
RPWPMLTKKHOFFHF37CB,中信段,.09,都市：住,10000,223,持分移轉,06720001
RPPPMLTKKHOFFHF66CB,中信段,.28,都市：住,10000,156,持分移轉,05740000
RPVPMLTKKHOFFHF27CB,中信段,1.66,都市：住,10000,221,持分移轉,06720000
RPTPMLTKKHOFFHF07CB,中信段,1.63,都市：住,10000,217,持分移轉,06720000
RPPPMLTKKHOFFHF66CB,中信段,.20,都市：住,10000,156,持分移轉,06700000
RPTPMLTKKHOFFHF07CB,中信段,.24,都市：住,10000,217,持分移轉,06730001
RPPPMLTKKHOFFHF66CB,中信段,2.20,都市：住,10000,156,持分移轉,06710000
RPTPMLTKKHOFFHF07CB,中信段,.65,都市：住,10000,217,持分移轉,06730000
RPPPMLTKKHOFFHF66CB,中信段,.06,都市：住,10000,156,持分移轉,06720001
RPTPMLTKKHOFFHF07CB,中信段,.22,都市：住,10000,217,持分移轉,06740002
RPPPMLTKKHOFFHF66CB,中信段,1.17,都市：住,10000,156,持分移轉,06720000
RPTPMLTKKHOFFHF07CB,中信段,.65,都市：住,10000,217,持分移轉,06740000
RPPPMLTKKHOFFHF66CB,中信段,.17,都市：住,10000,156,持分移轉,06730001
RPWPMLTKKHOFFHF37CB,中信段,1.67,都市：住,10000,223,持分移轉,06720000
RPTPMLTKKHOFFHF07CB,中信段,.20,都市：住,10000,217,持分移轉,07150001
RPPPMLTKKHOFFHF66CB,中信段,.47,都市：住,10000,156,持分移轉,06730000
RPWPMLTKKHOFFHF37CB,中信段,.25,都市：住,10000,223,持分移轉,06730001
RPTPMLTKKHOFFHF07CB,中信段,1.26,都市：住,10000,217,持分移轉,07150000
RPWPMLTKKHOFFHF37CB,中信段,.67,都市：住,10000,223,持分移轉,06730000
RPVPMLTKKHOFFHF27CB,中信段,.24,都市：住,10000,221,持分移轉,06730001
RPPPMLTKKHOFFHF66CB,中信段,.16,都市：住,10000,156,持分移轉,06740002
RPWPMLTKKHOFFHF37CB,中信段,.22,都市：住,10000,223,持分移轉,06740002
RPVPMLTKKHOFFHF27CB,中信段,.66,都市：住,10000,221,持分移轉,06730000
RPPPMLTKKHOFFHF66CB,中信段,.47,都市：住,10000,156,持分移轉,06740000
RPWPMLTKKHOFFHF37CB,中信段,.67,都市：住,10000,223,持分移轉,06740000
RPVPMLTKKHOFFHF27CB,中信段,.22,都市：住,10000,221,持分移轉,06740002
RPPPMLTKKHOFFHF66CB,中信段,.14,都市：住,10000,156,持分移轉,07150001
RPWPMLTKKHOFFHF37CB,中信段,.20,都市：住,10000,223,持分移轉,07150001
RPVPMLTKKHOFFHF27CB,中信段,.66,都市：住,10000,221,持分移轉,06740000
RPPPMLTKKHOFFHF66CB,中信段,.90,都市：住,10000,156,持分移轉,07150000
RPWPMLTKKHOFFHF37CB,中信段,1.29,都市：住,10000,223,持分移轉,07150000
RPVPMLTKKHOFFHF27CB,中信段,.20,都市：住,10000,221,持分移轉,07150001
RPVPMLTKKHOFFHF27CB,中信段,1.28,都市：住,10000,221,持分移轉,07150000
RPXPMLTKKHOFFHF47CB,中信段,.80,都市：住,10000,159,持分移轉,05710001
RPXPMLTKKHOFFHF47CB,中信段,2.29,都市：住,10000,159,持分移轉,05710000
RPXPMLTKKHOFFHF47CB,中信段,.33,都市：住,10000,159,持分移轉,05730000
RPXPMLTKKHOFFHF47CB,中信段,.19,都市：住,10000,159,持分移轉,05740000
RPXPMLTKKHOFFHF47CB,中信段,.21,都市：住,10000,159,持分移轉,06700000
RPXPMLTKKHOFFHF47CB,中信段,2.24,都市：住,10000,159,持分移轉,06710000
RPXPMLTKKHOFFHF47CB,中信段,.06,都市：住,10000,159,持分移轉,06720001
RPXPMLTKKHOFFHF47CB,中信段,1.19,都市：住,10000,159,持分移轉,06720000
RPXPMLTKKHOFFHF47CB,中信段,.17,都市：住,10000,159,持分移轉,06730001
RPXPMLTKKHOFFHF47CB,中信段,.48,都市：住,10000,159,持分移轉,06730000
RPXPMLTKKHOFFHF47CB,中信段,.16,都市：住,10000,159,持分移轉,06740002
RPXPMLTKKHOFFHF47CB,中信段,.48,都市：住,10000,159,持分移轉,06740000
RPXPMLTKKHOFFHF47CB,中信段,.14,都市：住,10000,159,持分移轉,07150001
RPXPMLTKKHOFFHF47CB,中信段,.92,都市：住,10000,159,持分移轉,07150000
RPXPMLTKKHOFFHF47CB,中信段,.17,都市：住,10000,159,持分移轉,05730001
RPXPMLTKKHOFFHF47CB,中信段,.10,都市：住,10000,159,持分移轉,05740001
RPQQMLTKKHOFFHF86CB,中信段,.71,都市：住,10000,142,持分移轉,05710001
RPQQMLTKKHOFFHF86CB,中信段,2.04,都市：住,10000,142,持分移轉,05710000
RPQQMLTKKHOFFHF86CB,中信段,.45,都市：住,10000,142,持分移轉,05730000
RPQQMLTKKHOFFHF86CB,中信段,.26,都市：住,10000,142,持分移轉,05740000
RPQQMLTKKHOFFHF86CB,中信段,.18,都市：住,10000,142,持分移轉,06700000
RPQQMLTKKHOFFHF86CB,中信段,2.00,都市：住,10000,142,持分移轉,06710000
RPQQMLTKKHOFFHF86CB,中信段,.06,都市：住,10000,142,持分移轉,06720001
RPQQMLTKKHOFFHF86CB,中信段,1.06,都市：住,10000,142,持分移轉,06720000
RPQQMLTKKHOFFHF86CB,中信段,.16,都市：住,10000,142,持分移轉,06730001
RPQQMLTKKHOFFHF86CB,中信段,.43,都市：住,10000,142,持分移轉,06730000
RPQQMLTKKHOFFHF86CB,中信段,.14,都市：住,10000,142,持分移轉,06740002
RPQQMLTKKHOFFHF86CB,中信段,.43,都市：住,10000,142,持分移轉,06740000
RPQQMLTKKHOFFHF86CB,中信段,.13,都市：住,10000,142,持分移轉,07150001
RPQQMLTKKHOFFHF86CB,中信段,.82,都市：住,10000,142,持分移轉,07150000
RPOQMLTKKHOFFHF66CB,中信段,.84,都市：住,10000,169,持分移轉,05710001
RPOQMLTKKHOFFHF66CB,中信段,2.43,都市：住,10000,169,持分移轉,05710000
RPOQMLTKKHOFFHF66CB,中信段,.54,都市：住,10000,169,持分移轉,05730000
RPOQMLTKKHOFFHF66CB,中信段,.30,都市：住,10000,169,持分移轉,05740000
RPSNMLKLKHOFFIF68CB,尖山腳段,30.34,都市：住,10000,142,持分移轉,03660000
RPVNMLKLKHOFFIF98CB,尖山腳段,30.34,都市：住,10000,142,持分移轉,03660000
RPOQMLTKKHOFFHF66CB,中信段,.22,都市：住,10000,169,持分移轉,06700000
RPOQMLTKKHOFFHF66CB,中信段,2.38,都市：住,10000,169,持分移轉,06710000
RPOQMLTKKHOFFHF66CB,中信段,.07,都市：住,10000,169,持分移轉,06720001
RPPQMLTKKHOFFHF76CB,中信段,1.09,都市：住,10000,218,持分移轉,05710001
RPPQMLTKKHOFFHF76CB,中信段,3.14,都市：住,10000,218,持分移轉,05710000
RPPQMLTKKHOFFHF76CB,中信段,.46,都市：住,10000,218,持分移轉,05730000
RPOQMLTKKHOFFHF66CB,中信段,1.27,都市：住,10000,169,持分移轉,06720000
RPPQMLTKKHOFFHF76CB,中信段,.26,都市：住,10000,218,持分移轉,05740000
RPOQMLTKKHOFFHF66CB,中信段,.19,都市：住,10000,169,持分移轉,06730001
RPPQMLTKKHOFFHF76CB,中信段,.28,都市：住,10000,218,持分移轉,06700000
RPOQMLTKKHOFFHF66CB,中信段,.51,都市：住,10000,169,持分移轉,06730000
RPPQMLTKKHOFFHF76CB,中信段,3.07,都市：住,10000,218,持分移轉,06710000
RPOQMLTKKHOFFHF66CB,中信段,.17,都市：住,10000,169,持分移轉,06740002
RPPQMLTKKHOFFHF76CB,中信段,.09,都市：住,10000,218,持分移轉,06720001
RPOQMLTKKHOFFHF66CB,中信段,.51,都市：住,10000,169,持分移轉,06740000
RPPQMLTKKHOFFHF76CB,中信段,1.64,都市：住,10000,218,持分移轉,06720000
RPOQMLTKKHOFFHF66CB,中信段,.15,都市：住,10000,169,持分移轉,07150001
RPWNMLKLKHOFFIF09CB,尖山腳段,30.34,都市：住,10000,142,持分移轉,03660000
RPPQMLTKKHOFFHF76CB,中信段,.24,都市：住,10000,218,持分移轉,06730001
RPPQMLTKKHOFFHF76CB,中信段,.65,都市：住,10000,218,持分移轉,06730000
RPPQMLTKKHOFFHF76CB,中信段,.22,都市：住,10000,218,持分移轉,06740002
RPPQMLTKKHOFFHF76CB,中信段,.65,都市：住,10000,218,持分移轉,06740000
RPPQMLTKKHOFFHF76CB,中信段,.20,都市：住,10000,218,持分移轉,07150001
RPPQMLTKKHOFFHF76CB,中信段,1.26,都市：住,10000,218,持分移轉,07150000
RPPQMLTKKHOFFHF76CB,中信段,.24,都市：住,10000,218,持分移轉,05730001
RPPQMLTKKHOFFHF76CB,中信段,.13,都市：住,10000,218,持分移轉,05740001
RPOQMLTKKHOFFHF66CB,中信段,.98,都市：住,10000,169,持分移轉,07150000
RPUNMLKLKHOFFIF88CB,尖山腳段,30.34,都市：住,10000,142,持分移轉,03660000
RPXNMLKLKHOFFIF56CB,尖山腳段,30.34,都市：住,10000,142,持分移轉,03660000
RPTNMLKLKHOFFIF78CB,尖山腳段,30.34,都市：住,10000,142,持分移轉,03660000
RPQOMLKLKHOFFIF58CB,尖山腳段,22.64,都市：住,10000,106,持分移轉,03660000
RPROMLKLKHOFFIF68CB,尖山腳段,22.64,都市：住,10000,106,持分移轉,03660000
RPOOMLKLKHOFFIF38CB,尖山腳段,30.34,都市：住,10000,142,持分移轉,03660000
RPSOMLKLKHOFFIF78CB,尖山腳段,22.64,都市：住,10000,106,持分移轉,03660000
RPUOMLKLKHOFFIF98CB,尖山腳段,22.64,都市：住,10000,106,持分移轉,03660000
RPPOMLKLKHOFFIF48CB,尖山腳段,22.64,都市：住,10000,106,持分移轉,03660000
RPXOMLKLKHOFFIF66CB,尖山腳段,22.64,都市：住,10000,106,持分移轉,03660000
RPVOMLKLKHOFFIF09CB,尖山腳段,22.64,都市：住,10000,106,持分移轉,03660000
RPTOMLKLKHOFFIF88CB,尖山腳段,22.64,都市：住,10000,106,持分移轉,03660000
RPWOMLKLKHOFFIF56CB,尖山腳段,22.64,都市：住,10000,106,持分移轉,03660000
RPPPMLKLKHOFFIF58CB,尖山腳段,22.64,都市：住,10000,106,持分移轉,03660000
RPQPMLKLKHOFFIF68CB,尖山腳段,22.64,都市：住,10000,106,持分移轉,03660000
RPOPMLKLKHOFFIF48CB,尖山腳段,22.64,都市：住,10000,106,持分移轉,03660000
RPSPMLKLKHOFFIF88CB,尖山腳段,22.64,都市：住,10000,106,持分移轉,03660000
RPTPMLKLKHOFFIF98CB,尖山腳段,22.64,都市：住,10000,106,持分移轉,03660000
RPRPMLKLKHOFFIF78CB,尖山腳段,22.64,都市：住,10000,106,持分移轉,03660000
RPXPMLKLKHOFFIF76CB,尖山腳段,20.08,都市：住,10000,94,持分移轉,03660000
RPQQMLKLKHOFFIF78CB,尖山腳段,20.08,都市：住,10000,94,持分移轉,03660000
RPPQMLKLKHOFFIF68CB,尖山腳段,20.08,都市：住,10000,94,持分移轉,03660000
RPOQMLKLKHOFFIF58CB,尖山腳段,20.08,都市：住,10000,94,持分移轉,03660000
RPRQMLKLKHOFFIF88CB,尖山腳段,20.08,都市：住,10000,94,持分移轉,03660000
RPTQMLKLKHOFFIF09CB,尖山腳段,20.08,都市：住,10000,94,持分移轉,03660000
RPSQMLKLKHOFFIF98CB,尖山腳段,20.08,都市：住,10000,94,持分移轉,03660000
RPUQMLKLKHOFFIF56CB,尖山腳段,20.08,都市：住,10000,94,持分移轉,03660000
RPWQMLKLKHOFFIF76CB,尖山腳段,20.29,都市：住,10000,95,持分移轉,03660000
RPVQMLKLKHOFFIF66CB,尖山腳段,20.29,都市：住,10000,95,持分移轉,03660000
RPXQMLKLKHOFFIF86CB,尖山腳段,20.08,都市：住,10000,94,持分移轉,03660000
RPPRMLKLKHOFFIF78CB,尖山腳段,20.29,都市：住,10000,95,持分移轉,03660000
RPQQMLPLKHOFFAF48CB,土城段,1.73,都市：住,10000,58,持分移轉,05590001
RPQQMLPLKHOFFAF48CB,土城段,13.11,都市：住,10000,58,持分移轉,05590000
RPQQMLPLKHOFFAF48CB,土城段,.32,都市：住,10000,58,持分移轉,05710000
RPQRMLKLKHOFFIF88CB,尖山腳段,20.29,都市：住,10000,95,持分移轉,03660000
RPRPMLQLKHOFFAF58CB,土城段,2.15,都市：住,10000,72,持分移轉,05590001
RPORMLKLKHOFFIF68CB,尖山腳段,20.29,都市：住,10000,95,持分移轉,03660000
RPRPMLQLKHOFFAF58CB,土城段,16.27,都市：住,10000,72,持分移轉,05590000
RPRPMLQLKHOFFAF58CB,土城段,.40,都市：住,10000,72,持分移轉,05710000
RPQPMLQLKHOFFAF48CB,土城段,2.15,都市：住,10000,72,持分移轉,05590001
RPQPMLQLKHOFFAF48CB,土城段,16.27,都市：住,10000,72,持分移轉,05590000
RPQPMLQLKHOFFAF48CB,土城段,.40,都市：住,10000,72,持分移轉,05710000
RPPPMLQLKHOFFAF38CB,土城段,2.30,都市：住,10000,77,持分移轉,05590001
RPPPMLQLKHOFFAF38CB,土城段,17.40,都市：住,10000,77,持分移轉,05590000
RPPPMLQLKHOFFAF38CB,土城段,.42,都市：住,10000,77,持分移轉,05710000
RPTTMLQLKHOFFAF56CB,土城段,2.30,都市：住,10000,77,持分移轉,05590001
RPTTMLQLKHOFFAF56CB,土城段,17.40,都市：住,10000,77,持分移轉,05590000
RPTTMLQLKHOFFAF56CB,土城段,.42,都市：住,10000,77,持分移轉,05710000
RPXRMLQLKHOFFAF76CB,土城段,2.30,都市：住,10000,77,持分移轉,05590001
RPXRMLQLKHOFFAF76CB,土城段,17.40,都市：住,10000,77,持分移轉,05590000
RPXRMLQLKHOFFAF76CB,土城段,.42,都市：住,10000,77,持分移轉,05710000
RPXTMLQLKHOFFAF96CB,土城段,2.30,都市：住,10000,77,持分移轉,05590001
RPXTMLQLKHOFFAF96CB,土城段,17.40,都市：住,10000,77,持分移轉,05590000
RPXTMLQLKHOFFAF96CB,土城段,.42,都市：住,10000,77,持分移轉,05710000
RPSUMLQLKHOFFAF56CB,土城段,2.30,都市：住,10000,77,持分移轉,05590001
RPSUMLQLKHOFFAF56CB,土城段,17.40,都市：住,10000,77,持分移轉,05590000
RPSUMLQLKHOFFAF56CB,土城段,.42,都市：住,10000,77,持分移轉,05710000
RPQVMLQLKHOFFAF09CB,土城段,1.55,都市：住,10000,52,持分移轉,05590001
RPQVMLQLKHOFFAF09CB,土城段,11.75,都市：住,10000,52,持分移轉,05590000
RPQVMLQLKHOFFAF09CB,土城段,.29,都市：住,10000,52,持分移轉,05710000
RPVVMLQLKHOFFAF96CB,土城段,1.55,都市：住,10000,52,持分移轉,05590001
RPVVMLQLKHOFFAF96CB,土城段,11.75,都市：住,10000,52,持分移轉,05590000
RPVVMLQLKHOFFAF96CB,土城段,.29,都市：住,10000,52,持分移轉,05710000
RPVUMLQLKHOFFAF86CB,土城段,1.55,都市：住,10000,52,持分移轉,05590001
RPVUMLQLKHOFFAF86CB,土城段,11.75,都市：住,10000,52,持分移轉,05590000
RPVUMLQLKHOFFAF86CB,土城段,.29,都市：住,10000,52,持分移轉,05710000
RPXUMLQLKHOFFAF07CB,土城段,1.55,都市：住,10000,52,持分移轉,05590001
RPXUMLQLKHOFFAF07CB,土城段,11.75,都市：住,10000,52,持分移轉,05590000
RPXUMLQLKHOFFAF07CB,土城段,.29,都市：住,10000,52,持分移轉,05710000
RPWVMLQLKHOFFAF07CB,土城段,1.70,都市：住,10000,57,持分移轉,05590001
RPWVMLQLKHOFFAF07CB,土城段,12.88,都市：住,10000,57,持分移轉,05590000
RPWVMLQLKHOFFAF07CB,土城段,.31,都市：住,10000,57,持分移轉,05710000
RPVNNLQLKHOFFAF88CB,土城段,1.70,都市：住,10000,57,持分移轉,05590001
RPVNNLQLKHOFFAF88CB,土城段,12.88,都市：住,10000,57,持分移轉,05590000
RPVNNLQLKHOFFAF88CB,土城段,.31,都市：住,10000,57,持分移轉,05710000
RPTVMLQLKHOFFAF76CB,土城段,1.55,都市：住,10000,52,持分移轉,05590001
RPTVMLQLKHOFFAF76CB,土城段,11.75,都市：住,10000,52,持分移轉,05590000
RPTVMLQLKHOFFAF76CB,土城段,.29,都市：住,10000,52,持分移轉,05710000
RPXNNLQLKHOFFAF09CB,土城段,1.70,都市：住,10000,57,持分移轉,05590001
RPXNNLQLKHOFFAF09CB,土城段,12.88,都市：住,10000,57,持分移轉,05590000
RPXNNLQLKHOFFAF09CB,土城段,.31,都市：住,10000,57,持分移轉,05710000
RPOONLQLKHOFFAF28CB,土城段,1.70,都市：住,10000,57,持分移轉,05590001
RPOONLQLKHOFFAF28CB,土城段,12.88,都市：住,10000,57,持分移轉,05590000
RPOONLQLKHOFFAF28CB,土城段,.31,都市：住,10000,57,持分移轉,05710000
RPPONLQLKHOFFAF38CB,土城段,1.70,都市：住,10000,57,持分移轉,05590001
RPPONLQLKHOFFAF38CB,土城段,12.88,都市：住,10000,57,持分移轉,05590000
RPPONLQLKHOFFAF38CB,土城段,.31,都市：住,10000,57,持分移轉,05710000
RPTONLQLKHOFFAF78CB,土城段,1.70,都市：住,10000,57,持分移轉,05590001
RPTONLQLKHOFFAF78CB,土城段,12.88,都市：住,10000,57,持分移轉,05590000
RPTONLQLKHOFFAF78CB,土城段,.31,都市：住,10000,57,持分移轉,05710000
RPVONLQLKHOFFAF98CB,土城段,1.70,都市：住,10000,57,持分移轉,05590001
RPVONLQLKHOFFAF98CB,土城段,12.88,都市：住,10000,57,持分移轉,05590000
RPVONLQLKHOFFAF98CB,土城段,.31,都市：住,10000,57,持分移轉,05710000
RPVWMLRLKHOFFAF17CB,江翠段,4.47,都市：住,100000,399,持分移轉,00530000
RPVWMLRLKHOFFAF17CB,江翠段,2.08,都市：住,100000,399,持分移轉,00550000
RPVWMLRLKHOFFAF17CB,江翠段,.99,都市：住,100000,399,持分移轉,00560000
RPVWMLRLKHOFFAF17CB,江翠段,.62,都市：住,100000,399,持分移轉,00570001
RPVWMLRLKHOFFAF17CB,江翠段,8.48,都市：住,100000,399,持分移轉,00570000
RPVWMLRLKHOFFAF17CB,江翠段,2.54,都市：住,100000,399,持分移轉,00580000
RPOPNLQLKHOFFAF38CB,土城段,1.55,都市：住,10000,52,持分移轉,05590001
RPWONLQLKHOFFAF09CB,土城段,.29,都市：住,10000,52,持分移轉,05710000
RPWONLQLKHOFFAF09CB,土城段,1.55,都市：住,10000,52,持分移轉,05590001
RPWTMLRLKHOFFAF17EB,土城段,2.30,都市：住,10000,77,持分移轉,05590001
RPWTMLRLKHOFFAF17EB,土城段,17.40,都市：住,10000,77,持分移轉,05590000
RPVWMLRLKHOFFAF17CB,江翠段,1.05,都市：住,100000,399,持分移轉,00590000
RPWTMLRLKHOFFAF17EB,土城段,.42,都市：住,10000,77,持分移轉,05710000
RPWONLQLKHOFFAF09CB,土城段,11.75,都市：住,10000,52,持分移轉,05590000
RPVWMLRLKHOFFAF17CB,江翠段,.54,都市：住,100000,399,持分移轉,00600000
RPOPNLQLKHOFFAF38CB,土城段,11.75,都市：住,10000,52,持分移轉,05590000
RPOPNLQLKHOFFAF38CB,土城段,.29,都市：住,10000,52,持分移轉,05710000
RPWQMLRLKHOFFAF66CB,土城段,1.88,都市：住,10000,63,持分移轉,05590001
RPUWMLRLKHOFFAF07CB,江翠段,2.85,都市：住,100000,254,持分移轉,00530000
RPUWMLRLKHOFFAF07CB,江翠段,1.32,都市：住,100000,254,持分移轉,00550000
RPWQMLRLKHOFFAF66CB,土城段,14.23,都市：住,10000,63,持分移轉,05590000
RPUWMLRLKHOFFAF07CB,江翠段,.63,都市：住,100000,254,持分移轉,00560000
RPWQMLRLKHOFFAF66CB,土城段,.35,都市：住,10000,63,持分移轉,05710000
RPUWMLRLKHOFFAF07CB,江翠段,.39,都市：住,100000,254,持分移轉,00570001
RPUWMLRLKHOFFAF07CB,江翠段,5.40,都市：住,100000,254,持分移轉,00570000
RPUWMLRLKHOFFAF07CB,江翠段,1.62,都市：住,100000,254,持分移轉,00580000
RPUWMLRLKHOFFAF07CB,江翠段,.67,都市：住,100000,254,持分移轉,00590000
RPUWMLRLKHOFFAF07CB,江翠段,.34,都市：住,100000,254,持分移轉,00600000
RPRUMLRLKHOFFAF76EB,土城段,1.73,都市：住,10000,58,持分移轉,05590001
RPRUMLRLKHOFFAF76EB,土城段,13.11,都市：住,10000,58,持分移轉,05590000
RPRUMLRLKHOFFAF76EB,土城段,.32,都市：住,10000,58,持分移轉,05710000
RPTRMLOJLHOFFAF88EB,土城段,2.30,都市：住,10000,77,持分移轉,05590001
RPTRMLOJLHOFFAF88EB,土城段,17.40,都市：住,10000,77,持分移轉,05590000
RPTRMLOJLHOFFAF88EB,土城段,.42,都市：住,10000,77,持分移轉,05710000
RPURMLOJLHOFFAF98EB,土城段,2.30,都市：住,10000,77,持分移轉,05590001
RPURMLOJLHOFFAF98EB,土城段,17.40,都市：住,10000,77,持分移轉,05590000
RPURMLOJLHOFFAF98EB,土城段,.42,都市：住,10000,77,持分移轉,05710000
RPVRMLOJLHOFFAF09EB,土城段,1.70,都市：住,10000,57,持分移轉,05590001
RPVRMLOJLHOFFAF09EB,土城段,12.88,都市：住,10000,57,持分移轉,05590000
RPVRMLOJLHOFFAF09EB,土城段,.31,都市：住,10000,57,持分移轉,05710000
RPWNMLPJLHOFFHF76CB,安樂段,2.69,都市：住,10000,200,持分移轉,05710000
RPWNMLPJLHOFFHF76CB,安樂段,6.09,都市：住,10000,200,持分移轉,05720000
RPWNMLPJLHOFFHF76CB,安樂段,1.45,都市：住,10000,200,持分移轉,05730000
RPWNMLPJLHOFFHF76CB,安樂段,.70,都市：住,10000,200,持分移轉,05740000
RPWNMLPJLHOFFHF76CB,安樂段,.64,都市：住,10000,200,持分移轉,05750000
RPPUMLMKLHOFFAF48CB,明德段,5.00,都市：住,100000,320,持分移轉,00350000
RPPUMLMKLHOFFAF48CB,明德段,3.03,都市：住,100000,319,持分移轉,00360000
RPPOMLOJLHOFFHF68CB,安樂段,1.82,都市：住,10000,135,持分移轉,05710000
RPPOMLOJLHOFFHF68CB,安樂段,4.11,都市：住,10000,135,持分移轉,05720000
RPPOMLOJLHOFFHF68CB,安樂段,.98,都市：住,10000,135,持分移轉,05730000
RPPOMLOJLHOFFHF68CB,安樂段,.48,都市：住,10000,135,持分移轉,05740000
RPRNMLPJLHOFFHF88CB,安樂段,2.60,都市：住,10000,193,持分移轉,05710000
RPPOMLOJLHOFFHF68CB,安樂段,.43,都市：住,10000,135,持分移轉,05750000
RPRNMLPJLHOFFHF88CB,安樂段,5.88,都市：住,10000,193,持分移轉,05720000
RPRNMLPJLHOFFHF88CB,安樂段,1.40,都市：住,10000,193,持分移轉,05730000
RPRNMLPJLHOFFHF88CB,安樂段,.68,都市：住,10000,193,持分移轉,05740000
RPRNMLPJLHOFFHF88CB,安樂段,.62,都市：住,10000,193,持分移轉,05750000
RPTPMLOJLHOFFHF56CB,安樂段,2.60,都市：住,10000,193,持分移轉,05710000
RPTPMLOJLHOFFHF56CB,安樂段,5.88,都市：住,10000,193,持分移轉,05720000
RPTPMLOJLHOFFHF56CB,安樂段,1.40,都市：住,10000,193,持分移轉,05730000
RPTPMLOJLHOFFHF56CB,安樂段,.68,都市：住,10000,193,持分移轉,05740000
RPTPMLOJLHOFFHF56CB,安樂段,.62,都市：住,10000,193,持分移轉,05750000
RPQOMLOJLHOFFHF78CB,安樂段,1.82,都市：住,10000,135,持分移轉,05710000
RPQOMLOJLHOFFHF78CB,安樂段,4.11,都市：住,10000,135,持分移轉,05720000
RPQOMLOJLHOFFHF78CB,安樂段,.98,都市：住,10000,135,持分移轉,05730000
RPQOMLOJLHOFFHF78CB,安樂段,.48,都市：住,10000,135,持分移轉,05740000
RPQOMLOJLHOFFHF78CB,安樂段,.43,都市：住,10000,135,持分移轉,05750000
RPPWMLMKLHOFFAF68CB,明德段,4.65,都市：住,100000,298,持分移轉,00350000
RPPWMLMKLHOFFAF68CB,明德段,2.82,都市：住,100000,297,持分移轉,00360000
RPRQMLSKLHOFFBF98CB,中誠段,6.34,都市：住,100000,999,持分移轉,08070000
RPOQMLSKLHOFFBF68CB,中誠段,9.34,都市：住,100000,1470,持分移轉,08070000
RPWRNLMKLHOFFAF98CB,明德段,7.25,都市：住,100000,464,持分移轉,00350000
RPWRNLMKLHOFFAF98CB,明德段,4.40,都市：住,100000,463,持分移轉,00360000
RPSQMLSKLHOFFBF09CB,中誠段,9.16,都市：住,100000,1443,持分移轉,08070000
RPTQMLSKLHOFFBF56CB,中誠段,6.29,都市：住,100000,991,持分移轉,08070000
RPVQMLSKLHOFFBF76CB,中誠段,6.34,都市：住,100000,999,持分移轉,08070000
RPWQMLSKLHOFFBF86CB,中誠段,6.29,都市：住,100000,991,持分移轉,08070000
RPXQMLSKLHOFFBF96CB,中誠段,6.27,都市：住,100000,988,持分移轉,08070000
RPUQMLSKLHOFFBF66CB,中誠段,6.34,都市：住,100000,999,持分移轉,08070000
RPORMLSKLHOFFBF78CB,中誠段,9.16,都市：住,100000,1443,持分移轉,08070000
RPRRMLSKLHOFFBF09CB,中誠段,6.27,都市：住,100000,988,持分移轉,08070000
RPQRMLSKLHOFFBF98CB,中誠段,9.34,都市：住,100000,1470,持分移轉,08070000
RPSRMLSKLHOFFBF56CB,中誠段,9.34,都市：住,100000,1470,持分移轉,08070000
RPVRMLSKLHOFFBF86CB,中誠段,8.90,都市：住,100000,1401,持分移轉,08070000
RPURMLSKLHOFFBF76CB,中誠段,9.34,都市：住,100000,1470,持分移轉,08070000
RPUSMLSKLHOFFBF86CB,中誠段,16.25,都市：住,100000,2559,持分移轉,08070000
RPVSMLSKLHOFFBF96CB,中誠段,9.16,都市：住,100000,1443,持分移轉,08070000
RPPSMLSKLHOFFBF98CB,中誠段,9.16,都市：住,100000,1443,持分移轉,08070000
RPRSMLSKLHOFFBF56CB,中誠段,6.34,都市：住,100000,999,持分移轉,08070000
RPQSMLSKLHOFFBF09CB,中誠段,9.34,都市：住,100000,1470,持分移轉,08070000
RPWSMLSKLHOFFBF07CB,中誠段,6.29,都市：住,100000,991,持分移轉,08070000
RPXSMLSKLHOFFBF17CB,中誠段,6.29,都市：住,100000,991,持分移轉,08070000
RPQTMLSKLHOFFBF56CB,中誠段,6.29,都市：住,100000,991,持分移轉,08070000
RPPTMLSKLHOFFBF09CB,中誠段,16.25,都市：住,100000,2559,持分移轉,08070000
RPRTMLSKLHOFFBF66CB,中誠段,6.34,都市：住,100000,999,持分移轉,08070000
RPTOMLMLLHOFFCF58CB,順安段,11.95,都市：住,100000,585,持分移轉,06880000
RPWTMLSKLHOFFBF17CB,中誠段,9.34,都市：住,100000,1470,持分移轉,08070000
RPSTMLSKLHOFFBF76CB,中誠段,6.34,都市：住,100000,999,持分移轉,08070000
RPSOMLMLLHOFFCF48CB,順安段,11.89,都市：住,100000,582,持分移轉,06880000
RPUOMLMLLHOFFCF68CB,順安段,12.16,都市：住,100000,595,持分移轉,06880000
RPVOMLMLLHOFFCF78CB,順安段,12.16,都市：住,100000,595,持分移轉,06880000
RPXOMLMLLHOFFCF98CB,順安段,12.16,都市：住,100000,595,持分移轉,06880000
RPOPMLMLLHOFFCF18CB,順安段,12.16,都市：住,100000,595,持分移轉,06880000
RPPPMLMLLHOFFCF28CB,順安段,12.16,都市：住,100000,595,持分移轉,06880000
RPQPMLMLLHOFFCF38CB,順安段,12.16,都市：住,100000,595,持分移轉,06880000
RPTPMLMLLHOFFCF68CB,順安段,14.95,都市：住,100000,732,持分移轉,06880000
RPRPMLMLLHOFFCF48CB,順安段,12.16,都市：住,100000,595,持分移轉,06880000
RPSPMLMLLHOFFCF58CB,順安段,14.95,都市：住,100000,732,持分移轉,06880000
RPVPMLMLLHOFFCF88CB,順安段,14.95,都市：住,100000,732,持分移轉,06880000
RPUPMLMLLHOFFCF78CB,順安段,14.95,都市：住,100000,732,持分移轉,06880000
RPXPMLMLLHOFFCF09CB,順安段,14.95,都市：住,100000,732,持分移轉,06880000
RPPQMLMLLHOFFCF38CB,順安段,14.79,都市：住,100000,724,持分移轉,06880000
RPOQMLMLLHOFFCF28CB,順安段,14.79,都市：住,100000,724,持分移轉,06880000
RPQQMLMLLHOFFCF48CB,順安段,14.79,都市：住,100000,724,持分移轉,06880000
RPRQMLMLLHOFFCF58CB,順安段,14.59,都市：住,100000,714,持分移轉,06880000
RPTQMLMLLHOFFCF78CB,順安段,14.79,都市：住,100000,724,持分移轉,06880000
RPTRMLMLLHOFFCF88CB,順安段,16.75,都市：住,100000,820,持分移轉,06880000
RPWQMLMLLHOFFCF09CB,順安段,14.79,都市：住,100000,724,持分移轉,06880000
RPURMLMLLHOFFCF98CB,順安段,16.75,都市：住,100000,820,持分移轉,06880000
RPSQMLMLLHOFFCF68CB,順安段,14.59,都市：住,100000,714,持分移轉,06880000
RPVRMLMLLHOFFCF09CB,順安段,16.75,都市：住,100000,820,持分移轉,06880000
RPUQMLMLLHOFFCF88CB,順安段,14.79,都市：住,100000,724,持分移轉,06880000
RPXQMLMLLHOFFCF56CB,順安段,14.79,都市：住,100000,724,持分移轉,06880000
RPWRMLMLLHOFFCF56CB,順安段,16.75,都市：住,100000,820,持分移轉,06880000
RPXRMLMLLHOFFCF66CB,順安段,14.95,都市：住,100000,732,持分移轉,06880000
RPPSMLMLLHOFFCF58CB,順安段,16.67,都市：住,100000,816,持分移轉,06880000
RPRSMLMLLHOFFCF78CB,順安段,14.79,都市：住,100000,724,持分移轉,06880000
RPOSMLMLLHOFFCF48CB,順安段,16.75,都市：住,100000,820,持分移轉,06880000
RPSSMLMLLHOFFCF88CB,順安段,14.95,都市：住,100000,732,持分移轉,06880000
RPQSMLMLLHOFFCF68CB,順安段,14.95,都市：住,100000,732,持分移轉,06880000
RPUSMLMLLHOFFCF09CB,順安段,16.75,都市：住,100000,820,持分移轉,06880000
RPTSMLMLLHOFFCF98CB,順安段,12.16,都市：住,100000,595,持分移轉,06880000
RPVSMLMLLHOFFCF56CB,順安段,16.75,都市：住,100000,820,持分移轉,06880000
RPWSMLMLLHOFFCF66CB,順安段,16.75,都市：住,100000,820,持分移轉,06880000
RPQNMLNLLHOFFCF28CB,順安段,11.89,都市：住,100000,582,持分移轉,06880000
RPRNMLNLLHOFFCF38CB,順安段,10.05,都市：住,100000,492,持分移轉,06880000
RPSNMLNLLHOFFCF48CB,順安段,12.16,都市：住,100000,595,持分移轉,06880000
RPTNMLNLLHOFFCF58CB,順安段,16.75,都市：住,100000,820,持分移轉,06880000
RPPNMLNLLHOFFCF18CB,順安段,10.26,都市：住,100000,502,持分移轉,06880000
RPUNMLNLLHOFFCF68CB,順安段,16.67,都市：住,100000,816,持分移轉,06880000
RPWNMLNLLHOFFCF88CB,順安段,12.16,都市：住,100000,595,持分移轉,06880000
RPXNMLNLLHOFFCF98CB,順安段,11.89,都市：住,100000,582,持分移轉,06880000
RPVNMLNLLHOFFCF78CB,順安段,9.85,都市：住,100000,482,持分移轉,06880000
RPOOMLNLLHOFFCF18CB,順安段,16.75,都市：住,100000,820,持分移轉,06880000
RPPOMLNLLHOFFCF28CB,順安段,11.89,都市：住,100000,582,持分移轉,06880000
RPQOMLNLLHOFFCF38CB,順安段,11.89,都市：住,100000,582,持分移轉,06880000
RPSOMLNLLHOFFCF58CB,順安段,9.85,都市：住,100000,482,持分移轉,06880000
RPROMLNLLHOFFCF48CB,順安段,14.95,都市：住,100000,732,持分移轉,06880000
RPUOMLNLLHOFFCF78CB,順安段,14.95,都市：住,100000,732,持分移轉,06880000
RPTOMLNLLHOFFCF68CB,順安段,9.85,都市：住,100000,482,持分移轉,06880000
RPXOMLNLLHOFFCF09CB,順安段,10.26,都市：住,100000,502,持分移轉,06880000
RPVOMLNLLHOFFCF88CB,順安段,16.67,都市：住,100000,816,持分移轉,06880000
RPPPMLNLLHOFFCF38CB,順安段,10.46,都市：住,100000,512,持分移轉,06880000
RPOPMLNLLHOFFCF28CB,順安段,10.26,都市：住,100000,502,持分移轉,06880000
RPQPMLNLLHOFFCF48CB,順安段,10.46,都市：住,100000,512,持分移轉,06880000
RPWOMLNLLHOFFCF98CB,順安段,16.67,都市：住,100000,816,持分移轉,06880000
RPRPMLNLLHOFFCF58CB,順安段,9.85,都市：住,100000,482,持分移轉,06880000
RPSPMLNLLHOFFCF68CB,順安段,9.85,都市：住,100000,482,持分移轉,06880000
RPTPMLNLLHOFFCF78CB,順安段,9.85,都市：住,100000,482,持分移轉,06880000
RPUPMLNLLHOFFCF88CB,順安段,11.69,都市：住,100000,572,持分移轉,06880000
RPWPMLNLLHOFFCF09CB,順安段,11.89,都市：住,100000,582,持分移轉,06880000
RPVPMLNLLHOFFCF98CB,順安段,12.16,都市：住,100000,595,持分移轉,06880000
RPROMLPLLHOFFEF88CB,新市段,28.30,都市：住,100000,1475,持分移轉,01070000
RPPNMLOLLHOFFCF28CB,順安段,10.46,都市：住,100000,512,持分移轉,06880000
RPQNMLOLLHOFFCF38CB,順安段,14.95,都市：住,100000,732,持分移轉,06880000
RPXOMLPLLHOFFEF86CB,新市段,19.59,都市：住,100000,1021,持分移轉,01070000
RPSOMLPLLHOFFEF98CB,新市段,19.59,都市：住,100000,1021,持分移轉,01070000
RPWOMLPLLHOFFEF76CB,新市段,19.59,都市：住,100000,1021,持分移轉,01070000
RPPPMLPLLHOFFEF78CB,新市段,19.59,都市：住,100000,1021,持分移轉,01070000
RPOPMLPLLHOFFEF68CB,新市段,19.59,都市：住,100000,1021,持分移轉,01070000
RPQPMLPLLHOFFEF88CB,新市段,19.59,都市：住,100000,1021,持分移轉,01070000
RPRPMLPLLHOFFEF98CB,新市段,19.59,都市：住,100000,1021,持分移轉,01070000
RPSPMLPLLHOFFEF09CB,新市段,19.59,都市：住,100000,1021,持分移轉,01070000
RPUPMLPLLHOFFEF66CB,新市段,19.59,都市：住,100000,1021,持分移轉,01070000
RPTPMLPLLHOFFEF56CB,新市段,19.59,都市：住,100000,1021,持分移轉,01070000
RPVPMLPLLHOFFEF76CB,新市段,19.59,都市：住,100000,1021,持分移轉,01070000
RPXPMLPLLHOFFEF96CB,新市段,19.59,都市：住,100000,1021,持分移轉,01070000
RPWPMLPLLHOFFEF86CB,新市段,19.59,都市：住,100000,1021,持分移轉,01070000
RPPRMLPLLHOFFEF98CB,新市段,19.59,都市：住,100000,1021,持分移轉,01070000
RPQPMLQLLHOFFEF98CB,新市段,24.00,都市：住,100000,1251,持分移轉,01070000
RPPPMLQLLHOFFEF88CB,新市段,24.00,都市：住,100000,1251,持分移轉,01070000
RPXPMLQLLHOFFEF07CB,新市段,24.00,都市：住,100000,1251,持分移轉,01070000
RPSPMLQLLHOFFEF56CB,新市段,24.00,都市：住,100000,1251,持分移轉,01070000
RPTQMLQLLHOFFEF76CB,新市段,24.00,都市：住,100000,1251,持分移轉,01070000
RPSQMLQLLHOFFEF66CB,新市段,24.00,都市：住,100000,1251,持分移轉,01070000
RPRPMLQLLHOFFEF09CB,新市段,24.00,都市：住,100000,1251,持分移轉,01070000
RPRQMLQLLHOFFEF56CB,新市段,24.00,都市：住,100000,1251,持分移轉,01070000
RPQQMLQLLHOFFEF09CB,新市段,24.00,都市：住,100000,1251,持分移轉,01070000
RPVPMLQLLHOFFEF86CB,新市段,24.00,都市：住,100000,1251,持分移轉,01070000
RPUQMLQLLHOFFEF86CB,新市段,24.00,都市：住,100000,1251,持分移轉,01070000
RPWPMLQLLHOFFEF96CB,新市段,24.00,都市：住,100000,1251,持分移轉,01070000
RPWQMLQLLHOFFEF07CB,新市段,24.00,都市：住,100000,1251,持分移轉,01070000
RPORMLQLLHOFFEF98CB,新市段,15.89,都市：住,100000,828,持分移轉,01070000
RPQRMLQLLHOFFEF56CB,新市段,19.34,都市：住,100000,1008,持分移轉,01070000
RPWRMLQLLHOFFEF17CB,新市段,19.34,都市：住,100000,1008,持分移轉,01070000
RPURMLQLLHOFFEF96CB,新市段,19.34,都市：住,100000,1008,持分移轉,01070000
RPXQMLQLLHOFFEF17CB,新市段,24.00,都市：住,100000,1251,持分移轉,01070000
RPRRMLQLLHOFFEF66CB,新市段,19.34,都市：住,100000,1008,持分移轉,01070000
RPTRMLQLLHOFFEF86CB,新市段,19.34,都市：住,100000,1008,持分移轉,01070000
RPSRMLQLLHOFFEF76CB,新市段,19.34,都市：住,100000,1008,持分移轉,01070000
RPVRMLQLLHOFFEF07CB,新市段,19.34,都市：住,100000,1008,持分移轉,01070000
RPOSMLQLLHOFFEF09CB,新市段,19.34,都市：住,100000,1008,持分移轉,01070000
RPQSMLQLLHOFFEF66CB,新市段,19.34,都市：住,100000,1008,持分移轉,01070000
RPSSMLQLLHOFFEF86CB,新市段,19.34,都市：住,100000,1008,持分移轉,01070000
RPRSMLQLLHOFFEF76CB,新市段,19.34,都市：住,100000,1008,持分移轉,01070000
RPVSMLQLLHOFFEF17CB,新市段,19.34,都市：住,100000,1008,持分移轉,01070000
RPOTMLQLLHOFFEF56CB,新市段,17.32,都市：住,100000,903,持分移轉,01070000
RPXSMLQLLHOFFEF37CB,新市段,19.34,都市：住,100000,1008,持分移轉,01070000
RPUSMLQLLHOFFEF07CB,新市段,19.34,都市：住,100000,1008,持分移轉,01070000
RPQTMLQLLHOFFEF76CB,新市段,18.73,都市：住,100000,976,持分移轉,01070000
RPTTMLQLLHOFFEF07CB,新市段,18.73,都市：住,100000,976,持分移轉,01070000
RPSTMLQLLHOFFEF96CB,新市段,18.73,都市：住,100000,976,持分移轉,01070000
RPRTMLQLLHOFFEF86CB,新市段,18.73,都市：住,100000,976,持分移轉,01070000
RPVTMLQLLHOFFEF27CB,新市段,18.73,都市：住,100000,976,持分移轉,01070000
RPWTMLQLLHOFFEF37CB,新市段,18.73,都市：住,100000,976,持分移轉,01070000
RPOUMLQLLHOFFEF66CB,新市段,18.73,都市：住,100000,976,持分移轉,01070000
RPXTMLQLLHOFFEF47CB,新市段,18.73,都市：住,100000,976,持分移轉,01070000
RPSUMLQLLHOFFEF07CB,新市段,18.73,都市：住,100000,976,持分移轉,01070000
RPTUMLQLLHOFFEF17CB,新市段,18.73,都市：住,100000,976,持分移轉,01070000
RPRUMLQLLHOFFEF96CB,新市段,18.73,都市：住,100000,976,持分移轉,01070000
RPVUMLQLLHOFFEF37CB,新市段,18.73,都市：住,100000,976,持分移轉,01070000
RPOOMLLJMHOFFBF77CB,中誠段,6.29,都市：住,100000,991,持分移轉,08070000
RPQNMLSLLHOFFEF98CB,新市段,27.22,都市：住,100000,1419,持分移轉,01070000
RPTOMLLJMHOFFBF28CB,中誠段,9.16,都市：住,100000,1443,持分移轉,08070000
RPXNMLLJMHOFFAF48CB,江翠段,2.95,都市：住,100000,263,持分移轉,00530000
RPXNMLLJMHOFFAF48CB,江翠段,1.37,都市：住,100000,263,持分移轉,00550000
RPXNMLLJMHOFFAF48CB,江翠段,.65,都市：住,100000,263,持分移轉,00560000
RPXNMLLJMHOFFAF48CB,江翠段,.41,都市：住,100000,263,持分移轉,00570001
RPXNMLLJMHOFFAF48CB,江翠段,5.59,都市：住,100000,263,持分移轉,00570000
RPXNMLLJMHOFFAF48CB,江翠段,1.68,都市：住,100000,263,持分移轉,00580000
RPXNMLLJMHOFFAF48CB,江翠段,.69,都市：住,100000,263,持分移轉,00590000
RPXNMLSJMHOFFBF66CB,中誠段,6.29,都市：住,100000,991,持分移轉,08070000
RPXNMLLJMHOFFAF48CB,江翠段,.35,都市：住,100000,263,持分移轉,00600000
RPXUMLQLLHOFFEF57CB,新市段,18.73,都市：住,100000,976,持分移轉,01070000
RPWNMLLJMHOFFAF38CB,江翠段,6.02,都市：住,100000,537,持分移轉,00530000
RPWNMLLJMHOFFAF38CB,江翠段,2.80,都市：住,100000,537,持分移轉,00550000
RPWNMLLJMHOFFAF38CB,江翠段,1.33,都市：住,100000,537,持分移轉,00560000
RPWNMLLJMHOFFAF38CB,江翠段,.83,都市：住,100000,537,持分移轉,00570001
RPWNMLLJMHOFFAF38CB,江翠段,11.41,都市：住,100000,537,持分移轉,00570000
RPWNMLLJMHOFFAF38CB,江翠段,3.42,都市：住,100000,537,持分移轉,00580000
RPWNMLLJMHOFFAF38CB,江翠段,1.42,都市：住,100000,537,持分移轉,00590000
RPWNMLLJMHOFFAF38CB,江翠段,.72,都市：住,100000,537,持分移轉,00600000
RPQNMLLKMHOFFEF28CB,新市段,23.77,都市：住,100000,1239,持分移轉,01070000
RPSNMLLKMHOFFEF48CB,新市段,23.77,都市：住,100000,1239,持分移轉,01070000
RPUNMLLKMHOFFEF68CB,新市段,23.77,都市：住,100000,1239,持分移轉,01070000
RPTNMLLKMHOFFEF58CB,新市段,23.77,都市：住,100000,1239,持分移轉,01070000
RPXNMLLKMHOFFEF98CB,新市段,23.77,都市：住,100000,1239,持分移轉,01070000
RPWNMLLKMHOFFEF88CB,新市段,23.77,都市：住,100000,1239,持分移轉,01070000
RPVNMLLKMHOFFEF78CB,新市段,23.77,都市：住,100000,1239,持分移轉,01070000
RPOOMLLKMHOFFEF18CB,新市段,23.77,都市：住,100000,1239,持分移轉,01070000
RPQOMLLKMHOFFEF38CB,新市段,23.77,都市：住,100000,1239,持分移轉,01070000
RPPOMLLKMHOFFEF28CB,新市段,23.77,都市：住,100000,1239,持分移轉,01070000
RPROMLLKMHOFFEF48CB,新市段,23.77,都市：住,100000,1239,持分移轉,01070000
RPSOMLLKMHOFFEF58CB,新市段,23.77,都市：住,100000,1239,持分移轉,01070000
RPTOMLLKMHOFFEF68CB,新市段,23.77,都市：住,100000,1239,持分移轉,01070000
RPUOMLLKMHOFFEF78CB,新市段,26.97,都市：住,100000,1406,持分移轉,01070000
RPWOMLLKMHOFFEF98CB,新市段,26.97,都市：住,100000,1406,持分移轉,01070000
RPVOMLLKMHOFFEF88CB,新市段,26.97,都市：住,100000,1406,持分移轉,01070000
RPOPMLLKMHOFFEF28CB,新市段,26.97,都市：住,100000,1406,持分移轉,01070000
RPXOMLLKMHOFFEF09CB,新市段,26.97,都市：住,100000,1406,持分移轉,01070000
RPPPMLLKMHOFFEF38CB,新市段,26.97,都市：住,100000,1406,持分移轉,01070000
RPQPMLLKMHOFFEF48CB,新市段,26.97,都市：住,100000,1406,持分移轉,01070000
RPRPMLLKMHOFFEF58CB,新市段,26.97,都市：住,100000,1406,持分移轉,01070000
RPTPMLLKMHOFFEF78CB,新市段,26.97,都市：住,100000,1406,持分移轉,01070000
RPSPMLLKMHOFFEF68CB,新市段,26.97,都市：住,100000,1406,持分移轉,01070000
RPUPMLLKMHOFFEF88CB,新市段,26.97,都市：住,100000,1406,持分移轉,01070000
RPXPMLLKMHOFFEF56CB,新市段,26.97,都市：住,100000,1406,持分移轉,01070000
RPVPMLLKMHOFFEF98CB,新市段,26.97,都市：住,100000,1406,持分移轉,01070000
RPOQMLLKMHOFFEF38CB,新市段,26.97,都市：住,100000,1406,持分移轉,01070000
RPVNMLQKMHOFFDF56CB,智興段,24.47,都市：住,100000,248,持分移轉,08890000
RPTNMLQKMHOFFDF98CB,智興段,24.47,都市：住,100000,248,持分移轉,08890000
RPOOMLQKMHOFFDF58CB,智興段,24.47,都市：住,100000,248,持分移轉,08890000
RPROMLQKMHOFFDF88CB,智興段,24.47,都市：住,100000,248,持分移轉,08890000
RPWNMLQKMHOFFDF66CB,智興段,24.47,都市：住,100000,248,持分移轉,08890000
RPUNMLQKMHOFFDF09CB,智興段,24.47,都市：住,100000,248,持分移轉,08890000
RPPOMLQKMHOFFDF68CB,智興段,24.47,都市：住,100000,248,持分移轉,08890000
RPQOMLQKMHOFFDF78CB,智興段,24.47,都市：住,100000,248,持分移轉,08890000
RPXNMLQKMHOFFDF76CB,智興段,24.47,都市：住,100000,248,持分移轉,08890000
RPSNMLQKMHOFFDF88CB,智興段,24.47,都市：住,100000,248,持分移轉,08890000
RPSOMLQKMHOFFDF98CB,智興段,24.47,都市：住,100000,248,持分移轉,08890000
RPXOMLQKMHOFFDF86CB,智興段,21.21,都市：住,100000,215,持分移轉,08890000
RPWOMLQKMHOFFDF76CB,智興段,21.31,都市：住,100000,216,持分移轉,08890000
RPQPMLQKMHOFFDF88CB,智興段,21.31,都市：住,100000,216,持分移轉,08890000
RPVOMLQKMHOFFDF66CB,智興段,21.21,都市：住,100000,215,持分移轉,08890000
RPPPMLQKMHOFFDF78CB,智興段,21.31,都市：住,100000,216,持分移轉,08890000
RPUOMLQKMHOFFDF56CB,智興段,24.47,都市：住,100000,248,持分移轉,08890000
RPRPMLQKMHOFFDF98CB,智興段,21.31,都市：住,100000,216,持分移轉,08890000
RPOPMLQKMHOFFDF68CB,智興段,21.31,都市：住,100000,216,持分移轉,08890000
RPSPMLQKMHOFFDF09CB,智興段,24.47,都市：住,100000,248,持分移轉,08890000
RPVPMLQKMHOFFDF76CB,智興段,24.47,都市：住,100000,248,持分移轉,08890000
RPPNMLSKMHOFFDF78CB,智興段,24.47,都市：住,100000,248,持分移轉,08890000
RPWPMLQKMHOFFDF86CB,智興段,24.47,都市：住,100000,248,持分移轉,08890000
RPUNMLSKMHOFFDF66CB,智興段,24.47,都市：住,100000,248,持分移轉,08890000
RPQNMLSKMHOFFDF88CB,智興段,24.47,都市：住,100000,248,持分移轉,08890000
RPRNMLSKMHOFFDF98CB,智興段,24.47,都市：住,100000,248,持分移轉,08890000
RPQOMLSKMHOFFDF98CB,智興段,24.47,都市：住,100000,248,持分移轉,08890000
RPUOMLSKMHOFFDF76CB,智興段,24.47,都市：住,100000,248,持分移轉,08890000
RPVNMLSKMHOFFDF76CB,智興段,24.47,都市：住,100000,248,持分移轉,08890000
RPSPMLSKMHOFFDF66CB,智興段,23.77,都市：住,100000,241,持分移轉,08890000
RPUPMLSKMHOFFDF86CB,智興段,23.77,都市：住,100000,241,持分移轉,08890000
RPVPMLSKMHOFFDF96CB,智興段,23.77,都市：住,100000,241,持分移轉,08890000
RPTPMLSKMHOFFDF76CB,智興段,23.77,都市：住,100000,241,持分移轉,08890000
RPWPMLSKMHOFFDF07CB,智興段,23.77,都市：住,100000,241,持分移轉,08890000
RPOQMLSKMHOFFDF98CB,智興段,23.77,都市：住,100000,241,持分移轉,08890000
RPXPMLSKMHOFFDF17CB,智興段,23.77,都市：住,100000,241,持分移轉,08890000
RPQQMLSKMHOFFDF56CB,智興段,23.77,都市：住,100000,241,持分移轉,08890000
RPPQMLSKMHOFFDF09CB,智興段,23.77,都市：住,100000,241,持分移轉,08890000
RPRQMLSKMHOFFDF66CB,智興段,23.77,都市：住,100000,241,持分移轉,08890000
RPTQMLSKMHOFFDF86CB,智興段,23.77,都市：住,100000,241,持分移轉,08890000
RPVNMLTKMHOFFDF86CB,智興段,17.56,都市：住,100000,178,持分移轉,08890000
RPXNMLTKMHOFFDF07CB,智興段,17.56,都市：住,100000,178,持分移轉,08890000
RPUNMLTKMHOFFDF76CB,智興段,23.77,都市：住,100000,241,持分移轉,08890000
RPWNMLTKMHOFFDF96CB,智興段,17.56,都市：住,100000,178,持分移轉,08890000
RPSQMLSKMHOFFDF76CB,智興段,23.77,都市：住,100000,241,持分移轉,08890000
RPROMLTKMHOFFDF56CB,智興段,16.57,都市：住,100000,168,持分移轉,08890000
RPQOMLTKMHOFFDF09CB,智興段,17.56,都市：住,100000,178,持分移轉,08890000
RPTOMLTKMHOFFDF76CB,智興段,17.56,都市：住,100000,178,持分移轉,08890000
RPWOMLTKMHOFFDF07CB,智興段,17.56,都市：住,100000,178,持分移轉,08890000
RPXOMLTKMHOFFDF17CB,智興段,17.56,都市：住,100000,178,持分移轉,08890000
RPSOMLTKMHOFFDF66CB,智興段,17.56,都市：住,100000,178,持分移轉,08890000
RPPPMLTKMHOFFDF09CB,智興段,17.56,都市：住,100000,178,持分移轉,08890000
RPVOMLTKMHOFFDF96CB,智興段,17.56,都市：住,100000,178,持分移轉,08890000
RPOPMLTKMHOFFDF98CB,智興段,17.56,都市：住,100000,178,持分移轉,08890000
RPPRMLTKMHOFFDF66CB,智興段,17.56,都市：住,100000,178,持分移轉,08890000
RPORMLTKMHOFFDF56CB,智興段,17.56,都市：住,100000,178,持分移轉,08890000
RPRRMLTKMHOFFDF86CB,智興段,17.56,都市：住,100000,178,持分移轉,08890000
RPTRMLTKMHOFFDF07CB,智興段,17.56,都市：住,100000,178,持分移轉,08890000
RPURMLTKMHOFFDF17CB,智興段,17.56,都市：住,100000,178,持分移轉,08890000
RPWRMLTKMHOFFDF37CB,智興段,17.56,都市：住,100000,178,持分移轉,08890000
RPXRMLTKMHOFFDF47CB,智興段,17.56,都市：住,100000,178,持分移轉,08890000
RPQNMLKLMHOFFDF18CB,智興段,23.77,都市：住,100000,241,持分移轉,08890000
RPPSMLTKMHOFFDF76CB,智興段,17.56,都市：住,100000,178,持分移轉,08890000
RPPNMLKLMHOFFDF08CB,智興段,23.77,都市：住,100000,241,持分移轉,08890000
RPRNMLKLMHOFFDF28CB,智興段,23.77,都市：住,100000,241,持分移轉,08890000
RPSNMLKLMHOFFDF38CB,智興段,23.77,都市：住,100000,241,持分移轉,08890000
RPUNMLKLMHOFFDF58CB,智興段,23.77,都市：住,100000,241,持分移轉,08890000
RPTNMLKLMHOFFDF48CB,智興段,23.77,都市：住,100000,241,持分移轉,08890000
RPVNMLKLMHOFFDF68CB,智興段,23.77,都市：住,100000,241,持分移轉,08890000
RPWNMLKLMHOFFDF78CB,智興段,23.77,都市：住,100000,241,持分移轉,08890000
RPOOMLKLMHOFFDF08CB,智興段,23.77,都市：住,100000,241,持分移轉,08890000
RPQOMLKLMHOFFDF28CB,智興段,23.77,都市：住,100000,241,持分移轉,08890000
RPSOMLKLMHOFFDF48CB,智興段,23.77,都市：住,100000,241,持分移轉,08890000
RPXNMLKLMHOFFDF88CB,智興段,23.77,都市：住,100000,241,持分移轉,08890000
RPPOMLKLMHOFFDF18CB,智興段,23.77,都市：住,100000,241,持分移轉,08890000
RPTOMLKLMHOFFDF58CB,智興段,25.06,都市：住,100000,254,持分移轉,08890000
RPUOMLKLMHOFFDF68CB,智興段,25.06,都市：住,100000,254,持分移轉,08890000
RPVOMLKLMHOFFDF78CB,智興段,25.06,都市：住,100000,254,持分移轉,08890000
RPXOMLKLMHOFFDF98CB,智興段,25.06,都市：住,100000,254,持分移轉,08890000
RPWOMLKLMHOFFDF88CB,智興段,25.06,都市：住,100000,254,持分移轉,08890000
RPOPMLKLMHOFFDF18CB,智興段,25.06,都市：住,100000,254,持分移轉,08890000
RPPPMLKLMHOFFDF28CB,智興段,25.06,都市：住,100000,254,持分移轉,08890000
RPQPMLKLMHOFFDF38CB,智興段,25.06,都市：住,100000,254,持分移轉,08890000
RPRPMLKLMHOFFDF48CB,智興段,25.06,都市：住,100000,254,持分移轉,08890000
RPSPMLKLMHOFFDF58CB,智興段,25.06,都市：住,100000,254,持分移轉,08890000
RPVPMLKLMHOFFDF88CB,智興段,26.04,都市：住,100000,264,持分移轉,08890000
RPWPMLKLMHOFFDF98CB,智興段,25.06,都市：住,100000,254,持分移轉,08890000
RPUPMLKLMHOFFDF78CB,智興段,19.53,都市：住,100000,198,持分移轉,08890000
RPXPMLKLMHOFFDF09CB,智興段,25.06,都市：住,100000,254,持分移轉,08890000
RPQQMLKLMHOFFDF48CB,智興段,25.06,都市：住,100000,254,持分移轉,08890000
RPSNMLLLMHOFFDF48CB,智興段,25.06,都市：住,100000,254,持分移轉,08890000
RPOQMLKLMHOFFDF28CB,智興段,25.06,都市：住,100000,254,持分移轉,08890000
RPOOMLLLMHOFFDF18CB,智興段,21.41,都市：住,100000,217,持分移轉,08890000
RPPQMLKLMHOFFDF38CB,智興段,25.06,都市：住,100000,254,持分移轉,08890000
RPVNMLLLMHOFFDF78CB,智興段,21.41,都市：住,100000,217,持分移轉,08890000
RPTNMLLLMHOFFDF58CB,智興段,25.06,都市：住,100000,254,持分移轉,08890000
RPWNMLLLMHOFFDF88CB,智興段,22.39,都市：住,100000,227,持分移轉,08890000
RPUNMLLLMHOFFDF68CB,智興段,22.39,都市：住,100000,227,持分移轉,08890000
RPXNMLLLMHOFFDF98CB,智興段,21.41,都市：住,100000,217,持分移轉,08890000
RPVOMLLLMHOFFDF88CB,智興段,21.41,都市：住,100000,217,持分移轉,08890000
RPUPMLLLMHOFFDF88CB,智興段,21.70,都市：住,100000,220,持分移轉,08890000
RPQPMLLLMHOFFDF48CB,智興段,20.72,都市：住,100000,210,持分移轉,08890000
RPWOMLLLMHOFFDF98CB,智興段,21.41,都市：住,100000,217,持分移轉,08890000
RPPOMLLLMHOFFDF28CB,智興段,21.41,都市：住,100000,217,持分移轉,08890000
RPTOMLLLMHOFFDF68CB,智興段,21.41,都市：住,100000,217,持分移轉,08890000
RPSPMLLLMHOFFDF68CB,智興段,21.70,都市：住,100000,220,持分移轉,08890000
RPWPMLLLMHOFFDF09CB,智興段,21.70,都市：住,100000,220,持分移轉,08890000
RPVPMLLLMHOFFDF98CB,智興段,21.70,都市：住,100000,220,持分移轉,08890000
RPUOMLLLMHOFFDF78CB,智興段,20.42,都市：住,100000,207,持分移轉,08890000
RPXPMLLLMHOFFDF56CB,智興段,20.72,都市：住,100000,210,持分移轉,08890000
RPSQMLMLMHOFFBF68CB,中誠段,16.25,都市：住,100000,2558,持分移轉,08070000
RPXOMLMLMHOFFBF98CB,中誠段,16.25,都市：住,100000,2558,持分移轉,08070000
RPUQMLMLMHOFFBF88CB,中誠段,16.25,都市：住,100000,2558,持分移轉,08070000
RPOQMLLLMHOFFDF38CB,智興段,21.70,都市：住,100000,220,持分移轉,08890000
RPSRMLMLMHOFFBF78CB,中誠段,6.41,都市：住,100000,1009,持分移轉,08070000
RPORMLMLMHOFFBF38CB,中誠段,9.23,都市：住,100000,1453,持分移轉,08070000
RPQRMLMLMHOFFBF58CB,中誠段,9.23,都市：住,100000,1453,持分移轉,08070000
RPPRMLMLMHOFFBF48CB,中誠段,6.41,都市：住,100000,1009,持分移轉,08070000
RPURMLMLMHOFFBF98CB,中誠段,6.36,都市：住,100000,1001,持分移轉,08070000
RPVRMLMLMHOFFBF09CB,中誠段,6.41,都市：住,100000,1009,持分移轉,08070000
RPWQMLMLMHOFFBF09CB,中誠段,9.40,都市：住,100000,1480,持分移轉,08070000
RPWRMLMLMHOFFBF56CB,中誠段,9.40,都市：住,100000,1480,持分移轉,08070000
RPOQMLNLMHOFFDF58CB,智興段,21.70,都市：住,100000,220,持分移轉,08890000
RPQQMLNLMHOFFDF78CB,智興段,21.70,都市：住,100000,220,持分移轉,08890000
RPRQMLNLMHOFFDF88CB,智興段,21.70,都市：住,100000,220,持分移轉,08890000
RPSQMLNLMHOFFDF98CB,智興段,21.70,都市：住,100000,220,持分移轉,08890000
RPVNMLOLMHOFFDF09CB,智興段,21.70,都市：住,100000,220,持分移轉,08890000
RPPOMLOLMHOFFDF58CB,智興段,29.10,都市：住,100000,295,持分移轉,08890000
RPTQMLNLMHOFFDF09CB,智興段,21.70,都市：住,100000,220,持分移轉,08890000
RPOOMLOLMHOFFDF48CB,智興段,21.70,都市：住,100000,220,持分移轉,08890000
RPUQMLNLMHOFFDF56CB,智興段,21.70,都市：住,100000,220,持分移轉,08890000
RPWNMLOLMHOFFDF56CB,智興段,21.70,都市：住,100000,220,持分移轉,08890000
RPQOMLOLMHOFFDF68CB,智興段,29.10,都市：住,100000,295,持分移轉,08890000
RPROMLOLMHOFFDF78CB,智興段,29.10,都市：住,100000,295,持分移轉,08890000
RPTOMLOLMHOFFDF98CB,智興段,29.10,都市：住,100000,295,持分移轉,08890000
RPVOMLOLMHOFFDF56CB,智興段,29.10,都市：住,100000,295,持分移轉,08890000
RPWOMLOLMHOFFDF66CB,智興段,29.10,都市：住,100000,295,持分移轉,08890000
RPOPMLOLMHOFFDF58CB,智興段,29.10,都市：住,100000,295,持分移轉,08890000
RPRPMLOLMHOFFDF88CB,智興段,28.12,都市：住,100000,285,持分移轉,08890000
RPQPMLOLMHOFFDF78CB,智興段,29.10,都市：住,100000,295,持分移轉,08890000
RPUPMLOLMHOFFDF56CB,智興段,29.10,都市：住,100000,295,持分移轉,08890000
RPPPMLOLMHOFFDF68CB,智興段,29.10,都市：住,100000,295,持分移轉,08890000
RPSPMLOLMHOFFDF98CB,智興段,29.10,都市：住,100000,295,持分移轉,08890000
RPVPMLOLMHOFFDF66CB,智興段,30.09,都市：住,100000,305,持分移轉,08890000
RPWPMLOLMHOFFDF76CB,智興段,30.09,都市：住,100000,305,持分移轉,08890000
RPOQMLOLMHOFFDF68CB,智興段,29.10,都市：住,100000,295,持分移轉,08890000
RPTQMLOLMHOFFDF56CB,智興段,29.10,都市：住,100000,295,持分移轉,08890000
RPPQMLOLMHOFFDF78CB,智興段,29.10,都市：住,100000,295,持分移轉,08890000
RPVQMLOLMHOFFDF76CB,智興段,29.10,都市：住,100000,295,持分移轉,08890000
RPRNMLPLMHOFFDF78CB,智興段,29.10,都市：住,100000,295,持分移轉,08890000
RPSNMLPLMHOFFDF88CB,智興段,29.10,都市：住,100000,295,持分移轉,08890000
RPTNMLPLMHOFFDF98CB,智興段,29.10,都市：住,100000,295,持分移轉,08890000
RPUNMLPLMHOFFDF09CB,智興段,29.10,都市：住,100000,295,持分移轉,08890000
RPVNMLPLMHOFFDF56CB,智興段,29.10,都市：住,100000,295,持分移轉,08890000
RPWNMLPLMHOFFDF66CB,智興段,29.10,都市：住,100000,295,持分移轉,08890000
RPROMLPLMHOFFDF88CB,智興段,29.10,都市：住,100000,295,持分移轉,08890000
RPXNMLPLMHOFFDF76CB,智興段,29.10,都市：住,100000,295,持分移轉,08890000
RPSOMLPLMHOFFDF98CB,智興段,17.95,都市：住,100000,182,持分移轉,08890000
RPTOMLPLMHOFFDF09CB,智興段,17.07,都市：住,100000,173,持分移轉,08890000
RPVOMLPLMHOFFDF66CB,智興段,18.05,都市：住,100000,183,持分移轉,08890000
RPXOMLPLMHOFFDF86CB,智興段,18.05,都市：住,100000,183,持分移轉,08890000
RPWOMLPLMHOFFDF76CB,智興段,18.05,都市：住,100000,183,持分移轉,08890000
RPRPMLPLMHOFFDF98CB,智興段,18.05,都市：住,100000,183,持分移轉,08890000
RPQPMLPLMHOFFDF88CB,智興段,17.07,都市：住,100000,173,持分移轉,08890000
RPSPMLPLMHOFFDF09CB,智興段,18.05,都市：住,100000,183,持分移轉,08890000
RPTPMLPLMHOFFDF56CB,智興段,17.07,都市：住,100000,173,持分移轉,08890000
RPWPMLPLMHOFFDF86CB,智興段,17.07,都市：住,100000,173,持分移轉,08890000
RPVPMLPLMHOFFDF76CB,智興段,17.07,都市：住,100000,173,持分移轉,08890000
RPXPMLPLMHOFFDF96CB,智興段,18.05,都市：住,100000,183,持分移轉,08890000
RPOQMLPLMHOFFDF78CB,智興段,18.05,都市：住,100000,183,持分移轉,08890000
RPRQMLPLMHOFFDF09CB,智興段,17.07,都市：住,100000,173,持分移轉,08890000
RPPQMLPLMHOFFDF88CB,智興段,18.05,都市：住,100000,183,持分移轉,08890000
RPQQMLPLMHOFFDF98CB,智興段,18.05,都市：住,100000,183,持分移轉,08890000
RPSQMLPLMHOFFDF56CB,智興段,17.95,都市：住,100000,182,持分移轉,08890000
RPTQMLPLMHOFFDF66CB,智興段,17.95,都市：住,100000,182,持分移轉,08890000
RPWQMLPLMHOFFDF96CB,智興段,17.95,都市：住,100000,182,持分移轉,08890000
RPVQMLPLMHOFFDF86CB,智興段,16.97,都市：住,100000,172,持分移轉,08890000
RPORMLPLMHOFFDF88CB,智興段,16.97,都市：住,100000,172,持分移轉,08890000
RPPRMLPLMHOFFDF98CB,智興段,16.97,都市：住,100000,172,持分移轉,08890000
RPXQMLPLMHOFFDF07CB,智興段,17.95,都市：住,100000,182,持分移轉,08890000
RPQRMLPLMHOFFDF09CB,智興段,17.95,都市：住,100000,182,持分移轉,08890000
RPSRMLPLMHOFFDF66CB,智興段,17.95,都市：住,100000,182,持分移轉,08890000
RPTRMLPLMHOFFDF76CB,智興段,17.95,都市：住,100000,182,持分移轉,08890000
RPVRMLPLMHOFFDF96CB,智興段,17.95,都市：住,100000,182,持分移轉,08890000
RPURMLPLMHOFFDF86CB,智興段,17.95,都市：住,100000,182,持分移轉,08890000
RPRRMLPLMHOFFDF56CB,智興段,17.95,都市：住,100000,182,持分移轉,08890000
RPOSMLPLMHOFFDF98CB,智興段,17.95,都市：住,100000,182,持分移轉,08890000
RPPSMLPLMHOFFDF09CB,智興段,17.95,都市：住,100000,182,持分移轉,08890000
RPQSMLPLMHOFFDF56CB,智興段,17.95,都市：住,100000,182,持分移轉,08890000
RPWRMLPLMHOFFDF07CB,智興段,17.95,都市：住,100000,182,持分移轉,08890000
RPRSMLPLMHOFFDF66CB,智興段,23.77,都市：住,100000,241,持分移轉,08890000
RPSSMLPLMHOFFDF76CB,智興段,23.77,都市：住,100000,241,持分移轉,08890000
RPWSMLPLMHOFFDF17CB,智興段,23.77,都市：住,100000,241,持分移轉,08890000
RPVSMLPLMHOFFDF07CB,智興段,23.77,都市：住,100000,241,持分移轉,08890000
RPUSMLPLMHOFFDF96CB,智興段,23.77,都市：住,100000,241,持分移轉,08890000
RPXSMLPLMHOFFDF27CB,智興段,22.79,都市：住,100000,231,持分移轉,08890000
RPPTMLPLMHOFFDF56CB,智興段,22.79,都市：住,100000,231,持分移轉,08890000
RPRTMLPLMHOFFDF76CB,智興段,23.77,都市：住,100000,241,持分移轉,08890000
RPSTMLPLMHOFFDF86CB,智興段,23.77,都市：住,100000,241,持分移轉,08890000
RPOTMLPLMHOFFDF09CB,智興段,23.77,都市：住,100000,241,持分移轉,08890000
RPVTMLPLMHOFFDF17CB,智興段,23.77,都市：住,100000,241,持分移轉,08890000
RPTTMLPLMHOFFDF96CB,智興段,23.77,都市：住,100000,241,持分移轉,08890000
RPXTMLPLMHOFFDF37CB,智興段,23.77,都市：住,100000,241,持分移轉,08890000
RPWTMLPLMHOFFDF27CB,智興段,23.77,都市：住,100000,241,持分移轉,08890000
RPOUMLPLMHOFFDF56CB,智興段,23.77,都市：住,100000,241,持分移轉,08890000
RPQUMLPLMHOFFDF76CB,智興段,23.77,都市：住,100000,241,持分移轉,08890000
RPRUMLPLMHOFFDF86CB,智興段,23.77,都市：住,100000,241,持分移轉,08890000
RPTUMLPLMHOFFDF07CB,智興段,34.63,都市：住,100000,351,持分移轉,08890000
RPSUMLPLMHOFFDF96CB,智興段,23.77,都市：住,100000,241,持分移轉,08890000
RPUUMLPLMHOFFDF17CB,智興段,34.63,都市：住,100000,351,持分移轉,08890000
RPPUMLPLMHOFFDF66CB,智興段,23.77,都市：住,100000,241,持分移轉,08890000
RPXUMLPLMHOFFDF47CB,智興段,34.63,都市：住,100000,351,持分移轉,08890000
RPPQMLPLMHOFFAF58CB,江翠段,19.42,都市：住,9913,68,持分移轉,01440000
RPOVMLPLMHOFFDF66CB,智興段,34.63,都市：住,100000,351,持分移轉,08890000
RPVQMLPLMHOFFAF56CB,江翠段,18.28,都市：住,9913,64,持分移轉,01440000
RPVUMLPLMHOFFDF27CB,智興段,35.61,都市：住,100000,361,持分移轉,08890000
RPWUMLPLMHOFFDF37CB,智興段,34.63,都市：住,100000,351,持分移轉,08890000
RPQNMLSLMHOFFDF98CB,智興段,35.51,都市：住,100000,360,持分移轉,08890000
RPXNMLSLMHOFFDF07CB,智興段,34.53,都市：住,100000,350,持分移轉,08890000
RPVNMLSLMHOFFDF86CB,智興段,35.51,都市：住,100000,360,持分移轉,08890000
RPOOMLSLMHOFFDF88CB,智興段,36.99,都市：住,100000,375,持分移轉,08890000
RPRNMLSLMHOFFDF09CB,智興段,34.53,都市：住,100000,350,持分移轉,08890000
RPSNMLSLMHOFFDF56CB,智興段,35.51,都市：住,100000,360,持分移轉,08890000
RPPOMLSLMHOFFDF98CB,智興段,35.51,都市：住,100000,360,持分移轉,08890000
RPROMLSLMHOFFDF56CB,智興段,34.53,都市：住,100000,350,持分移轉,08890000
RPQOMLSLMHOFFDF09CB,智興段,34.53,都市：住,100000,350,持分移轉,08890000
RPSOMLSLMHOFFDF66CB,智興段,32.36,都市：住,100000,328,持分移轉,08890000
RPUOMLSLMHOFFDF86CB,智興段,32.36,都市：住,100000,328,持分移轉,08890000
RPTOMLSLMHOFFDF76CB,智興段,32.36,都市：住,100000,328,持分移轉,08890000
RPVOMLSLMHOFFDF96CB,智興段,33.34,都市：住,100000,338,持分移轉,08890000
RPXOMLSLMHOFFDF17CB,智興段,33.34,都市：住,100000,338,持分移轉,08890000
RPOPMLSLMHOFFDF98CB,智興段,33.34,都市：住,100000,338,持分移轉,08890000
RPPPMLSLMHOFFDF09CB,智興段,32.36,都市：住,100000,328,持分移轉,08890000
RPWOMLSLMHOFFDF07CB,智興段,32.36,都市：住,100000,328,持分移轉,08890000
RPQPMLSLMHOFFDF56CB,智興段,32.36,都市：住,100000,328,持分移轉,08890000
RPRPMLSLMHOFFDF66CB,智興段,33.34,都市：住,100000,338,持分移轉,08890000
RPSPMLSLMHOFFDF76CB,智興段,32.36,都市：住,100000,328,持分移轉,08890000
RPUPMLSLMHOFFDF96CB,智興段,32.36,都市：住,100000,328,持分移轉,08890000
RPVPMLSLMHOFFDF07CB,智興段,32.36,都市：住,100000,328,持分移轉,08890000
RPWPMLSLMHOFFDF17CB,智興段,32.36,都市：住,100000,328,持分移轉,08890000
RPOQMLSLMHOFFDF09CB,智興段,33.34,都市：住,100000,338,持分移轉,08890000
RPPQMLSLMHOFFDF56CB,智興段,33.34,都市：住,100000,338,持分移轉,08890000
RPQQMLSLMHOFFDF66CB,智興段,24.76,都市：住,100000,251,持分移轉,08890000
RPRQMLSLMHOFFDF76CB,智興段,17.56,都市：住,100000,178,持分移轉,08890000
RPVQMLSLMHOFFDF17CB,智興段,24.76,都市：住,100000,251,持分移轉,08890000
RPSQMLSLMHOFFDF86CB,智興段,17.56,都市：住,100000,178,持分移轉,08890000
RPWQMLSLMHOFFDF27CB,智興段,30.09,都市：住,100000,305,持分移轉,08890000
RPXQMLSLMHOFFDF37CB,智興段,18.05,都市：住,100000,183,持分移轉,08890000
RPORMLSLMHOFFDF56CB,智興段,32.36,都市：住,100000,328,持分移轉,08890000
RPTOMLQLMHOFFAF88CB,江翠段,19.99,都市：住,9913,70,持分移轉,01440000
RPQOMLQLMHOFFAF58CB,江翠段,19.99,都市：住,9913,70,持分移轉,01440000
RPVRMLQLMHOFFAF76CB,江翠段,18.28,都市：住,9913,64,持分移轉,01440000
RPSOMLQLMHOFFAF78CB,江翠段,19.99,都市：住,9913,70,持分移轉,01440000
RPTNMLSJNHOFFCF56DB,寶強段,13.66,都市：住,10000,149,持分移轉,05680000
RPTNMLSJNHOFFCF56DB,寶強段,.71,都市：住,10000,149,持分移轉,05680001
RPTNMLSJNHOFFCF56DB,寶強段,1.40,都市：住,10000,149,持分移轉,05690000
RPVNMLSJNHOFFCF76DB,寶強段,13.66,都市：住,10000,149,持分移轉,05680000
RPTNMLSJNHOFFCF56DB,寶強段,.02,都市：住,10000,149,持分移轉,05690001
RPVNMLSJNHOFFCF76DB,寶強段,.71,都市：住,10000,149,持分移轉,05680001
RPVNMLSJNHOFFCF76DB,寶強段,1.40,都市：住,10000,149,持分移轉,05690000
RPVNMLSJNHOFFCF76DB,寶強段,.02,都市：住,10000,149,持分移轉,05690001
RPQOMLSJNHOFFCF98DB,寶強段,11.37,都市：住,10000,124,持分移轉,05680000
RPQOMLSJNHOFFCF98DB,寶強段,.59,都市：住,10000,124,持分移轉,05680001
RPQOMLSJNHOFFCF98DB,寶強段,1.16,都市：住,10000,124,持分移轉,05690000
RPQOMLSJNHOFFCF98DB,寶強段,.02,都市：住,10000,124,持分移轉,05690001
RPQNMLSJNHOFFCF88DB,寶強段,13.57,都市：住,10000,148,持分移轉,05680000
RPQNMLSJNHOFFCF88DB,寶強段,.70,都市：住,10000,148,持分移轉,05680001
RPQNMLSJNHOFFCF88DB,寶強段,1.39,都市：住,10000,148,持分移轉,05690000
RPQNMLSJNHOFFCF88DB,寶強段,.02,都市：住,10000,148,持分移轉,05690001
RPXNMLSJNHOFFCF96DB,寶強段,13.66,都市：住,10000,149,持分移轉,05680000
RPXNMLSJNHOFFCF96DB,寶強段,.71,都市：住,10000,149,持分移轉,05680001
RPRNMLSJNHOFFCF98DB,寶強段,13.66,都市：住,10000,149,持分移轉,05680000
RPXNMLSJNHOFFCF96DB,寶強段,1.40,都市：住,10000,149,持分移轉,05690000
RPPOMLSJNHOFFCF88DB,寶強段,11.37,都市：住,10000,124,持分移轉,05680000
RPRNMLSJNHOFFCF98DB,寶強段,.71,都市：住,10000,149,持分移轉,05680001
RPXNMLSJNHOFFCF96DB,寶強段,.02,都市：住,10000,149,持分移轉,05690001
RPPOMLSJNHOFFCF88DB,寶強段,.59,都市：住,10000,124,持分移轉,05680001
RPRNMLSJNHOFFCF98DB,寶強段,1.40,都市：住,10000,149,持分移轉,05690000
RPPOMLSJNHOFFCF88DB,寶強段,1.16,都市：住,10000,124,持分移轉,05690000
RPRNMLSJNHOFFCF98DB,寶強段,.02,都市：住,10000,149,持分移轉,05690001
RPPOMLSJNHOFFCF88DB,寶強段,.02,都市：住,10000,124,持分移轉,05690001
RPSOMLSJNHOFFCF56DB,寶強段,11.46,都市：住,10000,125,持分移轉,05680000
RPPNMLSJNHOFFCF78DB,寶強段,13.66,都市：住,10000,149,持分移轉,05680000
RPPNMLSJNHOFFCF78DB,寶強段,.71,都市：住,10000,149,持分移轉,05680001
RPPNMLSJNHOFFCF78DB,寶強段,1.40,都市：住,10000,149,持分移轉,05690000
RPPNMLSJNHOFFCF78DB,寶強段,.02,都市：住,10000,149,持分移轉,05690001
RPSOMLSJNHOFFCF56DB,寶強段,.59,都市：住,10000,125,持分移轉,05680001
RPSOMLSJNHOFFCF56DB,寶強段,1.17,都市：住,10000,125,持分移轉,05690000
RPSOMLSJNHOFFCF56DB,寶強段,.02,都市：住,10000,125,持分移轉,05690001
RPWNMLSJNHOFFCF86DB,寶強段,13.66,都市：住,10000,149,持分移轉,05680000
RPWNMLSJNHOFFCF86DB,寶強段,.71,都市：住,10000,149,持分移轉,05680001
RPWNMLSJNHOFFCF86DB,寶強段,1.40,都市：住,10000,149,持分移轉,05690000
RPWNMLSJNHOFFCF86DB,寶強段,.02,都市：住,10000,149,持分移轉,05690001
RPTOMLSJNHOFFCF66DB,寶強段,11.46,都市：住,10000,125,持分移轉,05680000
RPTOMLSJNHOFFCF66DB,寶強段,.59,都市：住,10000,125,持分移轉,05680001
RPTOMLSJNHOFFCF66DB,寶強段,1.17,都市：住,10000,125,持分移轉,05690000
RPVOMLSJNHOFFCF86DB,寶強段,11.46,都市：住,10000,125,持分移轉,05680000
RPTOMLSJNHOFFCF66DB,寶強段,.02,都市：住,10000,125,持分移轉,05690001
RPVOMLSJNHOFFCF86DB,寶強段,.59,都市：住,10000,125,持分移轉,05680001
RPVOMLSJNHOFFCF86DB,寶強段,1.17,都市：住,10000,125,持分移轉,05690000
RPVOMLSJNHOFFCF86DB,寶強段,.02,都市：住,10000,125,持分移轉,05690001
RPUOMLSJNHOFFCF76DB,寶強段,11.46,都市：住,10000,125,持分移轉,05680000
RPUOMLSJNHOFFCF76DB,寶強段,.59,都市：住,10000,125,持分移轉,05680001
RPUOMLSJNHOFFCF76DB,寶強段,1.17,都市：住,10000,125,持分移轉,05690000
RPUOMLSJNHOFFCF76DB,寶強段,.02,都市：住,10000,125,持分移轉,05690001
RPRPMLSJNHOFFCF56DB,寶強段,12.19,都市：住,10000,133,持分移轉,05680000
RPRPMLSJNHOFFCF56DB,寶強段,.63,都市：住,10000,133,持分移轉,05680001
RPRPMLSJNHOFFCF56DB,寶強段,1.25,都市：住,10000,133,持分移轉,05690000
RPRPMLSJNHOFFCF56DB,寶強段,.02,都市：住,10000,133,持分移轉,05690001
RPXOMLSJNHOFFCF07DB,寶強段,12.28,都市：住,10000,134,持分移轉,05680000
RPTPMLSJNHOFFCF76DB,寶強段,13.11,都市：住,10000,143,持分移轉,05680000
RPTPMLSJNHOFFCF76DB,寶強段,.68,都市：住,10000,143,持分移轉,05680001
RPXOMLSJNHOFFCF07DB,寶強段,.64,都市：住,10000,134,持分移轉,05680001
RPTPMLSJNHOFFCF76DB,寶強段,1.34,都市：住,10000,143,持分移轉,05690000
RPTPMLSJNHOFFCF76DB,寶強段,.02,都市：住,10000,143,持分移轉,05690001
RPXOMLSJNHOFFCF07DB,寶強段,1.26,都市：住,10000,134,持分移轉,05690000
RPXOMLSJNHOFFCF07DB,寶強段,.02,都市：住,10000,134,持分移轉,05690001
RPWOMLSJNHOFFCF96DB,寶強段,12.28,都市：住,10000,134,持分移轉,05680000
RPWOMLSJNHOFFCF96DB,寶強段,.64,都市：住,10000,134,持分移轉,05680001
RPWOMLSJNHOFFCF96DB,寶強段,1.26,都市：住,10000,134,持分移轉,05690000
RPPPMLSJNHOFFCF98DB,寶強段,12.19,都市：住,10000,133,持分移轉,05680000
RPWOMLSJNHOFFCF96DB,寶強段,.02,都市：住,10000,134,持分移轉,05690001
RPPPMLSJNHOFFCF98DB,寶強段,.63,都市：住,10000,133,持分移轉,05680001
RPPPMLSJNHOFFCF98DB,寶強段,1.25,都市：住,10000,133,持分移轉,05690000
RPPPMLSJNHOFFCF98DB,寶強段,.02,都市：住,10000,133,持分移轉,05690001
RPSPMLSJNHOFFCF66DB,寶強段,13.11,都市：住,10000,143,持分移轉,05680000
RPOPMLSJNHOFFCF88DB,寶強段,12.28,都市：住,10000,134,持分移轉,05680000
RPSPMLSJNHOFFCF66DB,寶強段,.68,都市：住,10000,143,持分移轉,05680001
RPOPMLSJNHOFFCF88DB,寶強段,.64,都市：住,10000,134,持分移轉,05680001
RPSPMLSJNHOFFCF66DB,寶強段,1.34,都市：住,10000,143,持分移轉,05690000
RPSPMLSJNHOFFCF66DB,寶強段,.02,都市：住,10000,143,持分移轉,05690001
RPOPMLSJNHOFFCF88DB,寶強段,1.26,都市：住,10000,134,持分移轉,05690000
RPOPMLSJNHOFFCF88DB,寶強段,.02,都市：住,10000,134,持分移轉,05690001
RPWPMLSJNHOFFCF07DB,寶強段,13.11,都市：住,10000,143,持分移轉,05680000
RPWPMLSJNHOFFCF07DB,寶強段,.68,都市：住,10000,143,持分移轉,05680001
RPWPMLSJNHOFFCF07DB,寶強段,1.34,都市：住,10000,143,持分移轉,05690000
RPWPMLSJNHOFFCF07DB,寶強段,.02,都市：住,10000,143,持分移轉,05690001
RPVPMLSJNHOFFCF96DB,寶強段,13.11,都市：住,10000,143,持分移轉,05680000
RPVPMLSJNHOFFCF96DB,寶強段,.68,都市：住,10000,143,持分移轉,05680001
RPVPMLSJNHOFFCF96DB,寶強段,1.34,都市：住,10000,143,持分移轉,05690000
RPVPMLSJNHOFFCF96DB,寶強段,.02,都市：住,10000,143,持分移轉,05690001
RPQQMLSJNHOFFCF56DB,寶強段,7.06,都市：住,10000,77,持分移轉,05680000
RPQQMLSJNHOFFCF56DB,寶強段,.37,都市：住,10000,77,持分移轉,05680001
RPQQMLSJNHOFFCF56DB,寶強段,.72,都市：住,10000,77,持分移轉,05690000
RPQQMLSJNHOFFCF56DB,寶強段,.01,都市：住,10000,77,持分移轉,05690001
RPSQMLSJNHOFFCF76DB,寶強段,7.06,都市：住,10000,77,持分移轉,05680000
RPSQMLSJNHOFFCF76DB,寶強段,.37,都市：住,10000,77,持分移轉,05680001
RPSQMLSJNHOFFCF76DB,寶強段,.72,都市：住,10000,77,持分移轉,05690000
RPSQMLSJNHOFFCF76DB,寶強段,.01,都市：住,10000,77,持分移轉,05690001
RPPQMLSJNHOFFCF09DB,寶強段,13.11,都市：住,10000,143,持分移轉,05680000
RPOQMLSJNHOFFCF98DB,寶強段,13.11,都市：住,10000,143,持分移轉,05680000
RPPQMLSJNHOFFCF09DB,寶強段,.68,都市：住,10000,143,持分移轉,05680001
RPPQMLSJNHOFFCF09DB,寶強段,1.34,都市：住,10000,143,持分移轉,05690000
RPOQMLSJNHOFFCF98DB,寶強段,.68,都市：住,10000,143,持分移轉,05680001
RPUPMLSJNHOFFCF86DB,寶強段,13.11,都市：住,10000,143,持分移轉,05680000
RPOQMLSJNHOFFCF98DB,寶強段,1.34,都市：住,10000,143,持分移轉,05690000
RPPQMLSJNHOFFCF09DB,寶強段,.02,都市：住,10000,143,持分移轉,05690001
RPUPMLSJNHOFFCF86DB,寶強段,.68,都市：住,10000,143,持分移轉,05680001
RPOQMLSJNHOFFCF98DB,寶強段,.02,都市：住,10000,143,持分移轉,05690001
RPUPMLSJNHOFFCF86DB,寶強段,1.34,都市：住,10000,143,持分移轉,05690000
RPUPMLSJNHOFFCF86DB,寶強段,.02,都市：住,10000,143,持分移轉,05690001
RPRQMLSJNHOFFCF66DB,寶強段,7.06,都市：住,10000,77,持分移轉,05680000
RPRQMLSJNHOFFCF66DB,寶強段,.37,都市：住,10000,77,持分移轉,05680001
RPRQMLSJNHOFFCF66DB,寶強段,.72,都市：住,10000,77,持分移轉,05690000
RPRQMLSJNHOFFCF66DB,寶強段,.01,都市：住,10000,77,持分移轉,05690001
RPTQMLSJNHOFFCF86DB,寶強段,7.06,都市：住,10000,77,持分移轉,05680000
RPTQMLSJNHOFFCF86DB,寶強段,.37,都市：住,10000,77,持分移轉,05680001
RPUQMLSJNHOFFCF96DB,寶強段,7.06,都市：住,10000,77,持分移轉,05680000
RPTQMLSJNHOFFCF86DB,寶強段,.72,都市：住,10000,77,持分移轉,05690000
RPUQMLSJNHOFFCF96DB,寶強段,.37,都市：住,10000,77,持分移轉,05680001
RPTQMLSJNHOFFCF86DB,寶強段,.01,都市：住,10000,77,持分移轉,05690001
RPUQMLSJNHOFFCF96DB,寶強段,.72,都市：住,10000,77,持分移轉,05690000
RPUQMLSJNHOFFCF96DB,寶強段,.01,都市：住,10000,77,持分移轉,05690001
RPPRMLSJNHOFFCF56DB,寶強段,7.06,都市：住,10000,77,持分移轉,05680000
RPPRMLSJNHOFFCF56DB,寶強段,.37,都市：住,10000,77,持分移轉,05680001
RPPRMLSJNHOFFCF56DB,寶強段,.72,都市：住,10000,77,持分移轉,05690000
RPPRMLSJNHOFFCF56DB,寶強段,.01,都市：住,10000,77,持分移轉,05690001
RPQRMLSJNHOFFCF66DB,寶強段,7.06,都市：住,10000,77,持分移轉,05680000
RPQRMLSJNHOFFCF66DB,寶強段,.37,都市：住,10000,77,持分移轉,05680001
RPQRMLSJNHOFFCF66DB,寶強段,.72,都市：住,10000,77,持分移轉,05690000
RPQRMLSJNHOFFCF66DB,寶強段,.01,都市：住,10000,77,持分移轉,05690001
RPSRMLSJNHOFFCF86DB,寶強段,7.06,都市：住,10000,77,持分移轉,05680000
RPSRMLSJNHOFFCF86DB,寶強段,.37,都市：住,10000,77,持分移轉,05680001
RPSRMLSJNHOFFCF86DB,寶強段,.72,都市：住,10000,77,持分移轉,05690000
RPSRMLSJNHOFFCF86DB,寶強段,.01,都市：住,10000,77,持分移轉,05690001
RPVRMLSJNHOFFCF17DB,寶強段,7.06,都市：住,10000,77,持分移轉,05680000
RPVRMLSJNHOFFCF17DB,寶強段,.37,都市：住,10000,77,持分移轉,05680001
RPVRMLSJNHOFFCF17DB,寶強段,.72,都市：住,10000,77,持分移轉,05690000
RPVRMLSJNHOFFCF17DB,寶強段,.01,都市：住,10000,77,持分移轉,05690001
RPURMLSJNHOFFCF07DB,寶強段,7.06,都市：住,10000,77,持分移轉,05680000
RPURMLSJNHOFFCF07DB,寶強段,.37,都市：住,10000,77,持分移轉,05680001
RPURMLSJNHOFFCF07DB,寶強段,.72,都市：住,10000,77,持分移轉,05690000
RPURMLSJNHOFFCF07DB,寶強段,.01,都市：住,10000,77,持分移轉,05690001
RPXRMLSJNHOFFCF37DB,寶強段,7.06,都市：住,10000,77,持分移轉,05680000
RPXRMLSJNHOFFCF37DB,寶強段,.37,都市：住,10000,77,持分移轉,05680001
RPXRMLSJNHOFFCF37DB,寶強段,.72,都市：住,10000,77,持分移轉,05690000
RPXRMLSJNHOFFCF37DB,寶強段,.01,都市：住,10000,77,持分移轉,05690001
RPTRMLSJNHOFFCF96DB,寶強段,7.15,都市：住,10000,78,持分移轉,05680000
RPTRMLSJNHOFFCF96DB,寶強段,.37,都市：住,10000,78,持分移轉,05680001
RPTRMLSJNHOFFCF96DB,寶強段,.73,都市：住,10000,78,持分移轉,05690000
RPTRMLSJNHOFFCF96DB,寶強段,.01,都市：住,10000,78,持分移轉,05690001
RPORMLSJNHOFFCF09DB,寶強段,7.06,都市：住,10000,77,持分移轉,05680000
RPORMLSJNHOFFCF09DB,寶強段,.37,都市：住,10000,77,持分移轉,05680001
RPORMLSJNHOFFCF09DB,寶強段,.72,都市：住,10000,77,持分移轉,05690000
RPORMLSJNHOFFCF09DB,寶強段,.01,都市：住,10000,77,持分移轉,05690001
RPPSMLSJNHOFFCF66DB,寶強段,7.15,都市：住,10000,78,持分移轉,05680000
RPPSMLSJNHOFFCF66DB,寶強段,.37,都市：住,10000,78,持分移轉,05680001
RPPSMLSJNHOFFCF66DB,寶強段,.73,都市：住,10000,78,持分移轉,05690000
RPPSMLSJNHOFFCF66DB,寶強段,.01,都市：住,10000,78,持分移轉,05690001
RPOSMLSJNHOFFCF56DB,寶強段,7.06,都市：住,10000,77,持分移轉,05680000
RPOSMLSJNHOFFCF56DB,寶強段,.37,都市：住,10000,77,持分移轉,05680001
RPOSMLSJNHOFFCF56DB,寶強段,.72,都市：住,10000,77,持分移轉,05690000
RPOSMLSJNHOFFCF56DB,寶強段,.01,都市：住,10000,77,持分移轉,05690001
