﻿編號,土地位置,土地移轉面積平方公尺,使用分區或編定,權利人持分分母,權利人持分分子,移轉情形,地號
The serial number, land position,land shifting area square meter,the use zoning or compiles and checks,,,,land parcel
RPUPMLLKKHOFFAH58CC,會稽段,.00,都市：住,,,,01000000
RPVPMLLKKHOFFAH68CC,忠義段,.00,都市：住,,,,11220000
RPVPMLLKKHOFFAH68CC,忠義段,.00,都市：其他:人行步道用地,,,,11220001
RPPOMLLKKHOFFDH28CC,頭重溪段,.00,都市：住,,,,01690014
RPUNMLMKKHOFFHH56CC,山頂段,700.83,非都市：工業區 ; 非都市編定：丁種建築用地,,,,03510018
RPSOMLLKKHOFFGH88CC,環南段,.00,都市：商,,,,12020000
RPTOMLMKKHOFFDH88DC,草湳坡段埔心小段,95.00,都市：住,,,,00332120
RPTOMLMKKHOFFDH88DC,草湳坡段埔心小段,17.50,都市：住,,,,00332124
RPPOMLMKKHOFFDH48DC,二重溪段,59.98,都市：工,,,,01480025
RPQNMLMKKHOFFEH68EC,長發段,1848.42,非都市：特定農業區 ; 非都市編定：丁種建築用地,,,,04060000
RPUNMLNKKHOFFEH98CC,坑子口段後壁厝小段,1983.47,非都市：工業區 ; 非都市編定：丁種建築用地,,,,03590012
RPRNMLMKKHOFFDH48CC,大金山下段大金山下小段,.00,都市：住,,,,00460000
RPQNMLMKKHOFFDH38CC,大金山下段大金山下小段,.00,都市：住,,,,00100000
RPVNMLNKKHOFFDH98CC,頭重溪段,.00,都市：住,,,,02150003
RPUNMLLKKHOFFFH88CC,高明段,.00,都市：商,,,,01460000
RPXNMLNKKHOFFDH56CC,東勢段東勢小段,2370.00,非都市：特定農業區 ; 非都市編定：丁種建築用地,,,,02700000
RPSNMLMKKHOFFDH58CC,草湳坡段草湳坡小段,.00,都市：住,,,,00590000
RPQOMLLKKHOFFDH38CC,大金山下段大金山下小段,.00,都市：住,,,,00460000
RPVNMLMKKHOFFDH88CC,幼獅段,.00,都市：住,,,,12050000
RPPNMLNKKHOFFBH18CC,石頭段,.00,都市：商,,,,00030891
RPPNMLNKKHOFFBH18CC,石頭段,.00,都市：商,,,,00030892
RPQPMLNKKHOFFBH48CC,三座屋段三座屋小段,17.13,都市：住,,,,04670002
RPUNMLNKKHOFFHH66CC,興華段,10.19,都市：商,,,,00940000
RPRPMLNKKHOFFBH58CC,三民段,396.69,都市：工,,,,04840000
RPPNMLNKKHOFFHH78CC,文化段,24.96,都市：商,,,,03190000
RPVNMLNKKHOFFHH76CC,興華段,11.17,都市：商,,,,00620000
RPWNMLNKKHOFFHH86CC,興華段,11.03,都市：商,,,,00620000
RPVNMLNKKHOFFFH56CC,東勇段,396.69,非都市：特定農業區 ; 非都市編定：農牧用地,,,,07830012
RPXNMLNKKHOFFHH96CC,善捷段,.00,都市：住,,,,00040000
RPSNMLOKKHOFFFH09DC,力行段,24.56,都市：住,,,,04090000
RPSNMLOKKHOFFFH09DC,力行段,.91,都市：住,,,,04100000
RPRNMLOKKHOFFBH48CC,青平段,18.62,都市：住,,,,01300000
RPOOMLOKKHOFFEH58CC,南華段,21.13,都市：住,,,,00060000
RPPOMLOKKHOFFEH68CC,大新段,.00,都市：住,,,,02580001
RPXNMLOKKHOFFCH56CC,潛龍段,.53,非都市：鄉村區 ; 非都市編定：乙種建築用地,,,,10790000
RPXNMLOKKHOFFCH56CC,潛龍段,43.15,非都市：鄉村區 ; 非都市編定：乙種建築用地,,,,10990000
RPOOMLOKKHOFFBH28CC,忠福段,.00,都市：住,,,,28640010
RPPPMLOKKHOFFAH38CC,大興段,.00,都市：住,,,,01750000
RPPPMLOKKHOFFAH38CC,大興段,.00,都市：其他:河川區,,,,01750001
RPPPMLOKKHOFFAH38CC,大興段,.00,都市：其他:河川區,,,,01750002
RPQPMLOKKHOFFAH48CC,桃園段長美小段,.00,都市：商,,,,00860021
RPQPMLOKKHOFFAH48CC,桃園段長美小段,.00,都市：住,,,,00860017
RPQPMLOKKHOFFAH48CC,桃園段長美小段,.00,都市：住,,,,00860029
RPTOMLPKKHOFFAH78CC,中埔段,.00,都市：住,,,,00270000
RPUOMLPKKHOFFAH88CC,中埔段,.00,都市：商,,,,04680000
RPUOMLPKKHOFFAH88CC,中埔段,.00,都市：商,,,,04680002
RPPNMLPKKHOFFHH09DC,新路段,20.03,都市：住,,,,08040000
RPPNMLPKKHOFFHH09DC,新路段,20.03,都市：住,,,,08050000
RPXNMLPKKHOFFAH09CC,埔子段埔子小段,.00,都市：住,,,,20230030
RPWNMLQKKHOFFBH66DC,青芝段,41.34,都市：住,,,,00920001
RPTNMLPKKHOFFEH09CC,長發段,540.60,非都市：特定農業區 ; 非都市編定：丁種建築用地,,,,04050000
RPVNMLSKKHOFFHH27CC,精忠段,24.36,都市：住,,,,13840000
RPVNMLPKKHOFFGH86CC,忠貞段,18.02,都市：商,,,,00480028
RPOPMLSKKHOFFAH78DC,國強段,3.32,都市：住,,,,00490000
RPTPMLSKKHOFFAH56CC,三元段,16.16,都市：住,,,,08280000
RPROMLSKKHOFFGH86CC,平東段,19.97,都市：住,,,,06180000
RPWPMLSKKHOFFAH86CC,福元段,15.36,都市：住,,,,06780000
RPPQMLSKKHOFFAH88CC,春日段,10.64,都市：住,,,,05990000
RPOQMLSKKHOFFAH78CC,大有段,12.25,都市：住,,,,05450000
RPQQMLSKKHOFFAH98CC,桃鶯段,14.58,都市：住,,,,05250005
RPSQMLSKKHOFFAH56CC,大有段,11.23,都市：住,,,,05450000
RPTQMLSKKHOFFAH66CC,同安段,106.23,都市：住,,,,13860000
RPUQMLSKKHOFFAH76CC,國聖段,9.62,都市：工,,,,03500000
RPPNMLTKKHOFFAH68CC,國聖段,.00,都市：住,,,,06850000
RPVRMLSKKHOFFBH07CC,健行段,61.00,都市：住,,,,08240008
RPVQMLSKKHOFFAH86CC,龍安段,7.43,都市：住,,,,02690000
RPWOMLTKKHOFFEH27CC,六福段,.00,都市：住,,,,08140000
RPVNMLTKKHOFFEH07CC,南崁廟口段營盤坑小段,31.94,都市：住,,,,01940006
RPTOMLTKKHOFFAH56CC,同德段,28.50,都市：商,,,,00250000
RPTNMLTKKHOFFAH09CC,龍鳳段,21.61,都市：住,,,,01470000
RPTNMLTKKHOFFAH09CC,龍鳳段,.07,都市：住,,,,01470001
RPTNMLTKKHOFFAH09CC,龍鳳段,.08,都市：住,,,,01470002
RPTNMLTKKHOFFAH09CC,龍鳳段,.43,都市：住,,,,01470003
RPUNMLTKKHOFFDH07EC,幼獅段,1651.01,都市：工,,,,17560000
RPUNMLTKKHOFFDH07EC,草湳坡段草湳坡小段,863.00,都市：工,,,,00010000
RPUNMLTKKHOFFDH07EC,草湳坡段草湳坡小段,103.00,都市：工,,,,00010005
RPUNMLTKKHOFFDH07EC,草湳坡段草湳坡小段,588.00,都市：工,,,,00010006
RPVNMLTKKHOFFHH37CC,精忠段,15.22,都市：住,,,,15550000
RPQNMLTKKHOFFEH66DC,大新段,80.75,都市：住,,,,05090005
RPRNMLKLKHOFFEH58DC,水尾段,3181.51,都市：工,,,,17730000
RPUNMLKLKHOFFAH48DC,龍安段,15.37,都市：住,,,,01630000
RPVNMLKLKHOFFCH78DC,北龍段,51.13,都市：商,,,,04530000
RPXPMLLLKHOFFBH56DC,培英段,17.18,都市：住,,,,00090000
RPXNMLLLKHOFFHH86CC,興華段,4.21,都市：住,,,,00440000
RPQOMLNKKHOFFFH78CC,興隆段,.00,都市：住,,,,07290000
RPTNMLSKKHOFFFH86CC,高城段,8.55,都市：住,,,,00860000
RPRNMLLLKHOFFCH48DC,梅龍段,105.81,非都市：鄉村區 ; 非都市編定：乙種建築用地,,,,10350000
RPXNMLNKKHOFFFH76CC,福興段,.00,都市：住,,,,09750000
RPUOMLLLKHOFFFH09CC,福興段,.00,都市：住,,,,08080000
RPPOMLNKKHOFFFH68CC,瑞豐段,42.30,非都市：鄉村區 ; 非都市編定：乙種建築用地,,,,13500000
RPQOMLLLKHOFFFH78DC,豐田段,4.17,都市：商,,,,14700000
RPRQMLSKKHOFFAH09CC,東國段,17.95,都市：住,,,,02400000
RPTOMLLLKHOFFEH88CC,大新段,.00,都市：住,,,,02580001
RPVNMLLLKHOFFAH58CC,埔子段埔子小段,.00,都市：住,,,,20390117
RPWNMLLLKHOFFEH09CC,水尾段,87.74,都市：其他:道路用地,,,,09050003
RPWNMLLLKHOFFEH09CC,水尾段,3210.78,都市：工,,,,09050000
RPWNMLLLKHOFFEH09CC,水尾段,764.56,都市：工,,,,09050001
RPVOMLLLKHOFFAH68CC,新埔段,132.69,都市：住,,,,03090000
RPXOMLLLKHOFFBH98CC,崇德段,.00,非都市：鄉村區 ; 非都市編定：乙種建築用地,,,,04670000
RPPPMLLLKHOFFAH18CC,中埔段,.00,都市：住,,,,05260000
RPOPMLLLKHOFFAH08CC,福元段,.00,都市：住,,,,06310000
RPRRMLLLKHOFFAH58CC,中埔段,.00,都市：商,,,,04680000
RPRRMLLLKHOFFAH58CC,中埔段,.00,都市：商,,,,04680002
RPQOMLMLKHOFFAH28CC,長安段,330.57,都市：住,,,,01280000
RPWNMLMLKHOFFEH56CC,六福段,16.30,都市：工,,,,03270000
RPQQMLLLKHOFFBH48CC,普義段,.00,都市：住,,,,03220000
RPRQMLLLKHOFFBH58CC,普義段,.00,都市：住,,,,03220001
RPSNMLMLKHOFFFH88CC,興豐段,30.97,非都市：鄉村區 ; 非都市編定：乙種建築用地,,,,03930000
RPTNMLNLKHOFFEH98CC,埔心段三塊厝小段,81.00,非都市：特定農業區 ; 非都市編定：甲種建築用地,,,,06260000
RPRNMLNLKHOFFEH78CC,青峰段,23.35,都市：住,,,,04110000
RPQOMLNLKHOFFBH48CC,復興段,23.63,都市：住,,,,18070000
RPPPMLPLKHOFFBH68CC,培英段,.00,都市：住,,,,00060000
RPSPMLPLKHOFFBH98CC,青平段,.00,都市：住,,,,04140000
RPQPMLPLKHOFFBH78CC,自立段,.00,都市：住,,,,08250000
RPRPMLNLKHOFFBH68CC,青溪段,150.83,都市：住,,,,05950000
RPRPMLPLKHOFFBH88CC,中寮段,.00,都市：住,,,,08680000
RPUPMLPLKHOFFBH56CC,普義段,.00,都市：住,,,,03220000
RPSPMLPLKHOFFAH88CC,富國段,.06,都市：住,,,,03050001
RPSPMLPLKHOFFAH88CC,富國段,14.14,都市：住,,,,03080000
RPROMLPLKHOFFEH09CC,艋舺段,.00,非都市：一般農業區 ; 非都市編定：甲種建築用地,,,,12440000
RPUOMLPLKHOFFEH76CC,大新段,.00,都市：住,,,,04910000
RPOQMLPLKHOFFAH58CC,慈文段,.00,都市：住,,,,08070002
RPOOMLPLKHOFFFH88CC,興豐段,.00,非都市：鄉村區 ; 非都市編定：乙種建築用地,,,,03930000
RPXNMLPLKHOFFFH17DC,東勇段,71.76,非都市：鄉村區 ; 非都市編定：乙種建築用地,,,,03610000
RPPOMLPLKHOFFFH98CC,大發段,35.08,非都市：特定農業區 ; 非都市編定：甲種建築用地,,,,14380000
RPWOMLPLKHOFFGH17CC,富貴段,.00,都市：住,,,,08480000
RPRNMLQLKHOFFEH56DC,上竹段,15.48,都市：住,,,,08260000
RPRNMLQLKHOFFEH56DC,上竹段,55.80,都市：住,,,,08280000
RPSNMLQLKHOFFEH66DC,大新段,88.43,都市：住,,,,03010001
RPWOMLPLKHOFFEH07DC,大新段,88.43,都市：住,,,,03010001
RPPOMLQLKHOFFEH98CC,六福段,9.60,都市：住,,,,08140000
RPSOMLQLKHOFFEH66CC,河底段,.00,都市：住,,,,03500000
RPTRMLRLKHOFFBH86CC,復興段,.00,都市：住,,,,14380000
RPVPMLRLKHOFFAH76CC,同安段,.00,都市：住,,,,10000000
RPUNMLRLKHOFFFH07DC,白鷺段,22.42,都市：工,,,,02340000
RPOOMLRLKHOFFFH56DC,青溪段,13.96,都市：住,,,,03790000
RPOQMLLLKHOFFBH28CC,仁美段,.00,都市：住,,,,15590000
RPQOMLRLKHOFFFH76DC,青溪段,25.07,都市：住,,,,03790000
RPTPMLRLKHOFFGH27DC,南勢段,17.08,都市：商,,,,01890000
RPTPMLRLKHOFFGH27DC,平鎮段,.05,都市：商,,,,12850000
RPQRMLRLKHOFFBH66DC,青溪段,83.64,都市：住,,,,03530000
RPTOMLRLKHOFFCH66CC,潛龍段,.00,非都市：工業區 ; 非都市編定：丁種建築用地,,,,01150007
RPWPMLQLKHOFFBH86CC,興南段興南小段,.00,都市：住,,,,02130040
RPWPMLQLKHOFFBH86CC,興南段興南小段,.00,都市：住,,,,02130068
RPWPMLQLKHOFFBH86CC,興南段興南小段,.00,都市：住,,,,02130375
RPWPMLQLKHOFFBH86CC,興南段興南小段,.00,都市：住,,,,02130232
RPRRMLRLKHOFFBH76DC,後興段,87.74,都市：農,,,,08440000
RPXNMLRLKHOFFCH96CC,太武段,120.00,都市：住,,,,14300000
RPRPMLRLKHOFFGH17EC,廣南段,10.67,都市：商,,,,16180000
RPWNMLOJLHOFFAH98DC,中山段,58.47,都市：住,,,,04020022
RPWNMLOJLHOFFAH98DC,中山段,22.49,都市：住,,,,04020000
RPOOMLOJLHOFFAH28DC,三元段,16.52,都市：住,,,,08010000
RPUQMLOJLHOFFAH09DC,中埔段,10.04,都市：住,,,,07320000
RPTNMLOJLHOFFHH66CC,龜山段,.00,都市：商,,,,10280000
RPXNMLOJLHOFFGH96CC,東安段,38.17,都市：住,,,,00650000
RPQOMLOJLHOFFGH98CC,新富段,.00,都市：住,,,,04530000
RPWOMLOJLHOFFGH96CC,東北段,.00,都市：住,,,,06660000
RPXPMLOJLHOFFBH66CC,石頭段,.00,都市：住,,,,00420465
RPWPMLOJLHOFFBH56CC,中壢埔頂段,.00,都市：住,,,,10020000
RPRPMLOJLHOFFBH68CC,永興段,.00,都市：商,,,,00930000
RPOQMLOJLHOFFBH48CC,普義段,.00,都市：住,,,,03220001
RPPNMLLJLHOFFBH97CC,榮民段,.00,都市：住,,,,08740000
RPRPMLOJLHOFFGH56CC,義民段,.00,都市：住,,,,01010000
RPPQMLOJLHOFFBH58CC,環東段,.00,都市：住,,,,08280000
RPQNMLLJLHOFFBH08CC,興南段興南小段,.00,都市：商,,,,02660000
RPTQMLOJLHOFFBH98CC,中壢埔頂段,.00,都市：住,,,,11740000
RPOOMLOJLHOFFFH68CC,興仁段,.00,都市：商,,,,05830000
RPSNMLOJLHOFFFH98CC,豐德段,76.42,非都市：特定農業區 ; 非都市編定：甲種建築用地,,,,05760000
RPPNMLOJLHOFFFH88EC,興仁段,14.49,都市：商,,,,05890000
RPQNMLPJLHOFFDH68CC,甡甡段,.00,都市：農,,,,01510000
RPRNMLPJLHOFFDH78CC,大金山下段大金山下小段,.00,都市：住,,,,00460000
RPWNMLPJLHOFFCH56CC,五福段,64.82,都市：住,,,,09260000
RPTNMLPJLHOFFDH98CC,啟明段,.00,都市：農,,,,07640009
RPSNMLPJLHOFFDH88CC,大金山下段大金山下小段,.00,都市：住,,,,00450000
RPUNMLPJLHOFFDH09CC,二重溪段,.00,都市：住,,,,00860001
RPQOMLQJLHOFFBH78DC,雙嶺段,19.94,都市：住,,,,14760000
RPQOMLQJLHOFFBH78DC,雙嶺段,22.28,都市：住,,,,14760001
RPWNMLQJLHOFFFH96CC,大義段,.00,都市：住,,,,07740000
RPWNMLQJLHOFFFH96CC,大義段,.00,都市：其他:市場用地,,,,07750000
RPROMLQJLHOFFGH76DC,平鎮段,16.90,都市：商,,,,09530000
RPPNMLQJLHOFFFH98DC,東勇段,75.80,非都市：鄉村區 ; 非都市編定：乙種建築用地,,,,03080000
RPXPMLQJLHOFFBH96DC,青平段,19.90,都市：住,,,,04140000
RPVOMLRJLHOFFAH76EC,大有段,3.97,都市：住,,,,01870000
RPWOMLRJLHOFFAH86EC,延平段,5.36,都市：商,,,,00120000
RPTNMLQJLHOFFFH76DC,桃德段,79.21,都市：工,,,,01560000
RPWNMLQJLHOFFBH66DC,石頭段,29.00,都市：住,,,,05760000
RPSNMLQJLHOFFFH66DC,大勇段,78.97,都市：住,,,,07890004
RPPOMLRJLHOFFGH66DC,平東段,77.00,都市：住,,,,00280000
RPPOMLRJLHOFFGH66DC,平東段,85.77,都市：住,,,,00290002
RPPOMLRJLHOFFGH66DC,平東段,26.00,都市：住,,,,00290004
RPUNMLRJLHOFFFH86CC,瑞德段,.00,非都市：鄉村區 ; 非都市編定：乙種建築用地,,,,04900000
RPSNMLRJLHOFFCH98CC,東隆段,81.73,非都市：特定農業區 ; 非都市編定：甲種建築用地,,,,10510000
RPVNMLRJLHOFFEH86CC,富竹段,3325.00,都市：農,,,,05560000
RPXPMLRJLHOFFAH86CC,新埔段,.00,都市：住,,,,04390000
RPQRMLRJLHOFFBH56DC,三座屋段三座屋小段,65.00,都市：住,,,,15660031
RPVNMLRJLHOFFGH07CC,賦北段,4049.41,都市：農,,,,06000000
RPXNMLRJLHOFFEH07CC,北港段,.00,非都市：工業區 ; 非都市編定：丁種建築用地,,,,02050000
RPWNMLRJLHOFFGH17CC,廣仁段,.00,都市：住,,,,08190000
RPUNMLRJLHOFFEH76CC,南山段,.00,,,,,06870001
RPUNMLRJLHOFFEH76CC,南山段,.00,,,,,06870002
RPUNMLRJLHOFFEH76CC,南山段,.00,,,,,06870003
RPUNMLRJLHOFFEH76CC,南山段,.00,,,,,06870004
RPUNMLRJLHOFFEH76CC,南山段,.00,,,,,06870005
RPUNMLRJLHOFFEH76CC,南山段,.00,,,,,06870006
RPUNMLRJLHOFFEH76CC,南山段,.00,,,,,06870007
RPUNMLRJLHOFFEH76CC,南山段,.00,,,,,06870008
RPQOMLRJLHOFFBH78CC,三座屋段三座屋小段,43.87,都市：住,,,,02560000
RPPPMLRJLHOFFBH78CC,新街段,160.00,都市：住,,,,07300000
RPVQMLRJLHOFFBH86CC,仁美段,.00,都市：住,,,,10220000
RPQQMLRJLHOFFBH98CC,中寮段,.00,都市：住,,,,08720000
RPVNMLLKKHOFFFH98CC,豐田段,.00,都市：住,,,,14870000
RPXQMLRJLHOFFBH07CC,普義段,.00,都市：住,,,,05350013
RPOPMLSJLHOFFAH68CC,國強段,.00,都市：住,,,,06740000
RPRQMLSJLHOFFBH56CC,環東段,.00,都市：住,,,,07680000
RPSQMLSJLHOFFBH66CC,普義段,.00,都市：住,,,,04350000
RPQQMLSJLHOFFBH09CC,六和段,.00,都市：住,,,,00040000
RPORMLRJLHOFFBH88CC,普義段,.00,都市：住,,,,12880000
RPORMLRJLHOFFBH88CC,普義段,.00,都市：住,,,,12890000
RPORMLSJLHOFFBH98CC,新街段,.00,都市：住,,,,08670000
RPQPMLSJLHOFFAH88CC,中埔段,.00,都市：住,,,,07320000
RPWQMLSJLHOFFBH07CC,培英段,.00,都市：住,,,,00060000
RPQNMLLKLHOFFFH58CC,中華段,38.46,非都市：特定農業區 ; 非都市編定：特定目的事業用地,,,,11220000
RPXOMLLKLHOFFBH09DC,大享段,442.28,非都市：特定農業區 ; 非都市編定：甲種建築用地,,,,06790000
RPRPMLLKLHOFFCH68DC,奉慈段,27.96,非都市：鄉村區 ; 非都市編定：乙種建築用地,,,,02560000
RPRPMLSJLHOFFAH09DC,同德段,31.16,都市：商,,,,00560000
RPTNMLLKLHOFFBH48CC,仁愛段,.00,都市：住,,,,10140000
RPROMLLKLHOFFDH58CC,大金山下段大金山下小段,.00,都市：住,,,,00100000
RPUNMLLKLHOFFBH58CC,復興段,.00,都市：住,,,,20160003
RPTOMLLKLHOFFBH58CC,青溪段,.00,都市：住,,,,02930000
RPTNMLLKLHOFFAH38CC,桃園段武陵小段,.00,都市：商,,,,00450011
RPSOMLLKLHOFFBH48CC,忠孝段,.00,都市：住,,,,08210007
RPSPMLMKLHOFFAH58CC,富國段,16.94,都市：住,,,,08530000
RPQNMLMKLHOFFAH18CC,大樹林段,.00,都市：住,,,,03250000
RPVOMLMKLHOFFAH78CC,同德段,30.97,都市：商,,,,00560000
RPTNMLMKLHOFFEH98DC,河底段,7.48,都市：住,,,,04770000
RPXOMLMKLHOFFAH98CC,大興段,113.99,都市：住,,,,05520000
RPVPMLMKLHOFFAH88CC,中埔段,36.75,都市：住,,,,01480000
RPUNMLMKLHOFFFH56DC,青溪段,15.22,都市：住,,,,03790000
RPXNMLNKLHOFFGH96CC,廣豐段,.00,都市：住,,,,02940000
RPUNMLMKLHOFFAH68DC,和平段,9.71,都市：住,,,,00930000
RPVNMLMKLHOFFEH56DC,宏華段,46.77,非都市：特定農業區 ; 非都市編定：甲種建築用地,,,,02770000
RPRNMLMKLHOFFFH78CC,大智段,.00,都市：住,,,,04200000
RPQPMLMKLHOFFFH88CC,力行段,.00,都市：住,,,,02140000
RPTNMLMKLHOFFFH98CC,茄明段,.00,都市：住,,,,00310000
RPPOMLMKLHOFFCH38CC,潛龍段,.53,非都市：鄉村區 ; 非都市編定：乙種建築用地,,,,10790000
RPPOMLMKLHOFFCH38CC,潛龍段,29.97,非都市：鄉村區 ; 非都市編定：乙種建築用地,,,,10990000
RPUNMLNKLHOFFBH88DC,興南段興南小段,14.84,都市：商,,,,02600000
RPWNMLNKLHOFFGH96DC,忠貞段,30.40,都市：住,,,,00370002
RPXNMLNKLHOFFAH98CC,桃鶯段,14.58,都市：住,,,,05250005
RPOOMLNKLHOFFAH18CC,埔子段埔子小段,21.04,都市：住,,,,20390092
RPSNMLNKLHOFFFH09DC,興仁段,22.53,都市：住,,,,06080000
RPPPMLOKLHOFFAH48CC,中平段,.00,都市：住,,,,09730000
RPOOMLPKLHOFFAH38CC,西門段,.00,都市：住,,,,06810000
RPPNMLPKLHOFFFH88CC,大義段,19.18,都市：住,,,,00640000
RPSPMLPKLHOFFBH09DC,青芝段,40.49,都市：商,,,,01050000
RPRNMLPKLHOFFCH78CC,高平段,248.26,非都市：山坡地保育區 ; 非都市編定：丁種建築用地,,,,02830000
RPQNMLOJLHOFFFH98EC,興仁段,13.99,都市：商,,,,06080000
RPVNMLOKLHOFFBH98CC,普義段,.00,都市：住,,,,04100000
RPSNMLQKLHOFFBH88CC,三座屋段三座屋小段,8.97,都市：住,,,,00220000
RPSNMLQKLHOFFBH88CC,三座屋段舊社小段,6.00,都市：住,,,,01190018
RPRPMLSKLHOFFBH56CC,興南段興南小段,.00,都市：商,,,,02750000
RPXOMLOKLHOFFBH66CC,三座屋段三座屋小段,.00,都市：住,,,,14550003
RPQPMLSKLHOFFBH09CC,普仁段,.00,都市：商,,,,10260000
RPSNMLMKLHOFFBH48CC,自立段,.00,都市：住,,,,08250000
RPQQMLSKLHOFFAH09CC,中埔段,10.72,都市：住,,,,06940000
RPXNMLSKLHOFFHH57CC,蔗園段,328.07,都市：工,,,,10570000
RPRNMLSKLHOFFEH66CC,水尾段,17.17,都市：工,,,,19190000
RPVPMLSKLHOFFAH96DC,延壽段,43.10,都市：住,,,,09380000
RPVPMLSKLHOFFAH96DC,延壽段,127.64,都市：住,,,,09390000
RPVPMLSKLHOFFAH96DC,延壽段,113.49,都市：住,,,,09400000
RPVPMLSKLHOFFAH96DC,延壽段,46.55,都市：住,,,,09410000
RPVPMLSKLHOFFAH96DC,延壽段,53.99,都市：住,,,,09420000
RPVPMLSKLHOFFAH96DC,延壽段,112.23,都市：住,,,,09430000
RPVPMLSKLHOFFAH96DC,延壽段,110.97,都市：住,,,,09440000
RPVPMLSKLHOFFAH96DC,延壽段,62.02,都市：住,,,,09450000
RPVPMLSKLHOFFAH96DC,延壽段,70.67,都市：住,,,,09460000
RPVPMLSKLHOFFAH96DC,延壽段,109.73,都市：住,,,,09470000
RPVPMLSKLHOFFAH96DC,延壽段,207.45,都市：住,,,,09480000
RPVPMLSKLHOFFAH96DC,延壽段,242.60,都市：住,,,,09490000
RPVPMLSKLHOFFAH96DC,延壽段,176.39,都市：住,,,,09520000
RPVPMLSKLHOFFAH96DC,延壽段,1395.04,都市：住,,,,09530000
RPTNMLSKLHOFFHH17CC,新路段,.00,都市：住,,,,04880000
RPQNMLSKLHOFFDH66EC,楊梅段,70.31,都市：住,,,,02090112
RPXNMLTKLHOFFGH67DC,金星段,88.40,都市：住,,,,08920004
RPQNMLTKLHOFFBH09DC,大華段,19.10,都市：住,,,,08300000
RPXOMLKLLHOFFAH88CC,同安段,20.16,都市：住,,,,12940000
RPOPMLKLLHOFFAH08CC,同德段,30.05,都市：商,,,,00420000
RPUOMLTKLHOFFAH76CC,國聖段,9.60,都市：其他:空白,,,,03500000
RPVNMLKLLHOFFBH78DC,忠孝段,26.00,都市：住,,,,01720001
RPOPMLKLLHOFFBH18CC,新街段,.00,都市：住,,,,08620000
RPTOMLKLLHOFFBH68DC,復興段,19.20,都市：住,,,,14490000
RPVNMLKLLHOFFFH56DC,廣隆段,15.64,都市：住,,,,12780000
RPPNMLLLLHOFFGH68CC,廣豐段,23.49,都市：住,,,,02150000
RPRNMLLLLHOFFGH88CC,湧星段,.00,都市：商,,,,07810000
RPRNMLLLLHOFFGH88CC,湧星段,.00,都市：其他:道路用地,,,,07810001
RPPOMLLLLHOFFBH28CC,中原段,.00,都市：住,,,,10330000
RPQOMLLLLHOFFBH38CC,中壢埔頂段,.00,都市：住,,,,16080000
RPRQMLLLLHOFFBH68CC,環東段,.00,都市：住,,,,07780000
RPSQMLLLLHOFFBH78CC,普義段,.00,都市：住,,,,03220001
RPWPMLNKLHOFFDH76CC,大金山下段大金山下小段,.00,都市：住,,,,00100000
RPVPMLNKLHOFFDH66CC,永福段,15.30,都市：住,,,,10580000
RPUQMLLLLHOFFBH98CC,自立段,.00,都市：住,,,,12650000
RPWNMLLLLHOFFAH78CC,延壽段,.00,都市：住,,,,09930000
RPXPMLNKLHOFFDH86CC,大金山下段大金山下小段,.00,都市：住,,,,00100000
RPOQMLNKLHOFFDH68CC,大金山下段大金山下小段,.00,都市：住,,,,00460000
RPOOMLLLLHOFFAH08CC,中路段,.00,都市：住,,,,17100017
RPXNMLLLLHOFFAH88CC,富國段,.00,都市：住,,,,02450000
RPROMLLLLHOFFAH38CC,東國段,.00,都市：住,,,,07090000
RPUOMLMLLHOFFBH88CC,普義段,11.17,都市：住,,,,03220001
RPXPMLMLLHOFFAH56CC,和平段,.00,都市：住,,,,02500000
RPWNMLMLLHOFFFH76CC,興仁段,.00,都市：商,,,,05890000
RPTOMLMLLHOFFCH88CC,東隆段,1157.00,非都市：特定農業區 ; 非都市編定：農牧用地,,,,11820000
RPXNMLMLLHOFFFH86CC,大忠段,.00,都市：住,,,,06210000
RPVOMLLLLHOFFEH56CC,文中段,232.63,都市：工,,,,05850000
RPVOMLLLLHOFFEH56CC,文中段,2.25,都市：工,,,,05860000
RPPOMLSKLHOFFEH56CC,六福段,15.00,都市：工,,,,03270000
RPSPMLMLLHOFFBH78CC,興南段興南小段,.00,都市：商,,,,02660000
RPSOMLMLLHOFFCH98EC,仁武段,48.41,都市：住,,,,00010000
RPSOMLMLLHOFFCH98EC,隆德段,.45,都市：其他:道路用地,,,,17150000
RPSOMLMLLHOFFCH98EC,隆德段,.06,都市：其他:保護區、道路用地,,,,17170000
RPSOMLMLLHOFFCH98EC,隆德段,.17,都市：其他:保護區、道路用地,,,,17180000
RPSOMLMLLHOFFCH98EC,隆德段,.35,都市：其他:保護區,,,,17190000
RPRNMLMLLHOFFFH98DC,大智段,16.11,都市：住,,,,04200000
RPQNMLMLLHOFFFH88DC,豐田段,41.72,都市：住,,,,14700000
RPROMLMLLHOFFCH88EC,仁武段,20.91,都市：住,,,,00010000
RPROMLMLLHOFFCH88EC,隆德段,.19,都市：住,,,,17150000
RPTOMLMLLHOFFEH56DC,大新段,20.73,都市：住,,,,04270000
RPROMLMLLHOFFCH88EC,隆德段,.02,都市：住,,,,17170000
RPROMLMLLHOFFCH88EC,隆德段,.07,都市：住,,,,17180000
RPROMLMLLHOFFCH88EC,隆德段,.15,都市：住,,,,17190000
RPQNMLMLLHOFFFH98EC,福興段,48.47,都市：住,,,,09270000
RPSNMLMLLHOFFFH09DC,大竹段,361.74,非都市：特定農業區 ; 非都市編定：農牧用地,,,,10180000
RPRNMLMLLHOFFFH09EC,瑞祥段,146.96,都市：商,,,,14900000
RPPNMLOLLHOFFAH38CC,慈文段,8.45,都市：住,,,,00190000
RPXNMLPLLHOFFBH76CC,三座屋段舊社小段,.00,都市：住,,,,01170000
RPXNMLPLLHOFFBH76CC,三座屋段三座屋小段,.00,都市：住,,,,00040000
RPTPMLQLLHOFFAH56CC,慈文段,191.00,都市：住,,,,20760000
RPXNMLQLLHOFFEH17CC,大新段,98.86,都市：住,,,,03170001
RPWNMLPLLHOFFAH56CC,龍祥段,13.66,都市：住,,,,09370000
RPPNMLQLLHOFFHH66CC,文化段,37.77,都市：商,,,,03490000
RPTNMLQLLHOFFDH66CC,楊梅段,.00,都市：商,,,,00420023
RPXPMLRLLHOFFAH07CC,大有段,.00,都市：住,,,,01870000
RPTQMLRLLHOFFBH86CC,普義段,.00,,,,,07140000
RPOQMLRLLHOFFAH88CC,和平段,.00,都市：住,,,,00930000
RPOQMLRLLHOFFAH88CC,和平段,.00,都市：住,,,,01150001
RPTNMLSLLHOFFDH96DC,大金山下段大金山下小段,15.38,都市：住,,,,00810000
RPPQMLRLLHOFFAH98CC,寶山段,.00,都市：住,,,,08720001
RPPNMLRLLHOFFDH09DC,大金山下段大金山下小段,2.57,都市：住,,,,01040003
RPPNMLRLLHOFFDH09DC,頭重溪段,12.54,都市：住,,,,02190004
RPPOMLSLLHOFFEH76DC,錦興段,5.64,都市：住,,,,00550000
RPQOMLSLLHOFFEH86DC,錦興段,5.64,都市：住,,,,00550000
RPQOMLSLLHOFFHH07CC,興華段,.00,都市：住,,,,08890000
RPPOMLTKLHOFFCH56DC,石門段,99.66,都市：住,,,,02070000
RPRPMLPLLHOFFCH56DC,龍華段,84.44,都市：住,,,,08270000
RPQOMLSLLHOFFBH56DC,三座屋段三座屋小段,9.00,都市：住,,,,03300017
RPQOMLSLLHOFFBH56DC,三座屋段三座屋小段,167.00,都市：住,,,,03420000
RPQPMLLLLHOFFCH68DC,九座段,44.10,非都市：鄉村區 ; 非都市編定：乙種建築用地,,,,08840000
RPQNMLSLLHOFFHH96CC,精忠段,826.44,都市：住,,,,08660000
RPUNMLSLLHOFFCH86CC,潛龍段,388.93,非都市：工業區 ; 非都市編定：丁種建築用地,,,,01150005
RPTOMLSLLHOFFBH76CC,中工段,1791.00,都市：工,,,,17890004
RPVNMLSLLHOFFEH17CC,南新段,52.69,都市：其他:空白,,,,02760000
RPWNMLSLLHOFFEH27CC,河底段,20.16,都市：住,,,,00700000
RPROMLSLLHOFFHH17CC,文化段,.00,都市：商,,,,02900000
RPWNMLTLLHOFFHH67CC,文化段,82.01,都市：住,,,,05350000
RPSNMLTLLHOFFCH86DC,瑞源段,36.79,非都市：一般農業區 ; 非都市編定：甲種建築用地,,,,24050000
RPTPMLTLLHOFFBH96CC,忠義段,.00,都市：工,,,,01680000
RPPNMLKMLHOFFHH78CC,中興段,179.00,都市：商,,,,10610000
RPQNMLKMLHOFFBH28CC,培英段,26.30,都市：其他:空白,,,,00010000
RPPNMLKMLHOFFBH18CC,雙嶺段,21.90,都市：住,,,,15130000
RPQNMLKMLHOFFHH88CC,楓樹段,220.41,都市：住,,,,00820000
RPRNMLKMLHOFFHH98CC,陸光段,41.81,都市：住,,,,11870000
RPVNMLKMLHOFFBH78CC,普義段,27.20,都市：其他:空白,,,,17300011
RPXNMLTKLHOFFAH07DC,大樹林段,55.23,都市：住,,,,06870002
RPSNMLKMLHOFFBH48CC,復興段,31.77,都市：其他:空白,,,,20230001
RPXNMLLJMHOFFEH56CC,文中段,290.14,都市：工,,,,05840000
RPXNMLLJMHOFFEH56CC,文中段,193.41,都市：工,,,,05830000
RPPPMLLJMHOFFBH28CC,三座屋段三座屋小段,.00,都市：住,,,,04670002
RPUOMLLJMHOFFBH68CC,草新段,.00,都市：住,,,,06150000
RPSNMLLJMHOFFEH68CC,南崁段,111.22,都市：住,,,,06610009
RPSNMLLJMHOFFEH68CC,南崁段,4.31,都市：住,,,,06610007
RPTPMLLJMHOFFAH58CC,忠義段,3.87,都市：住,,,,07000000
RPWPMLLJMHOFFAH88CC,新埔段,8.06,都市：住,,,,09380000
RPXOMLQLLHOFFAH96DC,和平段,31.40,都市：住,,,,03860000
RPOQMLLJMHOFFAH18CC,大有段,9.39,都市：住,,,,01870000
RPXPMLLJMHOFFAH98CC,大有段,7.49,都市：住,,,,01870000
RPTPMLLJMHOFFBH68CC,榮南段,.00,都市：住,,,,07290000
RPQQMLLJMHOFFAH38CC,忠義段,20.62,都市：住,,,,03740000
RPSPMLLJMHOFFAH48CC,大有段,6.73,都市：住,,,,01870000
RPPNMLLJMHOFFHH68CC,頂湖段,.00,都市：工,,,,00640000
RPPRMLLJMHOFFAH38CC,富國段,.00,都市：住,,,,08530000
RPVQMLLJMHOFFAH88CC,中路段,.00,都市：住,,,,17090003
RPQNMLLJMHOFFFH58CC,興仁段,13.21,都市：商,,,,06080000
RPSNMLLJMHOFFFH78CC,茄明段,18.12,都市：住,,,,00310000
RPRNMLLJMHOFFFH68CC,茄明段,24.00,都市：其他:空白,,,,07720000
RPRRMLLJMHOFFAH58CC,慈文段,.00,都市：住,,,,09310000
RPTNMLLJMHOFFFH88CC,同福段,.00,都市：住,,,,02770000
RPWNMLLJMHOFFEH66EC,南新段,1.70,都市：住,,,,00010000
RPWNMLLJMHOFFEH66EC,南新段,2.76,都市：住,,,,00020000
RPWNMLLJMHOFFEH66EC,南新段,2.31,都市：住,,,,00030000
RPWNMLLJMHOFFEH66EC,南新段,.69,都市：住,,,,00040000
RPWNMLLJMHOFFEH66EC,南新段,2.96,都市：住,,,,00050000
RPWNMLLJMHOFFEH66EC,南新段,125.02,都市：住,,,,00060000
RPQNMLLJMHOFFHH98EC,精忠段,362.11,都市：工,,,,14310000
RPTNMLLJMHOFFBH58DC,新街段,.00,都市：住,,,,08620000
RPTNMLMJMHOFFAH68EC,龍祥段,38.03,都市：住,,,,00160000
RPPOMLLJMHOFFGH68CC,新富段,.00,都市：住,,,,04530000
RPRNMLMJMHOFFFH78CC,福興段,.00,都市：住,,,,09750000
RPROMLMJMHOFFAH38CC,富國段,.00,都市：住,,,,01310001
RPTOMLMJMHOFFAH58CC,建新段,.00,都市：住,,,,09350000
RPRPMLMJMHOFFAH48CC,中山段,.00,都市：住,,,,03210000
RPVNMLMJMHOFFFH56CC,瑞豐段,.00,非都市：鄉村區 ; 非都市編定：乙種建築用地,,,,02330000
RPUNMLMJMHOFFFH09CC,福興段,.00,都市：住,,,,09750000
RPUPMLMJMHOFFAH78CC,忠義段,.00,都市：住,,,,08230000
RPOOMLMJMHOFFGH68CC,平鎮段,.00,都市：住,,,,11310000
RPWPMLMJMHOFFAH98CC,慈文段,.00,都市：住,,,,02350000
RPVPMLMJMHOFFAH88CC,大有段,.00,都市：住,,,,06660000
RPQPMLMJMHOFFBH48CC,青昇段,.00,都市：住,,,,04110000
RPOQMLMJMHOFFAH28CC,新埔段,21.88,都市：住,,,,11780000
RPXNMLMJMHOFFEH66CC,竹圍段崁下小段,.00,非都市：一般農業區 ; 非都市編定：甲種建築用地,,,,00640084
RPXOMLMJMHOFFBH09CC,中寮段,.00,都市：住,,,,08590000
RPPOMLNJMHOFFBH38CC,後寮段,.00,都市：住,,,,02530000
RPVNMLNJMHOFFAH78CC,同安段,132.00,都市：住,,,,20540000
RPPOMLNJMHOFFAH28CC,大有段,.00,都市：住,,,,06220000
RPVOMLNJMHOFFBH98CC,雙嶺段,13.79,都市：商,,,,13580001
RPQOMLNJMHOFFAH38CC,雲林段,21.71,都市：住,,,,03670000
RPWOMLNJMHOFFBH09CC,遠東段,.00,都市：住,,,,00910004
RPSNMLNJMHOFFFH98CC,福興段,.00,都市：住,,,,02660000
RPRNMLNJMHOFFFH88CC,興仁段,.00,都市：住,,,,06080000
RPVNMLNJMHOFFGH76CC,湧安段,.00,都市：住,,,,07940000
RPVNMLNJMHOFFGH76CC,湧安段,.00,都市：住,,,,07940001
RPWNMLNJMHOFFGH86CC,西社段,.00,都市：住,,,,12220000
RPROMLSJMHOFFFH86CC,茄明段,.00,都市：住,,,,00880000
RPSOMLSJMHOFFFH96CC,力行段,1.08,都市：住,,,,02140000
RPSOMLSJMHOFFFH96CC,力行段,5.69,都市：住,,,,02150000
RPQPMLSJMHOFFBH09CC,忠福段,177.00,都市：住,,,,03030000
RPUNMLSJMHOFFDH86CC,大金山下段大金山下小段,.00,都市：住,,,,00100000
RPTNMLTJMHOFFEH96CC,錦中段,16.99,都市：工,,,,00970000
RPVPMLTJMHOFFBH07CC,中原段,.00,都市：住,,,,05160001
RPWPMLTJMHOFFAH07CC,中埔段,33.60,都市：商,,,,05160000
RPQPMLTJMHOFFAH09CC,小檜溪段,.00,都市：住,,,,11260000
RPQPMLTJMHOFFAH09CC,小檜溪段,.00,都市：住,,,,11390000
RPUNMLKKMHOFFEH98DC,開南段,292.08,非都市：特定農業區 ; 非都市編定：甲種建築用地,,,,07730000
RPTNMLKKMHOFFFH98DC,大和段,23.36,都市：住,,,,02890000
RPPOMLKKMHOFFFH68DC,興仁段,18.65,都市：商,,,,06080000
RPUPMLKKMHOFFFH66DC,大智段,24.16,都市：住,,,,04200000
RPOPMLKKMHOFFGH68CC,廣豐段,24.60,都市：住,,,,03290000
RPXNMLLKMHOFFGH86CC,三興段,57.65,都市：住,,,,05890000
RPTNMLMJMHOFFCH68CC,介壽段,.00,非都市：鄉村區 ; 非都市編定：乙種建築用地,,,,02450000
RPSNMLLJMHOFFCH48CC,聖亭段,.00,非都市：鄉村區 ; 非都市編定：乙種建築用地,,,,05090000
RPPNMLNJMHOFFCH38CC,富林段,76.58,非都市：一般農業區 ; 非都市編定：甲種建築用地,,,,10940000
RPROMLNJMHOFFCH68CC,仁文段,133.53,都市：商,,,,15840000
RPSNMLLKMHOFFFH88CC,廣隆段,.00,都市：住,,,,13300000
RPUNMLLJMHOFFCH68CC,南龍段,.00,都市：住,,,,02400000
RPPOMLNJMHOFFCH48CC,仁武段,29.76,都市：住,,,,00010000
RPPOMLNJMHOFFCH48CC,隆德段,.28,都市：其他:道路用地,,,,17150000
RPPOMLNJMHOFFCH48CC,隆德段,.04,都市：其他:保護區，道路用地,,,,17170000
RPPOMLNJMHOFFCH48CC,隆德段,.10,都市：其他:道路用地，保護區,,,,17180000
RPPOMLNJMHOFFCH48CC,隆德段,.21,都市：其他:保護區,,,,17190000
RPSNMLLKMHOFFCH58CC,黃龍段,76.65,都市：住,,,,06870000
RPVNMLLKMHOFFCH88CC,龍興段,289.40,都市：住,,,,00430000
RPPOMLLKMHOFFAH28DC,建新段,68.56,都市：住,,,,06600000
RPQNMLLKMHOFFDH48CC,草湳坡段埔心小段,800.00,都市：住,,,,00020017
RPTNMLLKMHOFFDH78CC,草湳坡段草湳坡小段,.00,都市：住,,,,00520010
RPTNMLLKMHOFFFH98CC,大和段,.00,非都市：鄉村區 ; 非都市編定：乙種建築用地,,,,07300000
RPXNMLLKMHOFFDH56CC,草湳坡段草湳坡小段,1206.00,都市：工,,,,00350000
RPXNMLLKMHOFFDH56CC,草湳坡段草湳坡小段,75.00,都市：工,,,,00350030
RPXNMLLKMHOFFDH56CC,草湳坡段草湳坡小段,1116.00,都市：工,,,,00370000
RPXNMLLKMHOFFDH56CC,草湳坡段草湳坡小段,123.00,都市：工,,,,00370001
RPPPMLLKMHOFFBH38CC,環東段,.00,都市：住,,,,05530000
RPRPMLLKMHOFFBH58CC,復興段,.00,都市：住,,,,20280000
RPVNMLLKMHOFFDH98CC,大金山下段大金山下小段,.00,都市：住,,,,00470000
RPSOMLLKMHOFFBH58CC,後興段,.00,都市：住,,,,05770000
RPSQMLMKMHOFFAH78CC,富國段,80.50,都市：住,,,,07440001
RPSQMLMKMHOFFAH78CC,富國段,80.50,都市：住,,,,07440001
RPRNMLMKMHOFFAH48DC,中埔段,.00,都市：住,,,,01820000
RPTPMLLKMHOFFBH78CC,榮民段,.00,都市：住,,,,08740001
RPUNMLMKMHOFFBH78CC,仁愛段,.00,都市：住,,,,08330000
RPUOMLMKMHOFFBH88CC,忠福段,89.00,都市：住,,,,25750005
RPVRMLLKMHOFFBH56CC,中壢埔頂段,.00,都市：住,,,,19630000
RPPRMLMKMHOFFBH68CC,青溪段,68.69,都市：其他:空白,,,,00060000
RPTNMLNKMHOFFCH88CC,潛龍段,.53,非都市：鄉村區 ; 非都市編定：乙種建築用地,,,,10790000
RPTNMLNKMHOFFCH88CC,潛龍段,86.90,非都市：鄉村區 ; 非都市編定：乙種建築用地,,,,10990000
RPRPMLPKMHOFFBH09DC,中工段,15.21,都市：住,,,,07440038
RPUNMLMJMHOFFAH78EC,慈文段,19.18,都市：住,,,,00190000
RPQNMLPKMHOFFGH56CC,廣東段,.00,都市：住,,,,08570000
RPQQMLPKMHOFFBH98CC,仁愛段,.00,都市：住,,,,13820000
RPXPMLPKMHOFFAH86CC,福元段,.00,都市：住,,,,03530000
RPPQMLPKMHOFFAH78CC,大樹林段,.00,都市：住,,,,03020159
RPPQMLPKMHOFFAH78CC,大樹林段,.00,都市：住,,,,03020160
RPPQMLPKMHOFFAH78CC,大樹林段,.00,都市：住,,,,03020163
RPTPMLSJMHOFFAH86EC,龍祥段,38.03,都市：住,,,,00160000
RPUNMLNKMHOFFCH98CC,潛龍段,69.88,非都市：鄉村區 ; 非都市編定：乙種建築用地,,,,10790000
RPUNMLNKMHOFFCH98CC,潛龍段,.59,非都市：鄉村區 ; 非都市編定：乙種建築用地,,,,10990000
RPUPMLPKMHOFFBH66CC,自立段,.00,都市：其他:道路用地及住宅區,,,,10530000
RPXNMLQKMHOFFGH37CC,廣德段,547.82,都市：住,,,,05110000
RPSOMLQKMHOFFAH98CC,中路段,.00,都市：住,,,,17990063
RPWOMLQKMHOFFBH86CC,中壢埔頂段,19.60,都市：其他:空白,,,,13990023
RPXOMLQKMHOFFAH96DC,大興段,144.14,都市：住,,,,04620000
RPWNMLQKMHOFFBH86DC,自立段,33.88,都市：住,,,,07270000
RPOOMLQKMHOFFGH56CC,新勢段,.00,都市：住,,,,13310000
RPOOMLQKMHOFFGH56CC,新勢段,.00,都市：其他:路地,,,,13320000
RPVNMLRKMHOFFFH27DC,麻園段,77.37,非都市：鄉村區 ; 非都市編定：乙種建築用地,,,,08910000
RPOOMLRKMHOFFCH88CC,逸園段,.00,非都市：一般農業區 ; 非都市編定：甲種建築用地,,,,05280000
RPWNMLRKMHOFFFH27CC,興仁段,13.20,都市：住,,,,06080000
RPQPMLSKMHOFFAH09CC,同德段,.00,都市：商,,,,00080000
RPVNMLQKMHOFFEH07DC,青峰段,57.89,都市：住,,,,03700002
RPSPMLTKMHOFFEH27DC,大新段,81.90,都市：住,,,,02610008
RPTPMLTKMHOFFEH37DC,竹中段,20.77,都市：住,,,,10680000
RPRNMLRKMHOFFEH66CC,河底段,4.96,都市：商,,,,03970000
RPSPMLRKMHOFFBH66CC,三座屋段三座屋小段,17.13,都市：住,,,,04670002
RPUNMLTKMHOFFGH47DC,南華段,222.09,都市：住,,,,07730000
RPUNMLTKMHOFFGH47DC,南華段,44.62,都市：住,,,,08130000
RPSNMLSKMHOFFFH17EC,福興段,.00,都市：商,,,,09490000
RPSPMLTKMHOFFAH76CC,同德段,22.29,都市：商,,,,00100000
RPWNMLTKMHOFFGH67DC,金星段,19.71,都市：住,,,,01860000
RPQNMLLLMHOFFBH38CC,三座屋段舊社小段,.00,都市：住,,,,01170000
RPQNMLLLMHOFFBH38CC,三座屋段三座屋小段,.00,都市：住,,,,00040000
RPRNMLLLMHOFFBH48CC,興南段興南小段,.00,都市：商,,,,02750000
RPPPMLTKMHOFFBH56CC,興南段興南小段,.00,都市：商,,,,01930044
RPPNMLKLMHOFFBH18CC,富林段,1857.62,非都市：一般農業區 ; 非都市編定：農牧用地,,,,00050000
RPPNMLKLMHOFFBH18CC,富林段,2561.75,非都市：一般農業區 ; 非都市編定：農牧用地,,,,00060000
RPPNMLLLMHOFFBH28CC,興南段興南小段,.00,都市：住,,,,02140093
RPOOMLMLMHOFFCH48CC,仁文段,70.11,都市：住,,,,11910000
RPROMLMLMHOFFGH56CC,德育段,.00,都市：住,,,,14360000
RPROMLMLMHOFFGH56CC,德育段,.00,都市：住,,,,14370000
RPTNMLMLMHOFFFH56CC,豐田段,.00,都市：住,,,,14870000
RPSOMLMLMHOFFAH68CC,國聖段,.00,都市：工,,,,01840000
RPSOMLMLMHOFFAH68CC,國聖段,.00,都市：工,,,,01850000
RPSOMLMLMHOFFAH68CC,國聖段,.00,都市：工,,,,01980000
RPQSMLMLMHOFFAH88CC,三元段,14.74,都市：住,,,,07600000
RPVOMLMLMHOFFFH86CC,福興段,.00,都市：商,,,,09580000
RPORMLNLMHOFFAH68CC,埔子段埔子小段,29.39,都市：住,,,,20230030
RPVRMLNLMHOFFAH76CC,中埔段,74.00,都市：住,,,,03250000
RPVRMLNLMHOFFAH76CC,中埔段,51.00,都市：住,,,,03460000
RPVRMLNLMHOFFAH76CC,中埔段,24.00,都市：住,,,,03460001
RPUNMLMLMHOFFFH66CC,興仁段,.00,都市：商,,,,05890000
RPTSMLMLMHOFFAH56CC,同安段,.00,都市：住,,,,15120000
RPQPMLNLMHOFFDH98CC,和平段,64.97,非都市：特定農業區 ; 非都市編定：甲種建築用地,,,,01040000
RPTNMLNLMHOFFBH88CC,復興段,17.31,都市：住,,,,11510002
RPTQMLNLMHOFFBH56CC,內厝段,24.69,非都市：特定農業區 ; 非都市編定：甲種建築用地,,,,01180000
RPROMLMLMHOFFBH68CC,復興段,.00,都市：住,,,,17810000
RPROMLMLMHOFFBH68CC,復興段,.00,都市：住,,,,17820000
RPROMLMLMHOFFBH68CC,復興段,.00,都市：住,,,,18130000
RPROMLMLMHOFFBH68CC,復興段,.00,都市：住,,,,18210000
RPSOMLMLMHOFFBH78CC,三座屋段舊社小段,.00,都市：住,,,,01170000
RPSOMLMLMHOFFBH78CC,三座屋段三座屋小段,.00,都市：住,,,,00040000
RPUQMLNLMHOFFBH66CC,成功段,11.66,都市：其他:空白,,,,00090000
RPQQMLMLMHOFFBH78CC,仁愛段,.00,都市：商,,,,10140000
RPORMLNLMHOFFBH78CC,普義段,11.66,都市：其他:空白,,,,06120000
RPROMLNLMHOFFFH56CC,大興段,.00,都市：住,,,,01290000
RPPRMLNLMHOFFBH88CC,中壢埔頂段,4.90,都市：其他:空白,,,,13990023
RPVOMLOLMHOFFFH17DC,明智段,16.99,都市：住,,,,00040000
RPQPMLOLMHOFFFH66CC,豐田段,.00,都市：住,,,,14870000
RPSOMLOLMHOFFBH98CC,後寮段,3.48,都市：住,,,,02530000
RPWOMLOLMHOFFBH76CC,仁祥段,24.00,都市：商,,,,07860000
RPTQMLOLMHOFFBH66CC,老街溪段,15.80,都市：住,,,,13580000
RPQSMLOLMHOFFBH56CC,三座屋段舊社小段,.00,都市：住,,,,00800015
RPSSMLOLMHOFFBH76CC,三座屋段舊社小段,.00,都市：住,,,,01150000
RPTOMLOLMHOFFDH66CC,秀才段,66.44,非都市：山坡地保育區 ; 非都市編定：丙種建築用地,,,,07700000
RPTSMLOLMHOFFBH86CC,興南段興南小段,.00,都市：商,,,,02660000
RPVNMLPKMHOFFHH17CC,興華段,12.00,都市：住,,,,00610002
RPSNMLOLMHOFFHH86CC,龜山段,3.31,都市：商,,,,10280000
RPPNMLLLMHOFFHH88CC,興華段,.00,都市：商,,,,02570000
RPSOMLMLMHOFFHH76CC,陳厝段,760.33,都市：其他:保護區,,,,12850000
RPUPMLOLMHOFFAH56CC,,62.31,都市：住,,,,00610000
RPTQMLOLMHOFFAH56CC,和平段,.00,都市：住,,,,00930000
RPTQMLOLMHOFFAH56CC,和平段,.00,都市：住,,,,01150001
RPUPMLPLMHOFFAH66CC,慈文段,.00,都市：住,,,,02350002
RPUPMLPLMHOFFAH66CC,慈文段,.00,都市：住,,,,01130000
RPPPMLPLMHOFFBH88CC,石頭段,.00,都市：商,,,,00420465
RPTNMLPLMHOFFFH86CC,大庄段,.00,非都市：鄉村區 ; 非都市編定：乙種建築用地,,,,23120000
RPTNMLPLMHOFFFH86CC,大庄段,.00,非都市：鄉村區 ; 非都市編定：乙種建築用地,,,,23120000
RPQPMLPLMHOFFBH98CC,中北段,.00,都市：工,,,,10430000
RPQOMLPLMHOFFFH66CC,豐田段,.00,都市：住,,,,14500000
RPSNMLQLMHOFFFH86CC,同福段,4806.36,都市：農,,,,03340000
RPROMLQLMHOFFFH86CC,福興段,.00,都市：住,,,,09400000
RPOPMLQLMHOFFBH88CC,,3.48,都市：住,,,,02530000
RPSQMLQLMHOFFBH76CC,自立段,.00,都市：住,,,,12540000
RPTQMLQLMHOFFBH86CC,新街段,.00,都市：住,,,,08870000
RPTNMLOLMHOFFGH86CC,東北段,18.74,都市：其他:空白,,,,00930000
RPOOMLPLMHOFFGH56CC,忠貞段,.00,都市：商,,,,00480028
RPXPMLQLMHOFFAH07CC,寶山段,.00,都市：住,,,,09170000
RPWOMLPLMHOFFGH37CC,三崇段,.00,都市：商,,,,00020000
RPVNMLPLMHOFFGH17CC,復旦段,.00,都市：住,,,,04120000
RPPNMLRLMHOFFCH98CC,潛龍段,124.80,非都市：鄉村區 ; 非都市編定：乙種建築用地,,,,10790000
RPPNMLRLMHOFFCH98CC,潛龍段,.59,非都市：鄉村區 ; 非都市編定：乙種建築用地,,,,10990000
RPWNMLPLMHOFFGH27CC,復旦段,.00,都市：住,,,,04120000
RPWNMLTLMHOFFAH17DC,,35.70,都市：住,,,,04790009
RPXNMLTLMHOFFFH67CC,,15.24,都市：商,,,,05830000
RPXNMLTLMHOFFCH37CC,雙連段,.00,非都市：特定農業區 ; 非都市編定：甲種建築用地,,,,00430000
RPVPMLTLMHOFFFH67CC,豐田段,.00,都市：住,,,,14880000
RPWOMLTLMHOFFBH37DC,青溪段,83.66,都市：住,,,,04520005
RPXPMLTLMHOFFFH87CC,高城段,.00,都市：住,,,,13470000
RPXPMLTLMHOFFAH57EC,國聖段,9.60,都市：工,,,,03500000
RPOTMLTLMHOFFAH86CC,中山段,.00,都市：住,,,,02910000
RPOOMLTLMHOFFHH27EC,文化段,50.94,都市：住,,,,05920000
RPTPMLTLMHOFFGH57CC,廣南段,.00,都市：住,,,,00720000
RPTPMLTLMHOFFGH57CC,廣南段,.00,都市：住,,,,07410000
RPSOMLTLMHOFFEH17CC,大新段,124.69,都市：住,,,,07160000
RPSPMLTLMHOFFBH96CC,復興段,.00,都市：住,,,,09090001
RPQQMLTLMHOFFAH96EC,中山段,222.21,都市：商,,,,01020000
RPUPMLTLMHOFFBH17CC,中壢埔頂段,.00,都市：住,,,,18350000
RPWQMLTLMHOFFBH47CC,培英段,.00,都市：住,,,,00010000
RPQPMLKMMHOFFBH58CC,中北段,.00,都市：住,,,,05010000
RPPPMLTLMHOFFBH66CC,復興段,.00,都市：住,,,,16280000
RPRPMLKMMHOFFBH68CC,石頭段,.00,都市：住,,,,00460033
RPOOMLKMMHOFFGH78CC,廣豐段,.00,都市：住,,,,03290000
RPPNMLKMMHOFFBH38DC,,38.22,都市：其他:,,,,15140030
RPPNMLKMMHOFFBH38DC,,21.14,都市：住,,,,15140014
RPOQMLLJNHOFFBH38CC,青溪段,25.49,都市：住,,,,06070000
RPQOMLMJNHOFFBH48CC,新街段,22.44,都市：住,,,,08290000
RPWNMLLJNHOFFGH76CC,平東段,19.96,都市：住,,,,06180000
RPSOMLKMMHOFFHH66CC,文化段,30.28,都市：商,,,,03210000
RPPNMLMJNHOFFFH88EC,營盤段,58.06,非都市：鄉村區 ; 非都市編定：乙種建築用地,,,,03360000
RPPNMLMJNHOFFFH88EC,營盤段,5.56,非都市：鄉村區 ; 非都市編定：乙種建築用地,,,,03500000
RPPNMLMJNHOFFFH88EC,營盤段,10.69,非都市：鄉村區 ; 非都市編定：乙種建築用地,,,,02500000
RPSNMLMJNHOFFFH56EC,興豐段,462.97,都市：住,,,,26910000
RPSNMLMJNHOFFFH56EC,興豐段,347.86,都市：住,,,,26920000
RPQNMLMJNHOFFFH98EC,豐田段,19.93,都市：住,,,,14880000
RPPOMLMJNHOFFFH78CC,,44.83,,,,,01290000
RPXNMLNJNHOFFAH09CC,忠義段,3.87,都市：住,,,,07000000
RPOOMLMJNHOFFGH88DC,中庸段,12.07,都市：住,,,,01300000
RPOOMLMJNHOFFGH88DC,金星段,5.10,都市：住,,,,05690000
RPOOMLMJNHOFFGH88DC,金星段,54.44,都市：住,,,,05700000
RPOOMLMJNHOFFGH88DC,中庸段,2.41,都市：住,,,,01310000
RPPNMLNJNHOFFFH88DC,,99.89,,,,,07420000
RPROMLNJNHOFFBH78DC,自立段,936.00,都市：住,,,,10020000
RPXNMLMJNHOFFEH86DC,河底段,55.51,都市：住,,,,05300000
RPQPMLNLMHOFFEH56DC,水尾段,12.30,都市：工,,,,15960000
RPQPMLNLMHOFFEH56DC,水尾段,11.84,都市：工,,,,15970000
RPQNMLOLMHOFFEH09DC,錦興段,5.50,都市：住,,,,00550000
RPOPMLNJNHOFFAH48DC,,26.21,都市：住,,,,18320000
RPPNMLOLMHOFFEH98DC,大新段,160.15,都市：住,,,,04170022
RPTOMLNJNHOFFAH78CC,,.00,都市：住,,,,09480000
RPXQMLQJNHOFFAH17DC,富國段,11.20,都市：住,,,,00340005
RPROMLNJNHOFFAH58CC,,16.51,都市：住,,,,10560000
RPQOMLOJNHOFFAH68DC,大興段,144.14,都市：住,,,,04620000
RPRPMLQJNHOFFAH09DC,,63.73,都市：商,,,,00350000
RPSNMLQJNHOFFAH98DC,,.00,都市：住,,,,00100000
RPSNMLOJNHOFFAH68CC,中山段,.00,都市：住,,,,02300000
RPQUMLQJNHOFFEH17CC,河底段,.00,都市：其他:部分住宅區、部分河川區,,,,00270000
RPUNMLQJNHOFFCH76DC,黃唐段,159.56,非都市：鄉村區 ; 非都市編定：乙種建築用地,,,,00090009
RPSPMLQJNHOFFDH76CC,大平段,50.84,都市：住,,,,04790000
RPTNMLQJNHOFFBH09CC,,.00,都市：住,,,,02900000
RPPNMLOJNHOFFAH38CC,中埔段,.00,都市：住,,,,03520000
RPXQMLQJNHOFFBH17CC,三座屋段舊社小段,.00,都市：住,,,,01150000
RPVQMLRJNHOFFBH07CC,自立段,.00,都市：住,,,,17590000
RPURMLRJNHOFFBH07CC,,.00,都市：住,,,,15450006
RPXNMLRJNHOFFBH96CC,石頭段,9.63,都市：商,,,,00350050
RPRNMLRJNHOFFBH98CC,健行段,77.00,都市：住,,,,05510000
RPVNMLRJNHOFFBH76CC,西寮段,.00,都市：住,,,,05370000
RPQPMLQJNHOFFBH98CC,,2509.00,,,,,02400000
RPTNMLRJNHOFFDH76CC,楊梅段,.00,都市：住,,,,00770001
RPROMLRJNHOFFCH56CC,隆德段,.28,都市：其他:道路用地,,,,17150000
RPROMLRJNHOFFCH56CC,隆德段,.04,都市：其他:道路用地 保護區,,,,17170000
RPROMLRJNHOFFCH56CC,仁武段,29.76,都市：住,,,,00010000
RPROMLRJNHOFFCH56CC,隆德段,.10,都市：其他:道路用地 保護區,,,,17180000
RPROMLRJNHOFFCH56CC,隆德段,.21,都市：其他:保護區,,,,17190000
RPORMLRJNHOFFBH09CC,,.00,都市：住,,,,03220000
RPSOMLRJNHOFFCH66CC,田心子段下田心子小段,24.31,都市：住,,,,16690000
RPQNMLRJNHOFFAH88DC,,26.84,都市：住,,,,16940000
RPSNMLRJNHOFFAH98CC,大樹林段,.00,都市：住,,,,03790000
RPRNMLRJNHOFFAH88CC,中埔段,.00,都市：住,,,,00500000
RPUOMLRJNHOFFAH66CC,江南段,.00,都市：住,,,,02840000
RPVOMLRJNHOFFAH76CC,中山段,.00,都市：住,,,,01500000
RPUOMLRJNHOFFCH86CC,潛龍段,.00,非都市：鄉村區 ; 非都市編定：乙種建築用地,,,,10990000
RPOPMLRJNHOFFGH76CC,,.00,都市：住,,,,03290000
RPSPMLRJNHOFFAH56CC,同德段,.00,都市：商,,,,00450000
RPSNMLRJNHOFFGH96CC,莊敬段,.00,都市：住,,,,07990000
RPWNMLNJNHOFFFH96DC,大和段,10.37,都市：商,,,,02630000
RPSOMLRJNHOFFGH07CC,廣德段,.00,都市：住,,,,07040000
RPSOMLRJNHOFFFH96CC,豐田段,.00,都市：住,,,,14880000
RPTNMLSJNHOFFFH07CC,大華段,.00,都市：住,,,,04030000
RPSNMLSJNHOFFFH96CC,興豐段,.00,都市：住,,,,24720000
RPSNMLSJNHOFFCH86EC,黃唐段,22.84,非都市：鄉村區 ; 非都市編定：乙種建築用地,,,,05570000
RPRNMLSJNHOFFAH98CC,,.00,都市：住,,,,06850000
RPWOMLSJNHOFFAH17EC,新埔段,34.74,都市：住,,,,09380000
RPTPMLSJNHOFFAH76CC,慈文段,.00,都市：商,,,,03230000
RPQOMLSJNHOFFGH17EC,忠貞段,18.02,都市：商,,,,00480028
RPTPMLSJNHOFFAH76CC,慈文段,.00,都市：住,,,,03380000
RPOQMLSJNHOFFAH09DC,,628.58,都市：住,,,,02420000
RPOQMLSJNHOFFAH09DC,,9.00,都市：住,,,,02770150
RPSRMLSJNHOFFAH86CC,,11.06,都市：住,,,,00560000
RPVPMLSJNHOFFAH07DC,富國段,11.36,都市：住,,,,00340005
RPPPMLSJNHOFFAH98CC,忠義段,.00,都市：住,,,,06650000
RPQOMLSJNHOFFDH66CC,二重溪段,.00,都市：其他:巿場用地,,,,00510003
RPVNMLSJNHOFFDH07CC,,.00,都市：住,,,,00390187
RPVNMLSJNHOFFBH86CC,石頭段,.00,都市：住,,,,05460001
RPVNMLSJNHOFFBH86CC,石頭段,.00,都市：住,,,,05460002
RPWNMLSJNHOFFBH96CC,石頭段,.00,都市：住,,,,05050000
RPPQMLSJNHOFFBH56CC,三座屋段三座屋小段,23.48,都市：住,,,,04670002
RPOOMLSJNHOFFBH88CC,石頭段,.00,都市：住,,,,00030017
RPRNMLTJNHOFFDH76CC,頭重溪段,10.67,都市：住,,,,02190004
RPWNMLSJNHOFFDH17CC,,.00,都市：住,,,,00770001
RPVOMLTJNHOFFEH37CC,六福段,5.80,都市：住,,,,08140000
RPPQMLTJNHOFFAH56CC,,9.33,都市：商,,,,00690008
RPPQMLTJNHOFFAH56CC,,.02,都市：商,,,,00690018
RPSOMLTJNHOFFAH66CC,,22.85,都市：住,,,,07560000
RPSNMLKKNHOFFGH98CC,東豐段,.00,都市：住,,,,03270000
RPTNMLKKNHOFFCH68CC,潛龍段,41.07,非都市：鄉村區 ; 非都市編定：乙種建築用地,,,,10790000
RPTNMLKKNHOFFCH68CC,潛龍段,.60,非都市：鄉村區 ; 非都市編定：乙種建築用地,,,,10990000
RPSNMLKKNHOFFDH78DC,草湳坡段埔心小段,154.00,都市：住,,,,00230017
RPTNMLKKNHOFFDH88DC,草湳坡段埔心小段,154.00,都市：住,,,,00230017
RPQRMLKKNHOFFAH58CC,春日段,.00,都市：住,,,,10920000
RPTPMLKKNHOFFAH68CC,,32.24,都市：住,,,,03040000
RPTRMLKKNHOFFAH88CC,,.00,都市：住,,,,01990000
RPSRMLKKNHOFFAH78CC,,.00,都市：住,,,,01040003
RPQNMLTJNHOFFAH09DC,桃鶯段,133.23,都市：住,,,,01340000
RPWPMLKKNHOFFAH98CC,,36.10,都市：商,,,,00420000
RPORMLKKNHOFFAH38CC,青溪段,20.09,都市：住,,,,00240000
RPRRMLKKNHOFFAH68CC,中路段,6.79,都市：商,,,,17410013
