﻿鄉鎮市區,交易標的,土地位置建物門牌,土地移轉總面積平方公尺,都市土地使用分區,非都市土地使用分區,非都市土地使用編定,交易年月日,交易筆棟數,移轉層次,總樓層數,建物型態,主要用途,主要建材,建築完成年月,建物移轉總面積平方公尺,建物現況格局-房,建物現況格局-廳,建物現況格局-衛,建物現況格局-隔間,有無管理組織,總價元,單價元平方公尺,車位類別,車位移轉總面積平方公尺,車位總價元,備註,編號,建案名稱,棟及號
The villages and towns urban district,transaction sign,land sector position building sector house number plate,land shifting total area square meter,the use zoning or compiles and checks,the non-metropolis land use district,non-metropolis land use,transaction year month and day,transaction pen number,shifting level,total floor number,building state,main use,main building materials,construction to complete the years,building shifting total area,Building present situation pattern - room,building present situation pattern - hall,building present situation pattern - health,building present situation pattern - compartmented,Whether there is manages the organization,total price NTD,the unit price (NTD / square meter),the berth category,berth shifting total area square meter,the berth total price NTD,the note,serial number,build case,buildings
新竹市,房地(土地+建物)+車位,新竹市新竹市東區慈濟路210號對面A1-05F,15.32,商,,,1061216,土地22建物1車位1,五層,24,住宅大樓(11層含以上有電梯),住家用,鋼筋混凝土造,,151.64,3,2,2,有,無,10890000,79406,坡道平面,27.09,1000000,,RPVNMLTJMHOFFAO37CB,竹科悅揚,
新竹市,房地(土地+建物)+車位,新竹市新竹市東區慈濟路210號對面A1-09F,15.32,商,,,1061103,土地22建物1車位1,九層,24,住宅大樓(11層含以上有電梯),住家用,鋼筋混凝土造,,151.64,3,2,2,有,無,11090000,80610,坡道平面,27.09,1050000,,RPWNMLTJMHOFFAO47CB,竹科悅揚,
新竹市,房地(土地+建物)+車位,新竹市新竹市東區慈濟路210號對面A1-07F,15.32,商,,,1061110,土地22建物1車位1,七層,24,住宅大樓(11層含以上有電梯),住家用,鋼筋混凝土造,,151.64,3,2,2,有,無,10960000,79968,坡道平面,27.09,1000000,,RPXNMLTJMHOFFAO57CB,竹科悅揚,
新竹市,房地(土地+建物)+車位,新竹市新竹市東區慈濟路210號對面A1-10F,15.32,商,,,1061226,土地22建物1車位1,十層,24,住宅大樓(11層含以上有電梯),住家用,鋼筋混凝土造,,151.64,3,2,2,有,無,11100000,81092,坡道平面,27.09,1000000,,RPOOMLTJMHOFFAO76CB,竹科悅揚,
新竹市,房地(土地+建物)+車位,新竹市新竹市東區慈濟路210號對面A1-11F,15.32,商,,,1061121,土地22建物1車位1,十一層,24,住宅大樓(11層含以上有電梯),住家用,鋼筋混凝土造,,151.64,3,2,2,有,無,11110000,81172,坡道平面,27.09,1000000,,RPPOMLTJMHOFFAO86CB,竹科悅揚,
新竹市,房地(土地+建物)+車位,新竹市新竹市東區慈濟路210號對面A1-13F,15.32,商,,,1070423,土地22建物1車位1,十三層,24,住宅大樓(11層含以上有電梯),住家用,鋼筋混凝土造,,151.64,3,2,2,有,無,11130000,81333,坡道平面,27.09,1000000,,RPQOMLTJMHOFFAO96CB,竹科悅揚,
新竹市,房地(土地+建物)+車位,新竹市新竹市東區慈濟路210號對面D1-03F,14.51,商,,,1061127,土地22建物1車位1,三層,24,住宅大樓(11層含以上有電梯),住家用,鋼筋混凝土造,,145.27,3,2,2,有,無,10390000,78186,坡道平面,27.09,1150000,,RPROMLTJMHOFFAO07CB,竹科悅揚,
新竹市,房地(土地+建物)+車位,新竹市新竹市東區慈濟路210號對面A1-15F,15.32,商,,,1061110,土地22建物1車位1,十五層,24,住宅大樓(11層含以上有電梯),住家用,鋼筋混凝土造,,151.64,3,2,2,有,無,11210000,81975,坡道平面,27.09,1000000,,RPSOMLTJMHOFFAO17CB,竹科悅揚,
新竹市,房地(土地+建物)+車位,新竹市新竹市東區慈濟路210號對面D1-05F,15.58,商,,,1071003,土地22建物1車位1,五層,24,住宅大樓(11層含以上有電梯),住家用,鋼筋混凝土造,,154.07,3,2,2,有,無,10980000,78438,坡道平面,27.09,1020000,,RPTOMLTJMHOFFAO27CB,竹科悅揚,
新竹市,房地(土地+建物)+車位,新竹市新竹市東區慈濟路210號對面A1-21F,15.32,商,,,1061110,土地22建物1車位1,二十一層,24,住宅大樓(11層含以上有電梯),住家用,鋼筋混凝土造,,151.64,3,2,2,有,無,11380000,83340,坡道平面,27.09,1000000,,RPUOMLTJMHOFFAO37CB,竹科悅揚,
新竹市,房地(土地+建物)+車位,新竹市新竹市東區慈濟路210號對面D1-06F,15.58,商,,,1070824,土地22建物1車位1,六層,24,住宅大樓(11層含以上有電梯),住家用,鋼筋混凝土造,,154.07,3,2,2,有,無,10870000,77965,坡道平面,27.09,970000,,RPVOMLTJMHOFFAO47CB,竹科悅揚,
新竹市,房地(土地+建物),新竹市新竹市東區慈濟路210號對面D1-08F,15.45,商,,,1071226,土地22建物1車位0,八層,24,住宅大樓(11層含以上有電梯),住家用,鋼筋混凝土造,,126.98,3,2,2,有,無,9970000,78516,,0.0,0,,RPWOMLTJMHOFFAO57CB,竹科悅揚,
新竹市,房地(土地+建物)+車位,新竹市新竹市東區慈濟路210號對面A2-05F,15.32,商,,,1070203,土地22建物1車位1,五層,24,住宅大樓(11層含以上有電梯),住家用,鋼筋混凝土造,,151.84,3,2,2,有,無,11300000,81764,坡道平面,27.09,1100000,,RPXOMLTJMHOFFAO67CB,竹科悅揚,
新竹市,房地(土地+建物)+車位,新竹市新竹市東區慈濟路210號對面A2-07F,15.32,商,,,1061127,土地22建物1車位1,七層,24,住宅大樓(11層含以上有電梯),住家用,鋼筋混凝土造,,151.84,3,2,2,有,無,10930000,79198,坡道平面,27.09,1050000,,RPOPMLTJMHOFFAO86CB,竹科悅揚,
新竹市,房地(土地+建物)+車位,新竹市新竹市東區慈濟路210號對面D1-09F,15.58,商,,,1071123,土地22建物1車位1,九層,24,住宅大樓(11層含以上有電梯),住家用,鋼筋混凝土造,,151.9,3,2,2,有,無,11130000,79383,坡道平面,24.92,1050000,,RPPPMLTJMHOFFAO96CB,竹科悅揚,
新竹市,房地(土地+建物)+車位,新竹市新竹市東區慈濟路210號對面A2-09F,15.32,商,,,1061206,土地22建物1車位1,九層,24,住宅大樓(11層含以上有電梯),住家用,鋼筋混凝土造,,151.84,3,2,2,有,無,10970000,79920,坡道平面,27.09,1000000,,RPQPMLTJMHOFFAO07CB,竹科悅揚,
新竹市,房地(土地+建物)+車位,新竹市新竹市東區慈濟路210號對面A2-10F,15.32,商,,,1061226,土地22建物1車位1,十層,24,住宅大樓(11層含以上有電梯),住家用,鋼筋混凝土造,,151.84,3,2,2,有,無,11050000,80561,坡道平面,27.09,1000000,,RPRPMLTJMHOFFAO17CB,竹科悅揚,
新竹市,房地(土地+建物)+車位,新竹市新竹市東區慈濟路210號對面D1-11F,15.58,商,,,1070401,土地22建物1車位1,十一層,24,住宅大樓(11層含以上有電梯),住家用,鋼筋混凝土造,,154.07,3,2,2,有,無,11050000,79383,坡道平面,27.09,970000,,RPSPMLTJMHOFFAO27CB,竹科悅揚,
新竹市,房地(土地+建物)+車位,新竹市新竹市東區慈濟路210號對面D1-13F,15.58,商,,,1070309,土地22建物1車位1,十三層,24,住宅大樓(11層含以上有電梯),住家用,鋼筋混凝土造,,154.07,3,2,2,有,無,11190000,79461,坡道平面,27.09,1100000,,RPTPMLTJMHOFFAO37CB,竹科悅揚,
新竹市,房地(土地+建物)+車位,新竹市新竹市東區慈濟路210號對面D1-12F,15.58,商,,,1070424,土地22建物1車位1,十二層,24,住宅大樓(11層含以上有電梯),住家用,鋼筋混凝土造,,154.07,3,2,2,有,無,11220000,79698,坡道平面,27.09,1100000,,RPUPMLTJMHOFFAO47CB,竹科悅揚,
新竹市,房地(土地+建物)+車位,新竹市新竹市東區慈濟路210號對面D1-16F,15.58,商,,,1070424,土地22建物1車位1,十六層,24,住宅大樓(11層含以上有電梯),住家用,鋼筋混凝土造,,154.07,3,2,2,有,無,11310000,80406,坡道平面,27.09,1100000,,RPVPMLTJMHOFFAO57CB,竹科悅揚,
新竹市,房地(土地+建物)+車位,新竹市新竹市東區慈濟路210號對面D1-18F,15.58,商,,,1061226,土地22建物1車位1,十八層,24,住宅大樓(11層含以上有電梯),住家用,鋼筋混凝土造,,154.07,3,2,2,有,無,11150000,79540,坡道平面,27.09,1050000,,RPWPMLTJMHOFFAO67CB,竹科悅揚,
新竹市,房地(土地+建物)+車位,新竹市新竹市東區慈濟路210號對面D1-19F,15.58,商,,,1070811,土地22建物1車位1,十九層,24,住宅大樓(11層含以上有電梯),住家用,鋼筋混凝土造,,154.07,3,2,2,有,無,11510000,81194,坡道平面,27.09,1200000,,RPOQMLTJMHOFFAO96CB,竹科悅揚,
新竹市,房地(土地+建物)+車位,新竹市新竹市東區慈濟路210號對面D1-20F,15.58,商,,,1070807,土地22建物1車位1,二十層,24,住宅大樓(11層含以上有電梯),住家用,鋼筋混凝土造,,154.07,3,2,2,有,無,11460000,81194,坡道平面,27.09,1150000,,RPPQMLTJMHOFFAO07CB,竹科悅揚,
新竹市,房地(土地+建物)+車位,新竹市新竹市東區慈濟路210號對面D1-21F,15.58,商,,,1071210,土地22建物1車位1,二十一層,24,住宅大樓(11層含以上有電梯),住家用,鋼筋混凝土造,,154.07,3,2,2,有,無,11570000,82060,坡道平面,27.09,1150000,,RPQQMLTJMHOFFAO17CB,竹科悅揚,
新竹市,房地(土地+建物)+車位,新竹市新竹市東區慈濟路210號對面D1-22F,15.58,商,,,1071016,土地22建物1車位1,二十二層,24,住宅大樓(11層含以上有電梯),住家用,鋼筋混凝土造,,154.07,3,2,2,有,無,11570000,81666,坡道平面,27.09,1200000,,RPRQMLTJMHOFFAO27CB,竹科悅揚,
新竹市,房地(土地+建物)+車位,新竹市新竹市東區慈濟路210號對面D1-23F,15.58,商,,,1071003,土地22建物1車位1,二十三層,24,住宅大樓(11層含以上有電梯),住家用,鋼筋混凝土造,,154.07,3,2,2,有,無,11620000,82060,坡道平面,27.09,1200000,,RPSQMLTJMHOFFAO37CB,竹科悅揚,
新竹市,房地(土地+建物)+車位,新竹市新竹市東區慈濟路210號對面A2-11F,15.32,商,,,1061110,土地22建物1車位1,十一層,24,住宅大樓(11層含以上有電梯),住家用,鋼筋混凝土造,,151.84,3,2,2,有,無,10980000,80000,坡道平面,27.09,1000000,,RPTRMLTJMHOFFAO57CB,竹科悅揚,
新竹市,房地(土地+建物)+車位,新竹市新竹市東區慈濟路210號對面A2-13F,15.32,商,,,1061103,土地22建物1車位1,十三層,24,住宅大樓(11層含以上有電梯),住家用,鋼筋混凝土造,,151.84,3,2,2,有,無,11070000,80321,坡道平面,27.09,1050000,,RPURMLTJMHOFFAO67CB,竹科悅揚,
新竹市,房地(土地+建物)+車位,新竹市新竹市東區慈濟路210號對面A2-15F,15.32,商,,,1061103,土地22建物1車位1,十五層,24,住宅大樓(11層含以上有電梯),住家用,鋼筋混凝土造,,151.84,3,2,2,有,無,11140000,80882,坡道平面,27.09,1050000,,RPVRMLTJMHOFFAO77CB,竹科悅揚,
新竹市,房地(土地+建物)+車位,新竹市新竹市東區慈濟路210號對面A2-17F,15.32,商,,,1070106,土地22建物1車位1,十七層,24,住宅大樓(11層含以上有電梯),住家用,鋼筋混凝土造,,151.84,3,2,2,有,無,11220000,81924,坡道平面,27.09,1000000,,RPWRMLTJMHOFFAO87CB,竹科悅揚,
新竹市,房地(土地+建物)+車位,新竹市新竹市東區慈濟路210號對面A2-19F,15.32,商,,,1070106,土地22建物1車位1,十九層,24,住宅大樓(11層含以上有電梯),住家用,鋼筋混凝土造,,149.67,3,2,2,有,無,11260000,82645,坡道平面,24.92,950000,,RPRSMLTJMHOFFAO47CB,竹科悅揚,
新竹市,房地(土地+建物)+車位,新竹市新竹市東區慈濟路210號對面A2-21F,15.32,商,,,1061103,土地22建物1車位1,二十一層,24,住宅大樓(11層含以上有電梯),住家用,鋼筋混凝土造,,151.84,3,2,2,有,無,11280000,82405,坡道平面,27.09,1000000,,RPSSMLTJMHOFFAO57CB,竹科悅揚,
新竹市,房地(土地+建物)+車位,新竹市新竹市東區慈濟路210號對面A2-23F,15.32,商,,,1061101,土地22建物1車位1,二十三層,24,住宅大樓(11層含以上有電梯),住家用,鋼筋混凝土造,,151.84,3,2,2,有,無,11370000,82725,坡道平面,27.09,1050000,,RPTSMLTJMHOFFAO67CB,竹科悅揚,
新竹市,房地(土地+建物)+車位,新竹市新竹市東區慈濟路210號對面A2-24F,15.32,商,,,1061124,土地22建物1車位1,二十四層,24,住宅大樓(11層含以上有電梯),住家用,鋼筋混凝土造,,151.84,3,2,2,有,無,11800000,85371,坡道平面,27.09,1150000,,RPVSMLTJMHOFFAO87CB,竹科悅揚,
新竹市,房地(土地+建物)+車位,新竹市新竹市東區慈濟路210號對面B1-05F,15.32,商,,,1070127,土地22建物1車位1,五層,24,住宅大樓(11層含以上有電梯),住家用,鋼筋混凝土造,,151.64,3,2,2,有,無,11080000,81172,坡道平面,27.09,970000,,RPWSMLTJMHOFFAO97CB,竹科悅揚,
新竹市,房地(土地+建物)+車位,新竹市新竹市東區慈濟路210號對面B1-07F,15.32,商,,,1061110,土地22建物1車位1,七層,24,住宅大樓(11層含以上有電梯),住家用,鋼筋混凝土造,,154.1,3,2,2,有,無,10800000,78523,坡道平面,29.55,1020000,,RPXSMLTJMHOFFAO08CB,竹科悅揚,
新竹市,房地(土地+建物)+車位,新竹市新竹市東區慈濟路210號對面B1-08F,15.32,商,,,1070105,土地22建物1車位1,八層,24,住宅大樓(11層含以上有電梯),住家用,鋼筋混凝土造,,149.47,3,2,2,有,無,11070000,81895,坡道平面,24.92,870000,,RPPTMLTJMHOFFAO37CB,竹科悅揚,
新竹市,房地(土地+建物)+車位,新竹市新竹市東區慈濟路210號對面B1-09F,15.32,商,,,1061206,土地22建物1車位1,九層,24,住宅大樓(11層含以上有電梯),住家用,鋼筋混凝土造,,149.47,3,2,2,有,無,10830000,79326,坡道平面,24.92,950000,,RPQTMLTJMHOFFAO47CB,竹科悅揚,
新竹市,房地(土地+建物)+車位,新竹市新竹市東區慈濟路210號對面B1-10F,15.32,商,,,1061216,土地22建物1車位1,十層,24,住宅大樓(11層含以上有電梯),住家用,鋼筋混凝土造,,151.64,3,2,2,有,無,10940000,79807,坡道平面,27.09,1000000,,RPRTMLTJMHOFFAO57CB,竹科悅揚,
新竹市,房地(土地+建物)+車位,新竹市新竹市東區慈濟路210號對面B1-11F,15.32,商,,,1070106,土地22建物1車位1,十一層,24,住宅大樓(11層含以上有電梯),住家用,鋼筋混凝土造,,151.64,3,2,2,有,無,10890000,79406,坡道平面,27.09,1000000,,RPSTMLTJMHOFFAO67CB,竹科悅揚,
新竹市,房地(土地+建物)+車位,新竹市新竹市東區慈濟路210號對面B1-13F,15.45,商,,,1070204,土地22建物1車位2,十三層,24,住宅大樓(11層含以上有電梯),住家用,鋼筋混凝土造,,178.73,3,2,2,有,無,11930000,79727,坡道平面,54.18,2000000,,RPTTMLTJMHOFFAO77CB,竹科悅揚,
新竹市,房地(土地+建物)+車位,新竹市新竹市東區慈濟路210號對面A1-19F,15.45,商,,,1070126,土地22建物1車位2,十九層,24,住宅大樓(11層含以上有電梯),住家用,鋼筋混凝土造,,178.73,3,2,2,有,無,12340000,83019,坡道平面,54.18,2000000,,RPUTMLTJMHOFFAO87CB,竹科悅揚,
新竹市,房地(土地+建物)+車位,新竹市新竹市東區慈濟路210號對面A1-23F,15.45,商,,,1061101,土地22建物1車位2,二十三層,24,住宅大樓(11層含以上有電梯),住家用,鋼筋混凝土造,,178.73,3,2,2,有,無,12650000,84705,坡道平面,54.18,2100000,,RPVTMLTJMHOFFAO97CB,竹科悅揚,
新竹市,房地(土地+建物)+車位,新竹市新竹市東區慈濟路210號對面B2-13F,15.45,商,,,1070203,土地22建物1車位2,十三層,24,住宅大樓(11層含以上有電梯),住家用,鋼筋混凝土造,,176.77,3,2,2,有,無,11680000,78310,坡道平面,52.01,1910000,,RPWTMLTJMHOFFAO08CB,竹科悅揚,
新竹市,房地(土地+建物)+車位,新竹市新竹市東區慈濟路210號對面B1-15F,15.32,商,,,1061121,土地22建物1車位1,十五層,24,住宅大樓(11層含以上有電梯),住家用,鋼筋混凝土造,,151.64,3,2,2,有,無,11070000,80450,坡道平面,27.09,1050000,,RPXTMLTJMHOFFAO18CB,竹科悅揚,
新竹市,房地(土地+建物)+車位,新竹市新竹市東區慈濟路210號對面B1-17F,15.32,商,,,1061206,土地22建物1車位1,十七層,24,住宅大樓(11層含以上有電梯),住家用,鋼筋混凝土造,,151.64,3,2,2,有,無,11140000,81012,坡道平面,27.09,1050000,,RPOUMLTJMHOFFAO37CB,竹科悅揚,
新竹市,房地(土地+建物)+車位,新竹市新竹市東區慈濟路210號對面B1-18F,15.32,商,,,1070131,土地22建物1車位1,十八層,24,住宅大樓(11層含以上有電梯),住家用,鋼筋混凝土造,,151.64,3,2,2,有,無,11600000,84303,坡道平面,27.09,1100000,,RPPUMLTJMHOFFAO47CB,竹科悅揚,
新竹市,房地(土地+建物)+車位,新竹市新竹市東區慈濟路210號對面B1-19F,15.32,商,,,1061101,土地22建物1車位1,十九層,24,住宅大樓(11層含以上有電梯),住家用,鋼筋混凝土造,,151.64,3,2,2,有,無,11230000,81734,坡道平面,27.09,1050000,,RPQUMLTJMHOFFAO57CB,竹科悅揚,
新竹市,房地(土地+建物)+車位,新竹市新竹市東區慈濟路210號對面B1-20F,15.32,商,,,1070426,土地22建物1車位1,二十層,24,住宅大樓(11層含以上有電梯),住家用,鋼筋混凝土造,,151.64,3,2,2,有,無,11730000,84946,坡道平面,27.09,1150000,,RPRUMLTJMHOFFAO67CB,竹科悅揚,
新竹市,房地(土地+建物)+車位,新竹市新竹市東區慈濟路210號對面B1-21F,15.32,商,,,1070221,土地22建物1車位1,二十一層,24,住宅大樓(11層含以上有電梯),住家用,鋼筋混凝土造,,151.64,3,2,2,有,無,11750000,85106,坡道平面,27.09,1150000,,RPSUMLTJMHOFFAO77CB,竹科悅揚,
新竹市,房地(土地+建物)+車位,新竹市新竹市東區慈濟路210號對面B1-23F,15.32,商,,,1061216,土地22建物1車位1,二十三層,24,住宅大樓(11層含以上有電梯),住家用,鋼筋混凝土造,,151.64,3,2,2,有,無,11260000,82377,坡道平面,27.09,1000000,,RPTUMLTJMHOFFAO87CB,竹科悅揚,
新竹市,房地(土地+建物)+車位,新竹市新竹市東區慈濟路210號對面B1-24F,15.32,商,,,1080111,土地22建物1車位1,二十四層,24,住宅大樓(11層含以上有電梯),住家用,鋼筋混凝土造,,151.64,3,2,2,有,無,11650000,85106,坡道平面,27.09,1050000,,RPUUMLTJMHOFFAO97CB,竹科悅揚,
新竹市,房地(土地+建物)+車位,新竹市新竹市東區慈濟路210號對面C9-03F,14.64,商,,,1080310,土地22建物1車位1,三層,24,住宅大樓(11層含以上有電梯),住家用,鋼筋混凝土造,,145.91,3,2,2,有,無,10280000,78101,坡道平面,27.09,1000000,,RPXUMLTJMHOFFAO28CB,竹科悅揚,
新竹市,房地(土地+建物)+車位,新竹市新竹市東區慈濟路210號對面D9-18F,15.72,商,,,1080226,土地22建物1車位1,十八層,24,住宅大樓(11層含以上有電梯),住家用,鋼筋混凝土造,,155.09,3,2,2,有,無,11040000,77266,坡道平面,27.09,1150000,,RPRVMLTJMHOFFAO77CB,竹科悅揚,
新竹市,房地(土地+建物)+車位,新竹市新竹市東區慈濟路210號對面E7-18F,15.72,商,,,1080220,土地22建物1車位1,十八層,24,住宅大樓(11層含以上有電梯),住家用,鋼筋混凝土造,,155.18,3,2,2,有,無,11200000,78460,坡道平面,27.09,1150000,,RPTVMLTJMHOFFAO97CB,竹科悅揚,
新竹市,房地(土地+建物)+車位,新竹市新竹市東區慈濟路210號對面E7-20F,15.72,商,,,1080226,土地22建物1車位1,二十層,24,住宅大樓(11層含以上有電梯),住家用,鋼筋混凝土造,,155.18,3,2,2,有,無,11290000,78773,坡道平面,27.09,1200000,,RPUVMLTJMHOFFAO08CB,竹科悅揚,
新竹市,房地(土地+建物)+車位,新竹市新竹市東區慈濟路210號對面B2-05F,15.32,商,,,1061226,土地22建物1車位1,五層,24,住宅大樓(11層含以上有電梯),住家用,鋼筋混凝土造,,151.85,3,2,2,有,無,10470000,75906,坡道平面,27.09,1000000,,RPVVMLTJMHOFFAO18CB,竹科悅揚,
新竹市,房地(土地+建物)+車位,新竹市新竹市東區慈濟路210號對面B2-06F,15.32,商,,,1070325,土地22建物1車位1,六層,24,住宅大樓(11層含以上有電梯),住家用,鋼筋混凝土造,,151.85,3,2,2,有,無,10490000,76066,坡道平面,27.09,1000000,,RPWVMLTJMHOFFAO28CB,竹科悅揚,
新竹市,房地(土地+建物)+車位,新竹市新竹市東區慈濟路210號對面B2-07F,15.32,商,,,1061103,土地22建物1車位1,七層,24,住宅大樓(11層含以上有電梯),住家用,鋼筋混凝土造,,151.85,3,2,2,有,無,10580000,76387,坡道平面,27.09,1050000,,RPXVMLTJMHOFFAO38CB,竹科悅揚,
新竹市,房地(土地+建物)+車位,新竹市新竹市東區慈濟路210號對面B2-09F,15.32,商,,,1061206,土地22建物1車位1,九層,24,住宅大樓(11層含以上有電梯),住家用,鋼筋混凝土造,,151.85,3,2,2,有,無,10620000,77108,坡道平面,27.09,1000000,,RPOWMLTJMHOFFAO57CB,竹科悅揚,
新竹市,房地(土地+建物)+車位,新竹市新竹市東區慈濟路210號對面B2-10F,15.32,商,,,1061226,土地22建物1車位1,十層,24,住宅大樓(11層含以上有電梯),住家用,鋼筋混凝土造,,151.85,3,2,2,有,無,10700000,77749,坡道平面,27.09,1000000,,RPPWMLTJMHOFFAO67CB,竹科悅揚,
新竹市,房地(土地+建物)+車位,新竹市新竹市東區慈濟路210號對面B2-11F,15.32,商,,,1061127,土地22建物1車位1,十一層,24,住宅大樓(11層含以上有電梯),住家用,鋼筋混凝土造,,151.85,3,2,2,有,無,10690000,77268,坡道平面,27.09,1050000,,RPQWMLTJMHOFFAO77CB,竹科悅揚,
新竹市,房地(土地+建物)+車位,新竹市新竹市東區慈濟路210號對面B2-14F,15.32,商,,,1061106,土地22建物1車位1,十四層,24,住宅大樓(11層含以上有電梯),住家用,鋼筋混凝土造,,151.85,3,2,2,有,無,10770000,77910,坡道平面,27.09,1050000,,RPRWMLTJMHOFFAO87CB,竹科悅揚,
新竹市,房地(土地+建物)+車位,新竹市新竹市東區慈濟路210號對面B2-15F,15.32,商,,,1061216,土地22建物1車位1,十五層,24,住宅大樓(11層含以上有電梯),住家用,鋼筋混凝土造,,151.85,3,2,2,有,無,10750000,78150,坡道平面,27.09,1000000,,RPSWMLTJMHOFFAO97CB,竹科悅揚,
新竹市,房地(土地+建物)+車位,新竹市新竹市東區慈濟路210號對面B2-16F,15.32,商,,,1070121,土地22建物1車位1,十六層,24,住宅大樓(11層含以上有電梯),住家用,鋼筋混凝土造,,149.68,3,2,2,有,無,11180000,81517,坡道平面,24.92,1010000,,RPTWMLTJMHOFFAO08CB,竹科悅揚,
新竹市,房地(土地+建物)+車位,新竹市新竹市東區慈濟路210號對面B2-17F,15.32,商,,,1070119,土地22建物1車位1,十七層,24,住宅大樓(11層含以上有電梯),住家用,鋼筋混凝土造,,151.85,3,2,2,有,無,11190000,81917,坡道平面,27.09,970000,,RPUWMLTJMHOFFAO18CB,竹科悅揚,
新竹市,房地(土地+建物)+車位,新竹市新竹市東區慈濟路210號對面E5-16F,15.72,商,,,1061103,土地22建物1車位2,十六層,24,住宅大樓(11層含以上有電梯),住家用,鋼筋混凝土造,,176.89,3,2,2,有,無,11920000,79496,坡道平面,49.84,1820000,,RPTNNLTJMHOFFAO27CB,竹科悅揚,
新竹市,房地(土地+建物)+車位,新竹市新竹市東區慈濟路210號對面B2-18F,15.32,商,,,1070727,土地22建物1車位1,十八層,24,住宅大樓(11層含以上有電梯),住家用,鋼筋混凝土造,,151.85,3,2,2,有,無,11210000,82078,坡道平面,27.09,970000,,RPQONLTJMHOFFAO07CB,竹科悅揚,
新竹市,房地(土地+建物)+車位,新竹市新竹市東區慈濟路210號對面B2-20F,15.45,商,,,1061103,土地22建物1車位2,二十層,24,住宅大樓(11層含以上有電梯),住家用,鋼筋混凝土造,,176.77,3,2,2,有,無,11900000,80074,坡道平面,52.01,1910000,,RPSONLTJMHOFFAO27CB,竹科悅揚,
新竹市,房地(土地+建物)+車位,新竹市新竹市東區慈濟路210號對面B2-21F,15.32,商,,,1071226,土地22建物1車位1,二十一層,24,住宅大樓(11層含以上有電梯),住家用,鋼筋混凝土造,,151.85,3,2,2,有,無,11340000,82719,坡道平面,27.09,1020000,,RPUONLTJMHOFFAO47CB,竹科悅揚,
新竹市,房地(土地+建物)+車位,新竹市新竹市東區慈濟路210號對面B2-19F,15.32,商,,,1070221,土地22建物1車位1,十九層,24,住宅大樓(11層含以上有電梯),住家用,鋼筋混凝土造,,151.85,3,2,2,有,無,11460000,82639,坡道平面,27.09,1150000,,RPWONLTJMHOFFAO67CB,竹科悅揚,
新竹市,房地(土地+建物)+車位,新竹市新竹市東區慈濟路210號對面B2-22F,15.32,商,,,1070918,土地22建物1車位1,二十二層,24,住宅大樓(11層含以上有電梯),住家用,鋼筋混凝土造,,151.85,3,2,2,有,無,11460000,83681,坡道平面,27.09,1020000,,RPOPNLTJMHOFFAO96CB,竹科悅揚,
新竹市,房地(土地+建物)+車位,新竹市新竹市東區慈濟路210號對面B2-23F,15.32,商,,,1070411,土地22建物1車位1,二十三層,24,住宅大樓(11層含以上有電梯),住家用,鋼筋混凝土造,,151.85,3,2,2,有,無,11360000,83280,坡道平面,27.09,970000,,RPQPNLTJMHOFFAO17CB,竹科悅揚,
新竹市,房地(土地+建物)+車位,新竹市新竹市東區慈濟路210號對面B2-24F,15.32,商,,,1061224,土地22建物1車位1,二十四層,24,住宅大樓(11層含以上有電梯),住家用,鋼筋混凝土造,,151.85,3,2,2,有,無,11460000,82639,坡道平面,27.09,1150000,,RPSPNLTJMHOFFAO37CB,竹科悅揚,
新竹市,房地(土地+建物)+車位,新竹市新竹市東區慈濟路210號對面C5-05F,15.32,商,,,1070920,土地22建物1車位1,五層,24,住宅大樓(11層含以上有電梯),住家用,鋼筋混凝土造,,151.23,3,2,2,有,無,10330000,74352,坡道平面,27.09,1100000,,RPTPNLTJMHOFFAO47CB,竹科悅揚,
新竹市,房地(土地+建物)+車位,新竹市新竹市東區慈濟路210號對面C5-06F,15.32,商,,,1070524,土地22建物1車位1,六層,24,住宅大樓(11層含以上有電梯),住家用,鋼筋混凝土造,,151.23,3,2,2,有,無,10210000,74432,坡道平面,27.09,970000,,RPUPNLTJMHOFFAO57CB,竹科悅揚,
新竹市,房地(土地+建物)+車位,新竹市新竹市東區慈濟路210號對面C5-07F,15.32,商,,,1070714,土地22建物1車位1,七層,24,住宅大樓(11層含以上有電梯),住家用,鋼筋混凝土造,,151.23,3,2,2,有,無,10260000,74835,坡道平面,27.09,970000,,RPVPNLTJMHOFFAO67CB,竹科悅揚,
新竹市,房地(土地+建物)+車位,新竹市新竹市東區慈濟路210號對面C1-20F,15.58,商,,,1070502,土地22建物1車位1,二十層,24,住宅大樓(11層含以上有電梯),住家用,鋼筋混凝土造,,156.53,3,2,2,有,無,11250000,81194,坡道平面,29.55,940000,,RPXPNLTJMHOFFAO87CB,竹科悅揚,
新竹市,房地(土地+建物)+車位,新竹市新竹市東區慈濟路210號對面C1-21F,15.58,商,,,1070321,土地22建物1車位1,二十一層,24,住宅大樓(11層含以上有電梯),住家用,鋼筋混凝土造,,154.07,3,2,2,有,無,11510000,81588,坡道平面,27.09,1150000,,RPOQNLTJMHOFFAO07CB,竹科悅揚,
新竹市,房地(土地+建物)+車位,新竹市新竹市東區慈濟路210號對面C1-22F,15.58,商,,,1061216,土地22建物1車位1,二十二層,24,住宅大樓(11層含以上有電梯),住家用,鋼筋混凝土造,,154.07,3,2,2,有,無,10960000,78674,坡道平面,27.09,970000,,RPPQNLTJMHOFFAO17CB,竹科悅揚,
新竹市,房地(土地+建物)+車位,新竹市新竹市東區慈濟路210號對面C1-24F,15.58,商,,,1070627,土地22建物1車位1,二十四層,24,住宅大樓(11層含以上有電梯),住家用,鋼筋混凝土造,,154.07,3,2,2,有,無,11480000,81351,坡道平面,27.09,1150000,,RPQQNLTJMHOFFAO27CB,竹科悅揚,
新竹市,房地(土地+建物)+車位,新竹市新竹市東區慈濟路210號對面C1-03F,14.51,商,,,1070926,土地22建物1車位1,三層,24,住宅大樓(11層含以上有電梯),住家用,鋼筋混凝土造,,145.27,3,2,2,有,無,10460000,78778,坡道平面,27.09,1150000,,RPRQNLTJMHOFFAO37CB,竹科悅揚,
新竹市,房地(土地+建物)+車位,新竹市新竹市東區慈濟路210號對面C1-12F,15.58,商,,,1061206,土地22建物1車位1,十二層,24,住宅大樓(11層含以上有電梯),住家用,鋼筋混凝土造,,154.07,3,2,2,有,無,10700000,76390,坡道平面,27.09,1000000,,RPWQNLTJMHOFFAO87CB,竹科悅揚,
新竹市,房地(土地+建物)+車位,新竹市新竹市東區慈濟路210號對面C1-13F,15.58,商,,,1070504,土地22建物1車位1,十三層,24,住宅大樓(11層含以上有電梯),住家用,鋼筋混凝土造,,159.49,3,2,2,有,無,11240000,79540,坡道平面,32.51,1140000,,RPORNLTJMHOFFAO17CB,竹科悅揚,
新竹市,房地(土地+建物)+車位,新竹市新竹市東區慈濟路210號對面C1-14F,15.58,商,,,1070314,土地22建物1車位1,十四層,24,住宅大樓(11層含以上有電梯),住家用,鋼筋混凝土造,,154.07,3,2,2,有,無,11100000,79776,坡道平面,27.09,970000,,RPQRNLTJMHOFFAO37CB,竹科悅揚,
新竹市,房地(土地+建物)+車位,新竹市新竹市東區慈濟路210號對面C1-16F,15.58,商,,,1070502,土地22建物1車位1,十六層,24,住宅大樓(11層含以上有電梯),住家用,鋼筋混凝土造,,154.07,3,2,2,有,無,11370000,80485,坡道平面,27.09,1150000,,RPRRNLTJMHOFFAO47CB,竹科悅揚,
新竹市,房地(土地+建物)+車位,新竹市新竹市東區慈濟路210號對面C1-17F,15.58,商,,,1061111,土地22建物1車位1,十七層,24,住宅大樓(11層含以上有電梯),住家用,鋼筋混凝土造,,151.9,3,2,2,有,無,10720000,77571,坡道平面,24.92,870000,,RPTRNLTJMHOFFAO67CB,竹科悅揚,
新竹市,房地(土地+建物)+車位,新竹市新竹市東區慈濟路210號對面C1-18F,15.58,商,,,1061209,土地22建物1車位1,十八層,24,住宅大樓(11層含以上有電梯),住家用,鋼筋混凝土造,,154.07,3,2,2,有,無,10890000,77886,坡道平面,27.09,1000000,,RPVRNLTJMHOFFAO87CB,竹科悅揚,
新竹市,房地(土地+建物)+車位,新竹市新竹市東區慈濟路210號對面C1-04F,15.58,商,,,1071016,土地22建物1車位1,四層,24,住宅大樓(11層含以上有電梯),住家用,鋼筋混凝土造,,154.13,3,2,2,有,無,10860000,77456,坡道平面,27.09,1020000,,RPQSNLTJMHOFFAO47CB,竹科悅揚,
新竹市,房地(土地+建物)+車位,新竹市新竹市東區慈濟路210號對面C1-06F,15.58,商,,,1070106,土地22建物1車位1,六層,24,住宅大樓(11層含以上有電梯),住家用,鋼筋混凝土造,,154.07,3,2,2,有,無,10620000,74972,坡道平面,27.09,1100000,,RPSSNLTJMHOFFAO67CB,竹科悅揚,
新竹市,房地(土地+建物)+車位,新竹市新竹市東區慈濟路210號對面C1-08F,15.58,商,,,1061226,土地22建物1車位1,八層,24,住宅大樓(11層含以上有電梯),住家用,鋼筋混凝土造,,154.07,3,2,2,有,無,10580000,75445,坡道平面,27.09,1000000,,RPUSNLTJMHOFFAO87CB,竹科悅揚,
新竹市,房地(土地+建物)+車位,新竹市新竹市東區慈濟路210號對面C1-10F,15.58,商,,,1061205,土地22建物1車位1,十層,24,住宅大樓(11層含以上有電梯),住家用,鋼筋混凝土造,,154.07,3,2,2,有,無,10660000,76075,坡道平面,27.09,1000000,,RPVSNLTJMHOFFAO97CB,竹科悅揚,
新竹市,房地(土地+建物)+車位,新竹市新竹市東區慈濟路210號對面C5-08F,15.32,商,,,1070424,土地22建物1車位1,八層,24,住宅大樓(11層含以上有電梯),住家用,鋼筋混凝土造,,151.23,3,2,2,有,無,10390000,74835,坡道平面,27.09,1100000,,RPWSNLTJMHOFFAO08CB,竹科悅揚,
新竹市,房地(土地+建物)+車位,新竹市新竹市東區慈濟路210號對面C5-09F,15.32,商,,,1070414,土地22建物1車位1,九層,24,住宅大樓(11層含以上有電梯),住家用,鋼筋混凝土造,,151.23,3,2,2,有,無,10460000,75399,坡道平面,27.09,1100000,,RPXSNLTJMHOFFAO18CB,竹科悅揚,
新竹市,房地(土地+建物)+車位,新竹市新竹市東區慈濟路210號對面C5-10F,15.32,商,,,1070807,土地22建物1車位1,十層,24,住宅大樓(11層含以上有電梯),住家用,鋼筋混凝土造,,151.23,3,2,2,有,無,10550000,75721,坡道平面,27.09,1150000,,RPOTNLTJMHOFFAO37CB,竹科悅揚,
新竹市,房地(土地+建物)+車位,新竹市新竹市東區慈濟路210號對面C5-11F,15.32,商,,,1070518,土地22建物1車位1,十一層,24,住宅大樓(11層含以上有電梯),住家用,鋼筋混凝土造,,151.23,3,2,2,有,無,10580000,75963,坡道平面,27.09,1150000,,RPPTNLTJMHOFFAO47CB,竹科悅揚,
新竹市,房地(土地+建物)+車位,新竹市新竹市東區慈濟路210號對面C5-12F,15.32,商,,,1070824,土地22建物1車位1,十二層,24,住宅大樓(11層含以上有電梯),住家用,鋼筋混凝土造,,151.23,3,2,2,有,無,10580000,75963,坡道平面,27.09,1150000,,RPQTNLTJMHOFFAO57CB,竹科悅揚,
新竹市,房地(土地+建物)+車位,新竹市新竹市東區慈濟路210號對面C5-13F,15.32,商,,,1070321,土地22建物1車位1,十三層,24,住宅大樓(11層含以上有電梯),住家用,鋼筋混凝土造,,151.23,3,2,2,有,無,10530000,75963,坡道平面,27.09,1100000,,RPRTNLTJMHOFFAO67CB,竹科悅揚,
新竹市,房地(土地+建物)+車位,新竹市新竹市東區慈濟路210號對面C5-14F,15.32,商,,,1071024,土地22建物1車位1,十四層,24,住宅大樓(11層含以上有電梯),住家用,鋼筋混凝土造,,151.23,3,2,2,有,無,10480000,76204,坡道平面,27.09,1020000,,RPSTNLTJMHOFFAO77CB,竹科悅揚,
新竹市,房地(土地+建物)+車位,新竹市新竹市東區慈濟路210號對面C5-15F,15.32,商,,,1070210,土地22建物1車位1,十五層,24,住宅大樓(11層含以上有電梯),住家用,鋼筋混凝土造,,149.06,3,2,2,有,無,10530000,76365,坡道平面,24.92,1050000,,RPTTNLTJMHOFFAO87CB,竹科悅揚,
新竹市,房地(土地+建物)+車位,新竹市新竹市東區慈濟路210號對面C5-16F,15.32,商,,,1070606,土地22建物1車位1,十六層,24,住宅大樓(11層含以上有電梯),住家用,鋼筋混凝土造,,149.06,3,2,2,有,無,10580000,77090,坡道平面,24.92,1010000,,RPUTNLTJMHOFFAO97CB,竹科悅揚,
新竹市,房地(土地+建物)+車位,新竹市新竹市東區慈濟路210號對面C5-17F,15.32,商,,,1070309,土地22建物1車位1,十七層,24,住宅大樓(11層含以上有電梯),住家用,鋼筋混凝土造,,151.23,3,2,2,有,無,10720000,77090,坡道平面,27.09,1150000,,RPVTNLTJMHOFFAO08CB,竹科悅揚,
新竹市,房地(土地+建物)+車位,新竹市新竹市東區慈濟路210號對面C5-18F,15.32,商,,,1070807,土地22建物1車位1,十八層,24,住宅大樓(11層含以上有電梯),住家用,鋼筋混凝土造,,153.69,3,2,2,有,無,10720000,77332,坡道平面,29.55,1120000,,RPWUNLTJMHOFFAO28CB,竹科悅揚,
新竹市,房地(土地+建物)+車位,新竹市新竹市東區慈濟路210號對面C5-19F,15.32,商,,,1070916,土地22建物1車位1,十九層,24,住宅大樓(11層含以上有電梯),住家用,鋼筋混凝土造,,151.23,3,2,2,有,無,10910000,78218,坡道平面,27.09,1200000,,RPXUNLTJMHOFFAO38CB,竹科悅揚,
新竹市,房地(土地+建物)+車位,新竹市新竹市東區慈濟路210號對面C5-20F,15.32,商,,,1070301,土地22建物1車位1,二十層,24,住宅大樓(11層含以上有電梯),住家用,鋼筋混凝土造,,151.23,3,2,2,有,無,10780000,77574,坡道平面,27.09,1150000,,RPOVNLTJMHOFFAO57CB,竹科悅揚,
新竹市,房地(土地+建物)+車位,新竹市新竹市東區慈濟路210號對面D1-10F,15.72,商,,,1061226,土地22建物1車位2,十層,24,住宅大樓(11層含以上有電梯),住家用,鋼筋混凝土造,,181.16,3,2,2,有,無,11880000,77808,坡道平面,54.18,2000000,,RPPVNLTJMHOFFAO67CB,竹科悅揚,
新竹市,房地(土地+建物)+車位,新竹市新竹市東區慈濟路210號對面D5-03F,15.05,商,,,1070127,土地22建物1車位1,三層,24,住宅大樓(11層含以上有電梯),住家用,鋼筋混凝土造,,149.35,3,2,2,有,無,10590000,77621,坡道平面,27.09,1100000,,RPOWNLTJMHOFFAO67CB,竹科悅揚,
新竹市,房地(土地+建物)+車位,新竹市新竹市東區慈濟路210號對面D5-04F,15.18,商,,,1070515,土地22建物1車位1,四層,24,住宅大樓(11層含以上有電梯),住家用,鋼筋混凝土造,,148.68,3,2,2,有,無,10200000,74257,坡道平面,24.92,1010000,,RPPWNLTJMHOFFAO77CB,竹科悅揚,
新竹市,房地(土地+建物)+車位,新竹市新竹市東區慈濟路210號對面D5-05F,15.32,商,,,1070426,土地22建物1車位1,五層,24,住宅大樓(11層含以上有電梯),住家用,鋼筋混凝土造,,149.06,3,2,2,有,無,10400000,75318,坡道平面,24.92,1050000,,RPQWNLTJMHOFFAO87CB,竹科悅揚,
新竹市,房地(土地+建物)+車位,新竹市新竹市東區慈濟路210號對面D5-06F,15.32,商,,,1061216,土地22建物1車位1,六層,24,住宅大樓(11層含以上有電梯),住家用,鋼筋混凝土造,,151.23,3,2,2,有,無,10300000,74513,坡道平面,27.09,1050000,,RPRWNLTJMHOFFAO97CB,竹科悅揚,
新竹市,房地(土地+建物)+車位,新竹市新竹市東區慈濟路210號對面D5-07F,15.32,商,,,1061023,土地22建物1車位1,七層,24,住宅大樓(11層含以上有電梯),住家用,鋼筋混凝土造,,151.23,3,2,2,有,無,10310000,74996,坡道平面,27.09,1000000,,RPSWNLTJMHOFFAO08CB,竹科悅揚,
新竹市,房地(土地+建物)+車位,新竹市新竹市東區慈濟路210號對面D5-08F,15.32,商,,,1070126,土地22建物1車位1,八層,24,住宅大樓(11層含以上有電梯),住家用,鋼筋混凝土造,,151.23,3,2,2,有,無,10430000,75157,坡道平面,27.09,1100000,,RPTWNLTJMHOFFAO18CB,竹科悅揚,
新竹市,房地(土地+建物)+車位,新竹市新竹市東區慈濟路210號對面D5-09F,15.32,商,,,1070323,土地22建物1車位1,九層,24,住宅大樓(11層含以上有電梯),住家用,鋼筋混凝土造,,151.23,3,2,2,有,無,10520000,75882,坡道平面,27.09,1100000,,RPUWNLTJMHOFFAO28CB,竹科悅揚,
新竹市,房地(土地+建物)+車位,新竹市新竹市東區慈濟路210號對面D5-10F,15.32,商,,,1070502,土地22建物1車位1,十層,24,住宅大樓(11層含以上有電梯),住家用,鋼筋混凝土造,,151.23,3,2,2,有,無,10420000,76124,坡道平面,27.09,970000,,RPVWNLTJMHOFFAO38CB,竹科悅揚,
新竹市,房地(土地+建物)+車位,新竹市新竹市東區慈濟路210號對面D5-11F,15.32,商,,,1070504,土地22建物1車位1,十一層,24,住宅大樓(11層含以上有電梯),住家用,鋼筋混凝土造,,151.23,3,2,2,有,無,10580000,76365,坡道平面,27.09,1100000,,RPWWNLTJMHOFFAO48CB,竹科悅揚,
新竹市,房地(土地+建物)+車位,新竹市新竹市東區慈濟路210號對面D5-12F,15.32,商,,,1070824,土地22建物1車位1,十二層,24,住宅大樓(11層含以上有電梯),住家用,鋼筋混凝土造,,151.23,3,2,2,有,無,10580000,76365,坡道平面,27.09,1100000,,RPXWNLTJMHOFFAO58CB,竹科悅揚,
新竹市,房地(土地+建物)+車位,新竹市新竹市東區慈濟路210號對面D5-13F,15.32,商,,,1080105,土地22建物1車位1,十三層,24,住宅大樓(11層含以上有電梯),住家用,鋼筋混凝土造,,151.23,3,2,2,有,無,10660000,76204,坡道平面,27.09,1200000,,RPONOLTJMHOFFAO86CB,竹科悅揚,
新竹市,房地(土地+建物)+車位,新竹市新竹市東區慈濟路210號對面D5-14F,15.32,商,,,1071128,土地22建物1車位1,十四層,24,住宅大樓(11層含以上有電梯),住家用,鋼筋混凝土造,,151.23,3,2,2,有,無,10730000,76768,坡道平面,27.09,1200000,,RPPNOLTJMHOFFAO96CB,竹科悅揚,
新竹市,房地(土地+建物)+車位,新竹市新竹市東區慈濟路210號對面D5-15F,15.32,商,,,1070623,土地22建物1車位1,十五層,24,住宅大樓(11層含以上有電梯),住家用,鋼筋混凝土造,,151.23,3,2,2,有,無,10740000,77654,坡道平面,27.09,1100000,,RPQNOLTJMHOFFAO07CB,竹科悅揚,
新竹市,房地(土地+建物)+車位,新竹市新竹市東區慈濟路210號對面D5-16F,15.32,商,,,1070203,土地22建物1車位1,十六層,24,住宅大樓(11層含以上有電梯),住家用,鋼筋混凝土造,,151.23,3,2,2,有,無,10740000,77251,坡道平面,27.09,1150000,,RPRNOLTJMHOFFAO17CB,竹科悅揚,
新竹市,房地(土地+建物)+車位,新竹市新竹市東區慈濟路210號對面D5-17F,15.32,商,,,1070525,土地22建物1車位1,十七層,24,住宅大樓(11層含以上有電梯),住家用,鋼筋混凝土造,,151.23,3,2,2,有,無,10760000,77815,坡道平面,27.09,1100000,,RPSNOLTJMHOFFAO27CB,竹科悅揚,
新竹市,房地(土地+建物)+車位,新竹市新竹市東區慈濟路210號對面D5-18F,15.32,商,,,1070406,土地22建物1車位1,十八層,24,住宅大樓(11層含以上有電梯),住家用,鋼筋混凝土造,,151.23,3,2,2,有,無,10740000,77654,坡道平面,27.09,1100000,,RPTNOLTJMHOFFAO37CB,竹科悅揚,
新竹市,房地(土地+建物)+車位,新竹市新竹市東區慈濟路210號對面D5-20F,15.32,商,,,1070718,土地22建物1車位1,二十層,24,住宅大樓(11層含以上有電梯),住家用,鋼筋混凝土造,,149.06,3,2,2,有,無,10750000,78138,坡道平面,24.92,1050000,,RPUNOLTJMHOFFAO47CB,竹科悅揚,
新竹市,房地(土地+建物)+車位,新竹市新竹市東區慈濟路210號對面D5-19F,15.32,商,,,1070428,土地22建物1車位1,十九層,24,住宅大樓(11層含以上有電梯),住家用,鋼筋混凝土造,,149.06,3,2,2,有,無,10750000,78138,坡道平面,24.92,1050000,,RPVNOLTJMHOFFAO57CB,竹科悅揚,
新竹市,房地(土地+建物)+車位,新竹市新竹市東區慈濟路210號對面D5-21F,15.32,商,,,1061123,土地22建物1車位1,二十一層,24,住宅大樓(11層含以上有電梯),住家用,鋼筋混凝土造,,151.23,3,2,2,有,無,10730000,78379,坡道平面,27.09,1000000,,RPWNOLTJMHOFFAO67CB,竹科悅揚,
新竹市,房地(土地+建物)+車位,新竹市新竹市東區慈濟路210號對面D5-22F,15.32,商,,,1070203,土地22建物1車位1,二十二層,24,住宅大樓(11層含以上有電梯),住家用,鋼筋混凝土造,,149.06,3,2,2,有,無,10790000,78460,坡道平面,24.92,1050000,,RPOOOLTJMHOFFAO96CB,竹科悅揚,
新竹市,房地(土地+建物)+車位,新竹市新竹市東區慈濟路210號對面D5-24F,15.32,商,,,1080116,土地22建物1車位1,二十四層,24,住宅大樓(11層含以上有電梯),住家用,鋼筋混凝土造,,149.06,3,2,2,有,無,10650000,78460,坡道平面,24.92,910000,,RPSOOLTJMHOFFAO37CB,竹科悅揚,
新竹市,房地(土地+建物)+車位,新竹市新竹市東區慈濟路210號對面D6-03F,15.05,商,,,1070504,土地22建物1車位1,三層,24,住宅大樓(11層含以上有電梯),住家用,鋼筋混凝土造,,149.3,3,2,2,有,無,10420000,77326,坡道平面,27.09,970000,,RPUOOLTJMHOFFAO57CB,竹科悅揚,
新竹市,房地(土地+建物)+車位,新竹市新竹市東區慈濟路210號對面D6-04F,14.91,商,,,1061121,土地22建物1車位1,四層,24,住宅大樓(11層含以上有電梯),住家用,鋼筋混凝土造,,147.81,3,2,2,有,無,9970000,73890,坡道平面,27.09,1050000,,RPWOOLTJMHOFFAO77CB,竹科悅揚,
新竹市,房地(土地+建物)+車位,新竹市新竹市東區慈濟路210號對面C5-21F,15.32,商,,,1070407,土地22建物1車位1,二十一層,24,住宅大樓(11層含以上有電梯),住家用,鋼筋混凝土造,,151.23,3,2,2,有,無,10870000,78299,坡道平面,27.09,1150000,,RPOPOLTJMHOFFAO07CB,竹科悅揚,
新竹市,房地(土地+建物)+車位,新竹市新竹市東區慈濟路210號對面C5-22F,15.32,商,,,1070824,土地22建物1車位1,二十二層,24,住宅大樓(11層含以上有電梯),住家用,鋼筋混凝土造,,151.23,3,2,2,有,無,10780000,77976,坡道平面,27.09,1100000,,RPQPOLTJMHOFFAO27CB,竹科悅揚,
新竹市,房地(土地+建物)+車位,新竹市新竹市東區慈濟路210號對面C5-23F,15.32,商,,,1070916,土地22建物1車位1,二十三層,24,住宅大樓(11層含以上有電梯),住家用,鋼筋混凝土造,,153.69,3,2,2,有,無,10900000,78782,坡道平面,29.55,1120000,,RPSPOLTJMHOFFAO47CB,竹科悅揚,
新竹市,房地(土地+建物)+車位,新竹市新竹市東區慈濟路210號對面C9-06F,15.72,商,,,1061205,土地22建物1車位1,六層,24,住宅大樓(11層含以上有電梯),住家用,鋼筋混凝土造,,155.09,3,2,2,有,無,10530000,74453,坡道平面,27.09,1000000,,RPUPOLTJMHOFFAO67CB,竹科悅揚,
新竹市,房地(土地+建物)+車位,新竹市新竹市東區慈濟路210號對面C9-05F,15.72,商,,,1061114,土地22建物1車位1,五層,24,住宅大樓(11層含以上有電梯),住家用,鋼筋混凝土造,,155.09,3,2,2,有,無,10460000,73906,坡道平面,27.09,1000000,,RPWPOLTJMHOFFAO87CB,竹科悅揚,
新竹市,房地(土地+建物)+車位,新竹市新竹市東區慈濟路210號對面C9-08F,15.72,商,,,1061228,土地22建物1車位1,八層,24,住宅大樓(11層含以上有電梯),住家用,鋼筋混凝土造,,155.09,3,2,2,有,無,10630000,74844,坡道平面,27.09,1050000,,RPXPOLTJMHOFFAO97CB,竹科悅揚,
新竹市,房地(土地+建物)+車位,新竹市新竹市東區慈濟路210號對面C9-09F,15.72,商,,,1061027,土地22建物1車位1,九層,24,住宅大樓(11層含以上有電梯),住家用,鋼筋混凝土造,,152.92,3,2,2,有,無,10560000,75391,坡道平面,24.92,910000,,RPOQOLTJMHOFFAO17CB,竹科悅揚,
新竹市,房地(土地+建物)+車位,新竹市新竹市東區慈濟路210號對面C9-10F,15.72,商,,,1061226,土地22建物1車位1,十層,24,住宅大樓(11層含以上有電梯),住家用,鋼筋混凝土造,,152.92,3,2,2,有,無,10590000,75625,坡道平面,24.92,910000,,RPPQOLTJMHOFFAO27CB,竹科悅揚,
新竹市,房地(土地+建物)+車位,新竹市新竹市東區慈濟路210號對面C9-11F,15.72,商,,,1061119,土地22建物1車位1,十一層,24,住宅大樓(11層含以上有電梯),住家用,鋼筋混凝土造,,155.09,3,2,2,有,無,10660000,75469,坡道平面,27.09,1000000,,RPQQOLTJMHOFFAO37CB,竹科悅揚,
新竹市,房地(土地+建物)+車位,新竹市新竹市東區慈濟路210號對面C9-12F,15.72,商,,,1061126,土地22建物1車位1,十二層,24,住宅大樓(11層含以上有電梯),住家用,鋼筋混凝土造,,155.09,3,2,2,有,無,10670000,75781,坡道平面,27.09,970000,,RPRQOLTJMHOFFAO47CB,竹科悅揚,
新竹市,房地(土地+建物)+車位,新竹市新竹市東區慈濟路210號對面C9-14F,15.72,商,,,1061110,土地22建物1車位1,十四層,24,住宅大樓(11層含以上有電梯),住家用,鋼筋混凝土造,,155.09,3,2,2,有,無,10780000,76016,坡道平面,27.09,1050000,,RPSQOLTJMHOFFAO57CB,竹科悅揚,
新竹市,房地(土地+建物)+車位,新竹市新竹市東區慈濟路210號對面C9-16F,15.72,商,,,1070126,土地22建物1車位1,十六層,24,住宅大樓(11層含以上有電梯),住家用,鋼筋混凝土造,,152.92,3,2,2,有,無,11280000,79909,坡道平面,24.9,1050000,,RPTQOLTJMHOFFAO67CB,竹科悅揚,
新竹市,房地(土地+建物)+車位,新竹市新竹市東區慈濟路210號對面C9-18F,15.72,商,,,1061205,土地22建物1車位1,十八層,24,住宅大樓(11層含以上有電梯),住家用,鋼筋混凝土造,,157.55,3,2,2,有,無,10860000,77500,坡道平面,29.55,940000,,RPUQOLTJMHOFFAO77CB,竹科悅揚,
新竹市,房地(土地+建物)+車位,新竹市新竹市東區慈濟路210號對面C9-19F,15.72,商,,,1061101,土地22建物1車位1,十九層,24,住宅大樓(11層含以上有電梯),住家用,鋼筋混凝土造,,155.09,3,2,2,有,無,10970000,77891,坡道平面,27.09,1000000,,RPVQOLTJMHOFFAO87CB,竹科悅揚,
新竹市,房地(土地+建物)+車位,新竹市新竹市東區慈濟路210號對面C9-20F,15.72,商,,,1061210,土地22建物1車位1,二十層,24,住宅大樓(11層含以上有電梯),住家用,鋼筋混凝土造,,155.09,3,2,2,有,無,10980000,77578,坡道平面,27.09,1050000,,RPQROLTJMHOFFAO47CB,竹科悅揚,
新竹市,房地(土地+建物)+車位,新竹市新竹市東區慈濟路210號對面C9-21F,15.72,商,,,1061215,土地22建物1車位1,二十一層,24,住宅大樓(11層含以上有電梯),住家用,鋼筋混凝土造,,155.09,3,2,2,有,無,10990000,78281,坡道平面,27.09,970000,,RPSROLTJMHOFFAO67CB,竹科悅揚,
新竹市,房地(土地+建物)+車位,新竹市新竹市東區慈濟路210號對面C9-22F,15.72,商,,,1061123,土地22建物1車位1,二十二層,24,住宅大樓(11層含以上有電梯),住家用,鋼筋混凝土造,,155.09,3,2,2,有,無,11000000,78125,坡道平面,27.09,1000000,,RPUROLTJMHOFFAO87CB,竹科悅揚,
新竹市,房地(土地+建物)+車位,新竹市新竹市東區慈濟路210號對面C9-23F,15.72,商,,,1061106,土地22建物1車位1,二十三層,24,住宅大樓(11層含以上有電梯),住家用,鋼筋混凝土造,,155.09,3,2,2,有,無,11020000,78281,坡道平面,27.09,1000000,,RPWROLTJMHOFFAO08CB,竹科悅揚,
新竹市,房地(土地+建物)+車位,新竹市新竹市東區慈濟路210號對面D6-06F,15.18,商,,,1061110,土地22建物1車位1,六層,24,住宅大樓(11層含以上有電梯),住家用,鋼筋混凝土造,,150.94,3,2,2,有,無,10270000,74445,坡道平面,27.09,1050000,,RPTTOLTJMHOFFAO97CB,竹科悅揚,
新竹市,房地(土地+建物)+車位,新竹市新竹市東區慈濟路210號對面D6-05F,15.18,商,,,1070629,土地22建物1車位1,五層,24,住宅大樓(11層含以上有電梯),住家用,鋼筋混凝土造,,150.94,3,2,2,有,無,10280000,74122,坡道平面,27.09,1100000,,RPUTOLTJMHOFFAO08CB,竹科悅揚,
新竹市,房地(土地+建物)+車位,新竹市新竹市東區慈濟路210號對面D6-07F,15.18,商,,,1070918,土地22建物1車位1,七層,24,住宅大樓(11層含以上有電梯),住家用,鋼筋混凝土造,,150.94,3,2,2,有,無,10380000,74526,坡道平面,27.09,1150000,,RPXTOLTJMHOFFAO38CB,竹科悅揚,
新竹市,房地(土地+建物)+車位,新竹市新竹市東區慈濟路210號對面D6-08F,15.18,商,,,1070204,土地22建物1車位1,八層,24,住宅大樓(11層含以上有電梯),住家用,鋼筋混凝土造,,150.94,3,2,2,有,無,10250000,74929,坡道平面,27.09,970000,,RPPUOLTJMHOFFAO67CB,竹科悅揚,
新竹市,房地(土地+建物)+車位,新竹市新竹市東區慈濟路210號對面D6-09F,15.18,商,,,1070513,土地22建物1車位1,九層,24,住宅大樓(11層含以上有電梯),住家用,鋼筋混凝土造,,150.94,3,2,2,有,無,10450000,75495,坡道平面,27.09,1100000,,RPRUOLTJMHOFFAO87CB,竹科悅揚,
新竹市,房地(土地+建物)+車位,新竹市新竹市東區慈濟路210號對面D6-10F,15.18,商,,,1070502,土地22建物1車位1,十層,24,住宅大樓(11層含以上有電梯),住家用,鋼筋混凝土造,,150.94,3,2,2,有,無,10360000,75818,坡道平面,27.09,970000,,RPVUOLTJMHOFFAO28CB,竹科悅揚,
新竹市,房地(土地+建物)+車位,新竹市新竹市東區慈濟路210號對面D6-12F,15.18,商,,,1070111,土地22建物1車位1,十二層,24,住宅大樓(11層含以上有電梯),住家用,鋼筋混凝土造,,150.94,3,2,2,有,無,10360000,75818,坡道平面,27.09,970000,,RPWVOLTJMHOFFAO48CB,竹科悅揚,
新竹市,房地(土地+建物)+車位,新竹市新竹市東區慈濟路210號對面D6-11F,15.18,商,,,1071210,土地22建物1車位1,十一層,24,住宅大樓(11層含以上有電梯),住家用,鋼筋混凝土造,,150.94,3,2,2,有,無,10320000,75495,坡道平面,27.09,970000,,RPXVOLTJMHOFFAO58CB,竹科悅揚,
新竹市,房地(土地+建物)+車位,新竹市新竹市東區慈濟路210號對面D6-13F,15.18,商,,,1070706,土地22建物1車位1,十三層,24,住宅大樓(11層含以上有電梯),住家用,鋼筋混凝土造,,150.94,3,2,2,有,無,10570000,76060,坡道平面,27.09,1150000,,RPPWOLTJMHOFFAO87CB,竹科悅揚,
新竹市,房地(土地+建物)+車位,新竹市新竹市東區慈濟路210號對面D6-14F,15.18,商,,,1070903,土地22建物1車位1,十四層,24,住宅大樓(11層含以上有電梯),住家用,鋼筋混凝土造,,148.77,3,2,2,有,無,10520000,76383,坡道平面,24.92,1060000,,RPSWOLTJMHOFFAO18CB,竹科悅揚,
新竹市,房地(土地+建物)+車位,新竹市新竹市東區慈濟路210號對面D6-16F,15.18,商,,,1070629,土地22建物1車位1,十六層,24,住宅大樓(11層含以上有電梯),住家用,鋼筋混凝土造,,150.94,3,2,2,有,無,10650000,76706,坡道平面,27.09,1150000,,RPXWOLTJMHOFFAO68CB,竹科悅揚,
新竹市,房地(土地+建物)+車位,新竹市新竹市東區慈濟路210號對面D6-15F,15.18,商,,,1070526,土地22建物1車位1,十五層,24,住宅大樓(11層含以上有電梯),住家用,鋼筋混凝土造,,150.94,3,2,2,有,無,10650000,76706,坡道平面,27.09,1150000,,RPPNPLTJMHOFFAO07CB,竹科悅揚,
新竹市,房地(土地+建物)+車位,新竹市新竹市東區慈濟路210號對面D6-17F,15.18,商,,,1061224,土地22建物1車位1,十七層,24,住宅大樓(11層含以上有電梯),住家用,鋼筋混凝土造,,150.94,3,2,2,有,無,10650000,77109,坡道平面,27.09,1100000,,RPQNPLTJMHOFFAO17CB,竹科悅揚,
新竹市,房地(土地+建物)+車位,新竹市新竹市東區慈濟路210號對面D6-18F,15.18,商,,,1070301,土地22建物1車位1,十八層,24,住宅大樓(11層含以上有電梯),住家用,鋼筋混凝土造,,150.94,3,2,2,有,無,10750000,77513,坡道平面,27.09,1150000,,RPSNPLTJMHOFFAO37CB,竹科悅揚,
新竹市,房地(土地+建物)+車位,新竹市新竹市東區慈濟路210號對面D6-19F,15.18,商,,,1070808,土地22建物1車位1,十九層,24,住宅大樓(11層含以上有電梯),住家用,鋼筋混凝土造,,151.04,3,2,2,有,無,10690000,78482,坡道平面,27.19,970000,,RPUNPLTJMHOFFAO57CB,竹科悅揚,
新竹市,房地(土地+建物)+車位,新竹市新竹市東區慈濟路210號對面D6-20F,15.18,商,,,1061203,土地22建物1車位1,二十層,24,住宅大樓(11層含以上有電梯),住家用,鋼筋混凝土造,,150.94,3,2,2,有,無,10670000,77675,坡道平面,27.09,1050000,,RPWNPLTJMHOFFAO77CB,竹科悅揚,
新竹市,房地(土地+建物)+車位,新竹市新竹市東區慈濟路210號對面E10-18F,15.72,商,,,1071005,土地22建物1車位1,十八層,24,住宅大樓(11層含以上有電梯),住家用,鋼筋混凝土造,,155.09,3,2,2,有,無,11330000,79141,坡道平面,27.09,1200000,,RPUPPLTJMHOFFAO77CB,竹科悅揚,
新竹市,房地(土地+建物)+車位,新竹市新竹市東區慈濟路210號對面E10-20F,15.72,商,,,1071005,土地22建物1車位1,二十層,24,住宅大樓(11層含以上有電梯),住家用,鋼筋混凝土造,,155.09,3,2,2,有,無,11160000,79219,坡道平面,27.09,1020000,,RPVPPLTJMHOFFAO87CB,竹科悅揚,
新竹市,房地(土地+建物)+車位,新竹市新竹市東區慈濟路210號對面D6-21F,15.18,商,,,1070225,土地22建物1車位1,二十一層,24,住宅大樓(11層含以上有電梯),住家用,鋼筋混凝土造,,150.94,3,2,2,有,無,10630000,77998,坡道平面,27.09,970000,,RPWQPLTJMHOFFAO08CB,竹科悅揚,
新竹市,房地(土地+建物)+車位,新竹市新竹市東區慈濟路210號對面D6-22F,15.18,商,,,1070111,土地22建物1車位1,二十二層,24,住宅大樓(11層含以上有電梯),住家用,鋼筋混凝土造,,150.94,3,2,2,有,無,10810000,77998,坡道平面,27.09,1150000,,RPXQPLTJMHOFFAO18CB,竹科悅揚,
新竹市,房地(土地+建物)+車位,新竹市新竹市東區慈濟路210號對面D6-23F,15.18,商,,,1071222,土地22建物1車位1,二十三層,24,住宅大樓(11層含以上有電梯),住家用,鋼筋混凝土造,,150.94,3,2,2,有,無,10950000,79128,坡道平面,27.09,1150000,,RPORPLTJMHOFFAO37CB,竹科悅揚,
新竹市,房地(土地+建物)+車位,新竹市新竹市東區慈濟路210號對面E10-07F,15.72,商,,,1071019,土地22建物1車位1,七層,24,住宅大樓(11層含以上有電梯),住家用,鋼筋混凝土造,,152.92,3,2,2,有,無,10930000,76797,坡道平面,24.92,1100000,,RPSSPLTJMHOFFAO87CB,竹科悅揚,
新竹市,房地(土地+建物)+車位,新竹市新竹市東區慈濟路210號對面E10-08F,15.72,商,,,1070606,土地22建物1車位1,八層,24,住宅大樓(11層含以上有電梯),住家用,鋼筋混凝土造,,155.09,3,2,2,有,無,10960000,76641,坡道平面,27.09,1150000,,RPUSPLTJMHOFFAO08CB,竹科悅揚,
新竹市,房地(土地+建物)+車位,新竹市新竹市東區慈濟路210號對面E10-09F,15.72,商,,,1070706,土地22建物1車位1,九層,24,住宅大樓(11層含以上有電梯),住家用,鋼筋混凝土造,,155.09,3,2,2,有,無,11020000,77109,坡道平面,27.09,1150000,,RPWSPLTJMHOFFAO28CB,竹科悅揚,
新竹市,房地(土地+建物)+車位,新竹市新竹市東區慈濟路210號對面E10-10F,15.72,商,,,1061103,土地22建物1車位1,十層,24,住宅大樓(11層含以上有電梯),住家用,鋼筋混凝土造,,155.09,3,2,2,有,無,10730000,75625,坡道平面,27.09,1050000,,RPXSPLTJMHOFFAO38CB,竹科悅揚,
新竹市,房地(土地+建物)+車位,新竹市新竹市東區慈濟路210號對面E10-11F,15.72,商,,,1061108,土地22建物1車位1,十一層,24,住宅大樓(11層含以上有電梯),住家用,鋼筋混凝土造,,152.92,3,2,2,有,無,10590000,75625,坡道平面,24.92,910000,,RPOTPLTJMHOFFAO57CB,竹科悅揚,
新竹市,房地(土地+建物)+車位,新竹市新竹市東區慈濟路210號對面E10-12F,15.72,商,,,1070629,土地22建物1車位1,十二層,24,住宅大樓(11層含以上有電梯),住家用,鋼筋混凝土造,,155.09,3,2,2,有,無,10880000,77422,坡道平面,27.09,970000,,RPPTPLTJMHOFFAO67CB,竹科悅揚,
新竹市,房地(土地+建物)+車位,新竹市新竹市東區慈濟路210號對面E10-13F,15.72,商,,,1061019,土地22建物1車位1,十三層,24,住宅大樓(11層含以上有電梯),住家用,鋼筋混凝土造,,155.09,3,2,2,有,無,10730000,76016,坡道平面,27.09,1000000,,RPQTPLTJMHOFFAO77CB,竹科悅揚,
新竹市,房地(土地+建物)+車位,新竹市新竹市東區慈濟路210號對面E10-15F,15.72,商,,,1070623,土地22建物1車位1,十五層,24,住宅大樓(11層含以上有電梯),住家用,鋼筋混凝土造,,155.09,3,2,2,有,無,11150000,78516,坡道平面,27.09,1100000,,RPRTPLTJMHOFFAO87CB,竹科悅揚,
新竹市,房地(土地+建物)+車位,新竹市新竹市東區慈濟路210號對面E10-16F,15.72,商,,,1071221,土地22建物1車位1,十六層,24,住宅大樓(11層含以上有電梯),住家用,鋼筋混凝土造,,155.09,3,2,2,有,無,11030000,78203,坡道平面,27.09,1020000,,RPSTPLTJMHOFFAO97CB,竹科悅揚,
新竹市,房地(土地+建物)+車位,新竹市新竹市東區慈濟路210號對面E10-17F,15.72,商,,,1070921,土地22建物1車位1,十七層,24,住宅大樓(11層含以上有電梯),住家用,鋼筋混凝土造,,155.09,3,2,2,有,無,11090000,79063,坡道平面,27.09,970000,,RPTTPLTJMHOFFAO08CB,竹科悅揚,
新竹市,房地(土地+建物)+車位,新竹市新竹市東區慈濟路210號對面D9-05F,15.72,商,,,1071206,土地22建物1車位1,五層,24,住宅大樓(11層含以上有電梯),住家用,鋼筋混凝土造,,155.09,3,2,2,有,無,10610000,73906,坡道平面,27.09,1150000,,RPUWPLTJMHOFFAO48CB,竹科悅揚,
新竹市,房地(土地+建物)+車位,新竹市新竹市東區慈濟路210號對面D9-06F,15.72,商,,,1061126,土地22建物1車位1,六層,24,住宅大樓(11層含以上有電梯),住家用,鋼筋混凝土造,,155.09,3,2,2,有,無,10500000,74219,坡道平面,27.09,1000000,,RPVWPLTJMHOFFAO58CB,竹科悅揚,
新竹市,房地(土地+建物)+車位,新竹市新竹市東區慈濟路210號對面D9-07F,15.72,商,,,1070120,土地22建物1車位1,七層,24,住宅大樓(11層含以上有電梯),住家用,鋼筋混凝土造,,155.09,3,2,2,有,無,10850000,76172,坡道平面,27.09,1100000,,RPWWPLTJMHOFFAO68CB,竹科悅揚,
新竹市,房地(土地+建物)+車位,新竹市新竹市東區慈濟路210號對面D9-08F,15.72,商,,,1061216,土地22建物1車位1,八層,24,住宅大樓(11層含以上有電梯),住家用,鋼筋混凝土造,,155.09,3,2,2,有,無,10600000,75000,坡道平面,27.09,1000000,,RPXWPLTJMHOFFAO78CB,竹科悅揚,
新竹市,房地(土地+建物)+車位,新竹市新竹市東區慈濟路210號對面D9-09F,15.72,商,,,1061208,土地22建物1車位1,九層,24,住宅大樓(11層含以上有電梯),住家用,鋼筋混凝土造,,152.92,3,2,2,有,無,10680000,76641,坡道平面,24.92,870000,,RPONQLTJMHOFFAO07CB,竹科悅揚,
新竹市,房地(土地+建物)+車位,新竹市新竹市東區慈濟路210號對面D9-10F,15.72,商,,,1061206,土地22建物1車位1,十層,24,住宅大樓(11層含以上有電梯),住家用,鋼筋混凝土造,,155.09,3,2,2,有,無,10690000,75703,坡道平面,27.09,1000000,,RPPNQLTJMHOFFAO17CB,竹科悅揚,
新竹市,房地(土地+建物)+車位,新竹市新竹市東區慈濟路210號對面D9-11F,15.72,商,,,1070518,土地22建物1車位1,十一層,24,住宅大樓(11層含以上有電梯),住家用,鋼筋混凝土造,,155.09,3,2,2,有,無,10830000,77031,坡道平面,27.09,970000,,RPQNQLTJMHOFFAO27CB,竹科悅揚,
新竹市,房地(土地+建物)+車位,新竹市新竹市東區慈濟路210號對面D9-12F,15.72,商,,,1061202,土地22建物1車位1,十二層,24,住宅大樓(11層含以上有電梯),住家用,鋼筋混凝土造,,152.92,3,2,2,有,無,10640000,76016,坡道平面,24.92,910000,,RPRNQLTJMHOFFAO37CB,竹科悅揚,
新竹市,房地(土地+建物)+車位,新竹市新竹市東區慈濟路210號對面D9-13F,15.72,商,,,1070920,土地22建物1車位1,十三層,24,住宅大樓(11層含以上有電梯),住家用,鋼筋混凝土造,,155.09,3,2,2,有,無,11120000,77500,坡道平面,27.09,1200000,,RPSNQLTJMHOFFAO47CB,竹科悅揚,
新竹市,房地(土地+建物)+車位,新竹市新竹市東區慈濟路210號對面D9-15F,15.72,商,,,1070608,土地22建物1車位1,十五層,24,住宅大樓(11層含以上有電梯),住家用,鋼筋混凝土造,,155.09,3,2,2,有,無,10970000,78125,坡道平面,27.09,970000,,RPTNQLTJMHOFFAO57CB,竹科悅揚,
新竹市,房地(土地+建物)+車位,新竹市新竹市東區慈濟路210號對面D9-16F,15.72,商,,,1070529,土地22建物1車位1,十六層,24,住宅大樓(11層含以上有電梯),住家用,鋼筋混凝土造,,155.09,3,2,2,有,無,11170000,78281,坡道平面,27.09,1150000,,RPUNQLTJMHOFFAO67CB,竹科悅揚,
新竹市,房地(土地+建物)+車位,新竹市新竹市東區慈濟路210號對面D9-17F,15.72,商,,,1080211,土地22建物1車位1,十七層,24,住宅大樓(11層含以上有電梯),住家用,鋼筋混凝土造,,155.09,3,2,2,有,無,11010000,77031,坡道平面,27.09,1150000,,RPVNQLTJMHOFFAO77CB,竹科悅揚,
新竹市,房地(土地+建物)+車位,新竹市新竹市東區慈濟路210號對面D9-19F,15.72,商,,,1080110,土地22建物1車位1,十九層,24,住宅大樓(11層含以上有電梯),住家用,鋼筋混凝土造,,155.09,3,2,2,有,無,11080000,77578,坡道平面,27.09,1150000,,RPWNQLTJMHOFFAO87CB,竹科悅揚,
新竹市,房地(土地+建物)+車位,新竹市新竹市東區慈濟路210號對面C6-19F,15.18,商,,,1070131,土地22建物1車位1,十九層,24,住宅大樓(11層含以上有電梯),住家用,鋼筋混凝土造,,148.77,3,2,2,有,無,10690000,77836,坡道平面,24.92,1050000,,RPVOQLTJMHOFFAO87CB,竹科悅揚,
新竹市,房地(土地+建物)+車位,新竹市新竹市東區慈濟路210號對面E10-03F,15.85,商,,,1061124,土地22建物1車位1,三層,24,住宅大樓(11層含以上有電梯),住家用,鋼筋混凝土造,,155.62,3,2,2,有,無,11330000,80370,坡道平面,27.09,1000000,,RPWOQLTJMHOFFAO97CB,竹科悅揚,
新竹市,房地(土地+建物)+車位,新竹市新竹市東區慈濟路210號對面C6-20F,15.18,商,,,1070903,土地22建物1車位1,二十層,24,住宅大樓(11層含以上有電梯),住家用,鋼筋混凝土造,,150.94,3,2,2,有,無,10620000,77917,坡道平面,27.09,970000,,RPXOQLTJMHOFFAO08CB,竹科悅揚,
新竹市,房地(土地+建物)+車位,新竹市新竹市東區慈濟路210號對面C6-21F,15.18,商,,,1070302,土地22建物1車位1,二十一層,24,住宅大樓(11層含以上有電梯),住家用,鋼筋混凝土造,,150.94,3,2,2,有,無,10770000,78078,坡道平面,27.09,1100000,,RPOPQLTJMHOFFAO27CB,竹科悅揚,
新竹市,房地(土地+建物)+車位,新竹市新竹市東區慈濟路210號對面E10-05F,15.72,商,,,1070316,土地22建物1車位1,五層,24,住宅大樓(11層含以上有電梯),住家用,鋼筋混凝土造,,155.09,3,2,2,有,無,10780000,75625,坡道平面,27.09,1100000,,RPPPQLTJMHOFFAO37CB,竹科悅揚,
新竹市,房地(土地+建物)+車位,新竹市新竹市東區慈濟路210號對面C6-22F,15.18,商,,,1070126,土地22建物1車位1,二十二層,24,住宅大樓(11層含以上有電梯),住家用,鋼筋混凝土造,,150.94,3,2,2,有,無,10800000,77917,坡道平面,27.09,1150000,,RPQPQLTJMHOFFAO47CB,竹科悅揚,
新竹市,房地(土地+建物)+車位,新竹市新竹市東區慈濟路210號對面C6-23F,15.18,商,,,1071202,土地22建物1車位1,二十三層,24,住宅大樓(11層含以上有電梯),住家用,鋼筋混凝土造,,156.36,3,2,2,有,無,10870000,78159,坡道平面,32.51,1190000,,RPRPQLTJMHOFFAO57CB,竹科悅揚,
新竹市,房地(土地+建物)+車位,新竹市新竹市東區慈濟路210號對面C6-24F,15.18,商,,,1070126,土地22建物1車位1,二十四層,24,住宅大樓(11層含以上有電梯),住家用,鋼筋混凝土造,,150.94,3,2,2,有,無,10830000,78159,坡道平面,27.09,1150000,,RPSPQLTJMHOFFAO67CB,竹科悅揚,
新竹市,房地(土地+建物)+車位,新竹市新竹市東區慈濟路210號對面E10-06F,15.72,商,,,1070411,土地22建物1車位1,六層,24,住宅大樓(11層含以上有電梯),住家用,鋼筋混凝土造,,155.09,3,2,2,有,無,10830000,76016,坡道平面,27.09,1100000,,RPTPQLTJMHOFFAO77CB,竹科悅揚,
新竹市,房地(土地+建物)+車位,新竹市新竹市東區慈濟路210號對面C6-15F,15.18,商,,,1061210,土地22建物1車位1,十五層,24,住宅大樓(11層含以上有電梯),住家用,鋼筋混凝土造,,148.77,3,2,2,有,無,10540000,76625,坡道平面,24.92,1050000,,RPWPQLTJMHOFFAO08CB,竹科悅揚,
新竹市,房地(土地+建物)+車位,新竹市新竹市東區慈濟路210號對面C6-16F,15.18,商,,,1070323,土地22建物1車位1,十六層,24,住宅大樓(11層含以上有電梯),住家用,鋼筋混凝土造,,150.94,3,2,2,有,無,10620000,76867,坡道平面,27.09,1100000,,RPQQQLTJMHOFFAO57CB,竹科悅揚,
新竹市,房地(土地+建物)+車位,新竹市新竹市東區慈濟路210號對面C6-18F,15.18,商,,,1070203,土地22建物1車位1,十八層,24,住宅大樓(11層含以上有電梯),住家用,鋼筋混凝土造,,150.94,3,2,2,有,無,10750000,77513,坡道平面,27.09,1150000,,RPSQQLTJMHOFFAO77CB,竹科悅揚,
新竹市,房地(土地+建物)+車位,新竹市新竹市東區慈濟路210號對面C6-04F,14.91,商,,,1070502,土地22建物1車位1,四層,24,住宅大樓(11層含以上有電梯),住家用,鋼筋混凝土造,,145.64,3,2,2,有,無,9900000,73641,坡道平面,24.92,1010000,,RPUQQLTJMHOFFAO97CB,竹科悅揚,
新竹市,房地(土地+建物)+車位,新竹市新竹市東區慈濟路210號對面C6-10F,15.18,商,,,1070406,土地22建物1車位1,十層,24,住宅大樓(11層含以上有電梯),住家用,鋼筋混凝土造,,150.94,3,2,2,有,無,10460000,75575,坡道平面,27.09,1100000,,RPUTQLTJMHOFFAO28CB,竹科悅揚,
新竹市,房地(土地+建物)+車位,新竹市新竹市東區慈濟路210號對面C6-11F,15.18,商,,,1061230,土地22建物1車位1,十一層,24,住宅大樓(11層含以上有電梯),住家用,鋼筋混凝土造,,150.94,3,2,2,有,無,10350000,75737,坡道平面,27.09,970000,,RPWTQLTJMHOFFAO48CB,竹科悅揚,
新竹市,房地(土地+建物)+車位,新竹市新竹市東區慈濟路210號對面C6-12F,15.18,商,,,1070203,土地22建物1車位1,十二層,24,住宅大樓(11層含以上有電梯),住家用,鋼筋混凝土造,,150.94,3,2,2,有,無,10380000,75979,坡道平面,27.09,970000,,RPPUQLTJMHOFFAO87CB,竹科悅揚,
新竹市,房地(土地+建物)+車位,新竹市新竹市東區慈濟路210號對面C6-13F,15.18,商,,,1061028,土地22建物1車位1,十三層,24,住宅大樓(11層含以上有電梯),住家用,鋼筋混凝土造,,148.77,3,2,2,有,無,10280000,75979,坡道平面,24.92,870000,,RPQUQLTJMHOFFAO97CB,竹科悅揚,
新竹市,房地(土地+建物)+車位,新竹市新竹市東區慈濟路210號對面C6-14F,15.18,商,,,1070411,土地22建物1車位1,十四層,24,住宅大樓(11層含以上有電梯),住家用,鋼筋混凝土造,,153.4,3,2,2,有,無,10570000,76302,坡道平面,29.55,1120000,,RPSUQLTJMHOFFAO18CB,竹科悅揚,
新竹市,房地(土地+建物)+車位,新竹市新竹市東區慈濟路210號對面E1-03F,14.51,商,,,1070318,土地22建物1車位1,三層,24,住宅大樓(11層含以上有電梯),住家用,鋼筋混凝土造,,145.27,3,2,2,有,無,10480000,79370,坡道平面,27.09,1100000,,RPOVQLTJMHOFFAO87CB,竹科悅揚,
新竹市,房地(土地+建物)+車位,新竹市新竹市東區慈濟路210號對面E106F,15.58,商,,,1061216,土地22建物1車位1,六層,24,住宅大樓(11層含以上有電梯),住家用,鋼筋混凝土造,,154.07,3,2,2,有,無,10920000,77729,坡道平面,27.09,1050000,,RPQVQLTJMHOFFAO08CB,竹科悅揚,
新竹市,房地(土地+建物)+車位,新竹市新竹市東區慈濟路210號對面E1-07F,15.58,商,,,1070504,土地22建物1車位1,七層,24,住宅大樓(11層含以上有電梯),住家用,鋼筋混凝土造,,154.07,3,2,2,有,無,11210000,79619,坡道平面,27.09,1100000,,RPSVQLTJMHOFFAO28CB,竹科悅揚,
新竹市,房地(土地+建物)+車位,新竹市新竹市東區慈濟路210號對面E1-08F,15.58,商,,,1061216,土地22建物1車位1,八層,24,住宅大樓(11層含以上有電梯),住家用,鋼筋混凝土造,,154.07,3,2,2,有,無,10900000,78201,坡道平面,27.09,970000,,RPUVQLTJMHOFFAO48CB,竹科悅揚,
新竹市,房地(土地+建物)+車位,新竹市新竹市東區慈濟路210號對面E1-09F,15.58,商,,,1061217,土地22建物1車位1,九層,24,住宅大樓(11層含以上有電梯),住家用,鋼筋混凝土造,,154.07,3,2,2,有,無,10960000,78438,坡道平面,27.09,1000000,,RPOWQLTJMHOFFAO97CB,竹科悅揚,
新竹市,房地(土地+建物)+車位,新竹市新竹市東區慈濟路210號對面E1-10F,15.58,商,,,1061226,土地22建物1車位1,十層,24,住宅大樓(11層含以上有電梯),住家用,鋼筋混凝土造,,154.07,3,2,2,有,無,11020000,78910,坡道平面,27.09,1000000,,RPWWQLTJMHOFFAO78CB,竹科悅揚,
新竹市,房地(土地+建物)+車位,新竹市新竹市東區慈濟路210號對面E1-12F,15.58,商,,,1061204,土地22建物1車位1,十二層,24,住宅大樓(11層含以上有電梯),住家用,鋼筋混凝土造,,154.07,3,2,2,有,無,11090000,79068,坡道平面,27.09,1050000,,RPQNRLTJMHOFFAO37CB,竹科悅揚,
新竹市,房地(土地+建物)+車位,新竹市新竹市東區慈濟路210號對面E1-13F,15.58,商,,,1070222,土地22建物1車位1,十三層,24,住宅大樓(11層含以上有電梯),住家用,鋼筋混凝土造,,154.07,3,2,2,有,無,11340000,80643,坡道平面,27.09,1100000,,RPRNRLTJMHOFFAO47CB,竹科悅揚,
新竹市,房地(土地+建物)+車位,新竹市新竹市東區慈濟路210號對面E1-14F,15.58,商,,,1070203,土地22建物1車位1,十四層,24,住宅大樓(11層含以上有電梯),住家用,鋼筋混凝土造,,151.9,3,2,2,有,無,11350000,81115,坡道平面,24.92,1050000,,RPTNRLTJMHOFFAO67CB,竹科悅揚,
新竹市,房地(土地+建物)+車位,新竹市新竹市東區慈濟路210號對面E1-15F,15.58,商,,,1061210,土地22建物1車位1,十五層,24,住宅大樓(11層含以上有電梯),住家用,鋼筋混凝土造,,154.07,3,2,2,有,無,11420000,81273,坡道平面,27.09,1100000,,RPOORLTJMHOFFAO27CB,竹科悅揚,
新竹市,房地(土地+建物)+車位,新竹市新竹市東區慈濟路210號對面E1-16F,15.58,商,,,1070502,土地22建物1車位1,十六層,24,住宅大樓(11層含以上有電梯),住家用,鋼筋混凝土造,,151.9,3,2,2,有,無,11410000,81903,坡道平面,24.92,1010000,,RPQORLTJMHOFFAO47CB,竹科悅揚,
新竹市,房地(土地+建物)+車位,新竹市新竹市東區慈濟路210號對面E1-18F,15.72,商,,,1061101,土地22建物1車位2,十八層,24,住宅大樓(11層含以上有電梯),住家用,鋼筋混凝土造,,181.16,3,2,2,有,無,12630000,82926,坡道平面,54.18,2100000,,RPUORLTJMHOFFAO87CB,竹科悅揚,
新竹市,房地(土地+建物)+車位,新竹市新竹市東區慈濟路210號對面E1-17F,15.58,商,,,1061224,土地22建物1車位1,十七層,24,住宅大樓(11層含以上有電梯),住家用,鋼筋混凝土造,,154.07,3,2,2,有,無,11540000,81824,坡道平面,27.09,1150000,,RPVORLTJMHOFFAO97CB,竹科悅揚,
新竹市,房地(土地+建物)+車位,新竹市新竹市東區慈濟路210號對面E1-19F,15.58,商,,,1070106,土地22建物1車位1,十九層,24,住宅大樓(11層含以上有電梯),住家用,鋼筋混凝土造,,154.07,3,2,2,有,無,11570000,82454,坡道平面,27.09,1100000,,RPOPRLTJMHOFFAO37CB,竹科悅揚,
新竹市,房地(土地+建物)+車位,新竹市新竹市東區慈濟路210號對面C6-06F,15.18,商,,,1061226,土地22建物1車位1,六層,24,住宅大樓(11層含以上有電梯),住家用,鋼筋混凝土造,,148.77,3,2,2,有,無,10170000,74445,坡道平面,24.92,950000,,RPPPRLTJMHOFFAO47CB,竹科悅揚,
新竹市,房地(土地+建物)+車位,新竹市新竹市東區慈濟路210號對面E1-20F,15.58,商,,,1061110,土地22建物1車位1,二十層,24,住宅大樓(11層含以上有電梯),住家用,鋼筋混凝土造,,154.07,3,2,2,有,無,11290000,81036,坡道平面,27.09,1000000,,RPQPRLTJMHOFFAO57CB,竹科悅揚,
新竹市,房地(土地+建物)+車位,新竹市新竹市東區慈濟路210號對面C6-07F,15.18,商,,,1071029,土地22建物1車位1,七層,24,住宅大樓(11層含以上有電梯),住家用,鋼筋混凝土造,,150.94,3,2,2,有,無,10480000,74929,坡道平面,27.09,1200000,,RPRPRLTJMHOFFAO67CB,竹科悅揚,
新竹市,房地(土地+建物)+車位,新竹市新竹市東區慈濟路210號對面C6-08F,15.18,商,,,1061216,土地22建物1車位1,八層,24,住宅大樓(11層含以上有電梯),住家用,鋼筋混凝土造,,153.4,3,2,2,有,無,10270000,75091,坡道平面,29.55,970000,,RPWPRLTJMHOFFAO18CB,竹科悅揚,
新竹市,房地(土地+建物)+車位,新竹市新竹市東區慈濟路210號對面C6-09F,15.18,商,,,1061114,土地22建物1車位1,九層,24,住宅大樓(11層含以上有電梯),住家用,鋼筋混凝土造,,148.77,3,2,2,有,無,10250000,75414,坡道平面,24.92,910000,,RPQQRLTJMHOFFAO67CB,竹科悅揚,
新竹市,房地(土地+建物)+車位,新竹市新竹市東區慈濟路210號對面E1-21F,15.58,商,,,1070105,土地22建物1車位1,二十一層,24,住宅大樓(11層含以上有電梯),住家用,鋼筋混凝土造,,154.07,3,2,2,有,無,11630000,82926,坡道平面,27.09,1100000,,RPPRRLTJMHOFFAO67CB,竹科悅揚,
新竹市,房地(土地+建物)+車位,新竹市新竹市東區慈濟路210號對面E1-22F,15.58,商,,,1071026,土地22建物1車位1,二十二層,24,住宅大樓(11層含以上有電梯),住家用,鋼筋混凝土造,,154.07,3,2,2,有,無,11660000,82769,坡道平面,27.09,1150000,,RPRRRLTJMHOFFAO87CB,竹科悅揚,
新竹市,房地(土地+建物)+車位,新竹市新竹市東區慈濟路210號對面C5-04F,15.18,商,,,1071114,土地22建物1車位1,四層,24,住宅大樓(11層含以上有電梯),住家用,鋼筋混凝土造,,150.85,3,2,2,有,無,10300000,73933,坡道平面,27.09,1150000,,RPUTRLTJMHOFFAO38CB,竹科悅揚,
新竹市,房地(土地+建物)+車位,新竹市新竹市東區慈濟路210號對面C6-05F,15.18,商,,,1070302,土地22建物1車位1,五層,24,住宅大樓(11層含以上有電梯),住家用,鋼筋混凝土造,,150.94,3,2,2,有,無,10150000,74122,坡道平面,27.09,970000,,RPXTRLTJMHOFFAO68CB,竹科悅揚,
新竹市,房地(土地+建物)+車位,新竹市新竹市東區慈濟路210號對面E7-08F,15.72,商,,,1061205,土地22建物1車位1,八層,24,住宅大樓(11層含以上有電梯),住家用,鋼筋混凝土造,,153.01,3,2,2,有,無,10570000,75728,坡道平面,24.92,870000,,RPPNSLTJMHOFFAO37CB,竹科悅揚,
新竹市,房地(土地+建物)+車位,新竹市新竹市東區慈濟路210號對面E7-10F,15.72,商,,,1070718,土地22建物1車位1,十層,24,住宅大樓(11層含以上有電梯),住家用,鋼筋混凝土造,,155.18,3,2,2,有,無,10970000,76665,坡道平面,27.09,1150000,,RPQNSLTJMHOFFAO47CB,竹科悅揚,
新竹市,房地(土地+建物)+車位,新竹市新竹市東區慈濟路210號對面E7-12F,15.72,商,,,1070111,土地22建物1車位1,十二層,24,住宅大樓(11層含以上有電梯),住家用,鋼筋混凝土造,,155.18,3,2,2,有,無,10950000,76899,坡道平面,27.09,1100000,,RPSNSLTJMHOFFAO67CB,竹科悅揚,
新竹市,房地(土地+建物)+車位,新竹市新竹市東區慈濟路210號對面E7-14F,15.72,商,,,1071128,土地22建物1車位1,十四層,24,住宅大樓(11層含以上有電梯),住家用,鋼筋混凝土造,,155.18,3,2,2,有,無,11010000,76977,坡道平面,27.09,1150000,,RPTNSLTJMHOFFAO77CB,竹科悅揚,
新竹市,房地(土地+建物)+車位,新竹市新竹市東區慈濟路210號對面E7-16F,15.72,商,,,1071005,土地22建物1車位1,十六層,24,住宅大樓(11層含以上有電梯),住家用,鋼筋混凝土造,,155.18,3,2,2,有,無,11180000,77914,坡道平面,27.09,1200000,,RPVNSLTJMHOFFAO97CB,竹科悅揚,
新竹市,房地(土地+建物)+車位,新竹市新竹市東區慈濟路210號對面E7-21F,15.72,商,,,1080111,土地22建物1車位1,二十一層,24,住宅大樓(11層含以上有電梯),住家用,鋼筋混凝土造,,155.18,3,2,2,有,無,11340000,80568,坡道平面,27.09,1020000,,RPXNSLTJMHOFFAO18CB,竹科悅揚,
新竹市,房地(土地+建物)+車位,新竹市新竹市東區慈濟路210號對面E7-23F,15.72,商,,,1080125,土地22建物1車位1,二十三層,24,住宅大樓(11層含以上有電梯),住家用,鋼筋混凝土造,,155.18,3,2,2,有,無,11180000,79710,坡道平面,27.09,970000,,RPOOSLTJMHOFFAO37CB,竹科悅揚,
新竹市,房地(土地+建物)+車位,新竹市新竹市東區慈濟路210號對面C6-03F,15.05,商,,,1061122,土地22建物1車位1,三層,24,住宅大樓(11層含以上有電梯),住家用,鋼筋混凝土造,,149.3,3,2,2,有,無,10420000,77326,坡道平面,27.09,970000,,RPROSLTJMHOFFAO67CB,竹科悅揚,
新竹市,房地(土地+建物)+車位,新竹市新竹市東區慈濟路210號對面C5-03F,15.05,商,,,1070803,土地22建物1車位1,三層,24,住宅大樓(11層含以上有電梯),住家用,鋼筋混凝土造,,149.35,3,2,2,有,無,10650000,77703,坡道平面,27.09,1150000,,RPSOSLTJMHOFFAO77CB,竹科悅揚,
新竹市,房地(土地+建物)+車位,新竹市新竹市東區慈濟路210號對面E7-03F,14.64,商,,,1061230,土地22建物1車位1,三層,24,住宅大樓(11層含以上有電梯),住家用,鋼筋混凝土造,,143.84,3,2,2,有,無,9840000,75429,坡道平面,24.92,870000,,RPTOSLTJMHOFFAO87CB,竹科悅揚,
新竹市,房地(土地+建物)+車位,新竹市新竹市東區慈濟路210號對面E7-05F,15.72,商,,,1070121,土地22建物1車位1,五層,24,住宅大樓(11層含以上有電梯),住家用,鋼筋混凝土造,,155.18,3,2,2,有,無,10700000,74947,坡道平面,27.09,1100000,,RPVOSLTJMHOFFAO08CB,竹科悅揚,
新竹市,房地(土地+建物)+車位,新竹市新竹市東區慈濟路210號對面E7-06F,15.72,商,,,1061210,土地22建物1車位1,六層,24,住宅大樓(11層含以上有電梯),住家用,鋼筋混凝土造,,153.01,3,2,2,有,無,10550000,75260,坡道平面,24.92,910000,,RPWOSLTJMHOFFAO18CB,竹科悅揚,
新竹市,房地(土地+建物)+車位,新竹市新竹市東區慈濟路210號對面E7-07F,15.72,商,,,1070204,土地22建物1車位1,七層,24,住宅大樓(11層含以上有電梯),住家用,鋼筋混凝土造,,155.18,3,2,2,有,無,10770000,75494,坡道平面,27.09,1100000,,RPXOSLTJMHOFFAO28CB,竹科悅揚,
新竹市,房地(土地+建物)+車位,新竹市新竹市東區慈濟路210號對面B1-04F,13.97,商,,,1061123,土地22建物1車位1,四層,24,住宅大樓(11層含以上有電梯),住家用,鋼筋混凝土造,,140.31,3,2,2,有,無,9930000,78873,坡道平面,27.09,1000000,,RPOPSLTJMHOFFAO47CB,竹科悅揚,
新竹市,房地(土地+建物)+車位,新竹市新竹市東區慈濟路210號對面E5-03F,14.51,商,,,1061209,土地22建物1車位1,三層,24,住宅大樓(11層含以上有電梯),住家用,鋼筋混凝土造,,143.16,3,2,2,有,無,10250000,79330,坡道平面,24.92,870000,,RPVRSLTJMHOFFAO38CB,竹科悅揚,
新竹市,房地(土地+建物)+車位,新竹市新竹市東區慈濟路210號對面E5-04F,15.58,商,,,1070424,土地22建物1車位1,四層,24,住宅大樓(11層含以上有電梯),住家用,鋼筋混凝土造,,154.19,3,2,2,有,無,10950000,78521,坡道平面,27.09,970000,,RPWRSLTJMHOFFAO48CB,竹科悅揚,
新竹市,房地(土地+建物)+車位,新竹市新竹市東區慈濟路210號對面E5-06F,15.58,商,,,1061207,土地22建物1車位1,六層,24,住宅大樓(11層含以上有電梯),住家用,鋼筋混凝土造,,154.14,3,2,2,有,無,10680000,76190,坡道平面,27.09,1000000,,RPXRSLTJMHOFFAO58CB,竹科悅揚,
新竹市,房地(土地+建物)+車位,新竹市新竹市東區慈濟路210號對面E5-07F,15.58,商,,,1061210,土地22建物1車位1,七層,24,住宅大樓(11層含以上有電梯),住家用,鋼筋混凝土造,,154.14,3,2,2,有,無,10700000,76348,坡道平面,27.09,1000000,,RPOSSLTJMHOFFAO77CB,竹科悅揚,
新竹市,房地(土地+建物)+車位,新竹市新竹市東區慈濟路210號對面E5-08F,15.58,商,,,1061217,土地22建物1車位1,八層,24,住宅大樓(11層含以上有電梯),住家用,鋼筋混凝土造,,154.14,3,2,2,有,無,10790000,76663,坡道平面,27.09,1050000,,RPPSSLTJMHOFFAO87CB,竹科悅揚,
新竹市,房地(土地+建物)+車位,新竹市新竹市東區慈濟路210號對面E5-09F,15.58,商,,,1061127,土地22建物1車位1,九層,24,住宅大樓(11層含以上有電梯),住家用,鋼筋混凝土造,,154.14,3,2,2,有,無,10830000,76978,坡道平面,27.09,1050000,,RPQSSLTJMHOFFAO97CB,竹科悅揚,
新竹市,房地(土地+建物)+車位,新竹市新竹市東區慈濟路210號對面E5-10F,15.58,商,,,1061110,土地22建物1車位1,十層,24,住宅大樓(11層含以上有電梯),住家用,鋼筋混凝土造,,154.14,3,2,2,有,無,10820000,77292,坡道平面,27.09,1000000,,RPRSSLTJMHOFFAO08CB,竹科悅揚,
新竹市,房地(土地+建物)+車位,新竹市新竹市東區慈濟路210號對面E5-11F,15.58,商,,,1070916,土地22建物1車位1,十一層,24,住宅大樓(11層含以上有電梯),住家用,鋼筋混凝土造,,154.14,3,2,2,有,無,11360000,80362,坡道平面,27.09,1150000,,RPSSSLTJMHOFFAO18CB,竹科悅揚,
新竹市,房地(土地+建物)+車位,新竹市新竹市東區慈濟路210號對面E5-12F,15.58,商,,,1061103,土地22建物1車位1,十二層,24,住宅大樓(11層含以上有電梯),住家用,鋼筋混凝土造,,154.14,3,2,2,有,無,10850000,77529,坡道平面,27.09,1000000,,RPTSSLTJMHOFFAO28CB,竹科悅揚,
新竹市,房地(土地+建物)+車位,新竹市新竹市東區慈濟路210號對面E5-14F,15.72,商,,,1061101,土地22建物1車位2,十四層,24,住宅大樓(11層含以上有電梯),住家用,鋼筋混凝土造,,176.89,3,2,2,有,無,11740000,78079,坡道平面,49.84,1820000,,RPSWSLTJMHOFFAO58CB,竹科悅揚,
新竹市,房地(土地+建物)+車位,新竹市新竹市東區慈濟路210號對面E5-18F,15.58,商,,,1061226,土地22建物1車位1,十八層,24,住宅大樓(11層含以上有電梯),住家用,鋼筋混凝土造,,154.14,3,2,2,有,無,11100000,79103,坡道平面,27.09,1050000,,RPUWSLTJMHOFFAO78CB,竹科悅揚,
新竹市,房地(土地+建物)+車位,新竹市新竹市東區慈濟路210號對面E5-20F,15.58,商,,,1070203,土地22建物1車位1,二十層,24,住宅大樓(11層含以上有電梯),住家用,鋼筋混凝土造,,154.14,3,2,2,有,無,11130000,79339,坡道平面,27.09,1050000,,RPWWSLTJMHOFFAO98CB,竹科悅揚,
新竹市,房地(土地+建物)+車位,新竹市新竹市東區慈濟路210號對面E5-21F,15.58,商,,,1071116,土地22建物1車位1,二十一層,24,住宅大樓(11層含以上有電梯),住家用,鋼筋混凝土造,,154.14,3,2,2,有,無,11660000,82723,坡道平面,27.09,1150000,,RPONTLTJMHOFFAO37CB,竹科悅揚,
新竹市,房地(土地+建物)+車位,新竹市新竹市東區慈濟路210號對面E5-22F,15.58,商,,,1070106,土地22建物1車位1,二十二層,24,住宅大樓(11層含以上有電梯),住家用,鋼筋混凝土造,,154.14,3,2,2,有,無,11140000,79811,坡道平面,27.09,1000000,,RPPNTLTJMHOFFAO47CB,竹科悅揚,
新竹市,房地(土地+建物)+車位,新竹市新竹市東區慈濟路210號對面A1-17F,15.32,商,,,1061103,土地22建物1車位1,十七層,24,住宅大樓(11層含以上有電梯),住家用,鋼筋混凝土造,,151.64,3,2,2,有,無,11310000,82377,坡道平面,27.09,1050000,,RPRSTLTJMHOFFAO18CB,竹科悅揚,
新竹市,房地(土地+建物)+車位,新竹市新竹市東區慈濟路210號對面D1-14F,15.58,商,,,1071221,土地22建物1車位1,十四層,24,住宅大樓(11層含以上有電梯),住家用,鋼筋混凝土造,,154.07,3,2,2,有,無,11280000,79776,坡道平面,27.09,1150000,,RPSOMLPKMHOFFAO86CB,竹科悅揚,
新竹市,房地(土地+建物)+車位,新竹市新竹市東區慈濟路210號對面E1-05F,15.58,商,,,1070518,土地22建物1車位1,五層,24,住宅大樓(11層含以上有電梯),住家用,鋼筋混凝土造,,154.07,3,2,2,有,無,11120000,78910,坡道平面,27.09,1100000,,RPTOMLPKMHOFFAO96CB,竹科悅揚,
新竹市,房地(土地+建物)+車位,新竹市新竹市東區慈濟路210號對面D5-23F,15.32,商,,,1071013,土地22建物1車位1,二十三層,24,住宅大樓(11層含以上有電梯),住家用,鋼筋混凝土造,,151.23,3,2,2,有,無,10940000,77112,坡道平面,24.92,1200000,,RPWOMLPKMHOFFAO27CB,竹科悅揚,
新竹市,房地(土地+建物),新竹市新竹市東區慈濟路210號對面S23,14.78,商,,,1070718,土地22建物1車位0,一層,24,店面(店鋪),商業用,鋼筋混凝土造,,109.96,0,0,0,無,無,34100000,310113,,0.0,0,,RPOPMLPKMHOFFAO56CB,竹科悅揚,
新竹市,房地(土地+建物),新竹市新竹市東區慈濟路210號對面S3,46.35,商,,,1061226,土地22建物1車位0,一層,24,店面(店鋪),商業用,鋼筋混凝土造,,345.4,0,0,0,無,無,61130000,176983,,0.0,0,,RPPPMLPKMHOFFAO66CB,竹科悅揚,
新竹市,房地(土地+建物),新竹市新竹市東區慈濟路210號對面S5,13.7,商,,,1070106,土地22建物1車位0,一層,24,店面(店鋪),商業用,鋼筋混凝土造,,102.64,0,0,0,無,無,30740000,299493,,0.0,0,,RPQPMLPKMHOFFAO76CB,竹科悅揚,
新竹市,房地(土地+建物),新竹市新竹市東區慈濟路210號對面S6,14.64,商,,,1070106,土地22建物1車位0,一層,24,店面(店鋪),商業用,鋼筋混凝土造,,109.58,0,0,0,無,無,32820000,299507,,0.0,0,,RPRPMLPKMHOFFAO86CB,竹科悅揚,
新竹市,房地(土地+建物)+車位,新竹市新竹市東區慈濟路210號對面S18,30.5,商,,,1061226,土地22建物1車位1,一層,24,店面(店鋪),商業用,鋼筋混凝土造,,250.91,0,0,0,無,無,48760000,211735,坡道平面,24.92,910000,,RPTPMLPKMHOFFAO07CB,竹科悅揚,
