﻿鄉鎮市區,交易標的,土地位置建物門牌,土地面積平方公尺,都市土地使用分區,非都市土地使用分區,非都市土地使用編定,租賃年月日,租賃筆棟數,租賃層次,總樓層數,建物型態,主要用途,主要建材,建築完成年月,建物總面積平方公尺,建物現況格局-房,建物現況格局-廳,建物現況格局-衛,建物現況格局-隔間,有無管理組織,有無附傢俱,總額元,單價元平方公尺,車位類別,車位面積平方公尺,車位總額元,備註,編號
The villages and towns urban district,transaction sign,land sector position building sector house number plate,land shifting total area square meter,the use zoning or compiles and checks,the non-metropolis land use district,non-metropolis land use,transaction year month and day,transaction pen number,shifting level,total floor number,building state,main use,main building materials,construction to complete the years,building shifting total area,Building present situation pattern - room,building present situation pattern - hall,building present situation pattern - health,building present situation pattern - compartmented,Whether there is manages the organization,Whether there is attaches the furniture,total price NTD,the unit price (NTD / square meter),the berth category,berth shifting total area square meter,the berth total price NTD,the note,serial number
花蓮市,房地(土地+建物),花蓮縣花蓮市華廈街４０號四樓之五,16.83,住,,,1080115,土地1建物1車位0,見其他登記事項,9,華廈(10層含以下有電梯),住家用,鋼筋混凝土造,0860827,94.69,5,2,3,有,有,有,20000,211,,0.0,0,出租層次六層及七層,RPSOMLLKKHOFFAU96CC
花蓮市,房地(土地+建物),花蓮縣花蓮市府前路５０２巷１之５號,24.83,住,,,1080125,土地3建物1車位0,地下層,5,公寓(5樓含以下無電梯),住家用,鋼筋混凝土造,0740122,104.59,3,2,2,有,無,無,8000,76,,0.0,0,,RPTOMLLKKHOFFAU07CC
花蓮市,房地(土地+建物),花蓮縣花蓮市中央路三段７３０號十一樓之十八,4.97,住,,,1080118,土地1建物1車位0,十一層,11,套房(1房1廳1衛),住家用,鋼筋混凝土造,0840819,36.54,1,0,1,有,有,有,6000,164,,0.0,0,,RPUOMLLKKHOFFAU17CC
花蓮市,房地(土地+建物),花蓮縣花蓮市國盛三街１２巷５號三樓３號,13.95,住,,,1080126,土地1建物1車位0,三層,5,公寓(5樓含以下無電梯),住家用,鋼筋混凝土造,0780603,51.629999999999995,2,1,1,有,無,有,8000,155,,0.0,0,,RPVOMLLKKHOFFAU27CC
花蓮市,房地(土地+建物),花蓮縣花蓮市富強路３４號,152.0,住,,,1080128,土地1建物1車位0,全,2,透天厝,住商用,鋼筋混凝土造,0771208,151.39,3,2,2,有,無,無,20000,132,,0.0,0,,RPWOMLLKKHOFFAU37CC
花蓮市,房地(土地+建物),花蓮縣花蓮市中順街４５巷１６號５F１３,15.16,住,,,1080127,土地2建物1車位0,五層,6,華廈(10層含以下有電梯),住家用,鋼筋混凝土造,0830326,58.31,2,1,1,有,無,有,11000,189,,0.0,0,,RPPNMLMKKHOFFAU66CC
吉安鄉,房地(土地+建物),花蓮縣吉安鄉北昌五街５２號五樓之九,10.89,住,,,1080120,土地1建物1車位0,五層,7,華廈(10層含以下有電梯),住家用,鋼筋混凝土造,0860113,56.1,2,1,1,有,有,有,8000,143,,0.0,0,,RPUNMLMKKHOFFAU17CC
花蓮市,房地(土地+建物),花蓮縣花蓮市明禮路５號八樓之二,4.75,商,,,1080212,土地1建物1車位0,八層,10,華廈(10層含以下有電梯),住商用,鋼筋混凝土造,0860224,45.18,1,0,1,有,有,有,9000,199,,0.0,0,,RPXNMLMKKHOFFAU57DC
花蓮市,建物,花蓮縣花蓮市國民九街７７號,0.01,住,,,1080115,土地0建物0車位0,三層,5,套房(1房1廳1衛),住商用,鋼筋混凝土造,0740319,20.0,1,0,1,有,有,有,5800,290,,0.0,0,,RPUNMLPKKHOFFAU47CC
花蓮市,房地(土地+建物),花蓮縣花蓮市成功街２１０號四樓之九,2.0,住,,,1080125,土地2建物1車位0,四層,5,套房(1房1廳1衛),住家用,鋼筋混凝土造,0930312,29.91,1,1,1,有,有,有,8000,267,,0.0,0,,RPPOMLSKKHOFFAU37CC
花蓮市,房地(土地+建物),花蓮縣花蓮市東興一街７９巷２０號５樓之５,49.0,住,,,1080211,土地1建物1車位0,五層,14,華廈(10層含以下有電梯),住家用,鋼筋混凝土造,0911202,199.54,4,2,2,有,無,有,15000,75,,0.0,0,,RPVNMLKLKHOFFAU17CC
吉安鄉,房地(土地+建物),花蓮縣吉安鄉勝安２街３０巷９弄６號,63.0,住,,,1080220,土地1建物1車位0,全,2,透天厝,住家用,鋼筋混凝土造,0571223,68.68,3,2,1,有,無,無,10000,146,,0.0,0,,RPQNMLKLKHOFFAU76DC
花蓮市,房地(土地+建物),花蓮縣花蓮市國富十三街９號四樓之一,6.77,住,,,1080213,土地1建物1車位0,四層,6,套房(1房1廳1衛),住家用,鋼筋混凝土造,0821014,28.79,1,0,0,無,有,有,6000,208,,0.0,0,,RPUNMLLLKHOFFAU17CC
花蓮市,房地(土地+建物),花蓮縣花蓮市建國路一段１５２號１F,23.0,住,,,1080218,土地1建物1車位0,一層,4,店面(店鋪),住商用,鋼筋混凝土造,0790614,45.36,0,1,1,有,無,無,10000,220,,0.0,0,,RPROMLLLKHOFFAU96CC
花蓮市,房地(土地+建物),花蓮縣花蓮市順興路１６１巷２號四樓之二,46.42,住,,,1080124,土地1建物1車位0,四層,5,公寓(5樓含以下無電梯),住家用,鋼筋混凝土造,0850325,140.15,3,2,2,有,無,有,12000,86,,0.0,0,,RPPNMLNLKHOFFAU96DC
花蓮市,房地(土地+建物),花蓮縣花蓮市中興路１９號九樓之二,9.59,住,,,1080222,土地1建物1車位0,九層,12,住宅大樓(11層含以上有電梯),住家用,鋼筋混凝土造,0860718,95.94999999999999,2,1,1,有,有,有,11000,115,,0.0,0,,RPVNMLNLKHOFFAU57DC
花蓮市,房地(土地+建物),花蓮縣花蓮市莊敬路９１號,97.0,住,,,1080215,土地1建物1車位0,全,4,透天厝,住商用,鋼筋混凝土造,0780412,218.29,5,2,3,有,無,無,20000,92,,0.0,0,,RPUOMLPLKHOFFAU67CC
花蓮市,房地(土地+建物),花蓮縣花蓮市國富二十八街６０號,139.0,住,,,1080126,土地1建物1車位0,全,2,透天厝,住家用,鋼筋混凝土加強磚造,0740722,119.98,3,2,2,有,無,無,15000,125,,0.0,0,,RPQPMLPLKHOFFAU37CC
新城鄉,房地(土地+建物),花蓮縣新城鄉樹林街２３３巷２弄２０號,84.39,,一般農業區,甲種建築用地,1080126,土地1建物1車位0,全,3,透天厝,住家用,鋼筋混凝土造,0821029,136.73,3,2,4,有,無,有,12000,88,,0.0,0,,RPRPMLPLKHOFFAU47CC
吉安鄉,房地(土地+建物)+車位,花蓮縣吉安鄉文化五街４７號４F,25.0,住,,,1080126,土地1建物1車位1,四層,7,華廈(10層含以下有電梯),住家用,鋼筋混凝土造,0821215,115.75,3,2,2,有,有,有,14000,121,坡道平面,14.53,0,,RPSPMLPLKHOFFAU57CC
吉安鄉,房地(土地+建物),花蓮縣吉安鄉宜昌一街６號,82.0,住,,,1080212,土地1建物1車位0,全,2,透天厝,住商用,鋼筋混凝土加強磚造,0670107,55.57,1,0,1,有,無,有,7000,126,,0.0,0,,RPWNMLQLKHOFFAU87CC
吉安鄉,房地(土地+建物),花蓮縣吉安鄉自立路１１４號４F,37.81,住,,,1080130,土地1建物1車位0,四層,4,公寓(5樓含以下無電梯),住家用,鋼筋混凝土造,0720910,90.02,3,2,2,有,無,有,11000,122,,0.0,0,,RPXNMLQLKHOFFAU97CC
花蓮市,房地(土地+建物)+車位,花蓮縣花蓮市林森路２７３巷５弄７號,110.0,住,,,1080222,土地1建物1車位1,全,2,透天厝,住家用,鋼筋混凝土加強磚造,0690907,129.33,3,2,2,有,無,有,13000,101,一樓平面,0.0,0,,RPOOMLQLKHOFFAU17CC
花蓮市,房地(土地+建物),花蓮縣花蓮市中美路１１５巷８號３樓,14.82,商,,,1080218,土地2建物1車位0,三層,9,華廈(10層含以下有電梯),住家用,鋼筋混凝土造,0830611,105.19,3,2,2,有,無,有,10000,95,,0.0,0,,RPSNMLPJLHOFFAU27CC
吉安鄉,土地,太昌段1697地號,2543.0,農,,,1080304,土地1建物0車位0,,,其他,,,,0.0,0,0,0,有,無,無,2084,1,,0.0,0,,RPXNMLPJLHOFFAU77CC
花蓮市,房地(土地+建物),花蓮縣花蓮市中正路３１７號,248.0,商,,,1080305,土地1建物1車位0,見其他登記事項,1,店面(店鋪),見其他登記事項,鐵造,,229.62,0,0,0,無,無,無,50000,218,,0.0,0,,RPQOMLPJLHOFFAU17CC
花蓮市,房地(土地+建物),花蓮縣花蓮市建國路一段１５６號,153.0,住,,,1080301,土地1建物1車位0,全,3,透天厝,住商用,鋼筋混凝土造,0740202,98.82,1,1,1,有,無,有,15000,152,,0.0,0,,RPXNMLQJLHOFFAU87CC
吉安鄉,房地(土地+建物),花蓮縣吉安鄉中華路二段１８０號,130.0,商,,,1080218,土地1建物1車位0,見其他登記事項,2,店面(店鋪),住商用,鋼筋混凝土加強磚造,0661101,141.49,2,2,2,有,無,無,25000,177,,0.0,0,,RPPNMLQJLHOFFAU17DC
花蓮市,建物,花蓮縣花蓮市國富六街１１號３B,0.0,住,,,1080226,土地0建物1車位0,全,4,透天厝,住商用,鋼筋混凝土造,0820310,19.83,1,0,1,有,無,有,6000,303,,0.0,0,,RPRNMLSJLHOFFAU47CC
花蓮市,建物,花蓮縣花蓮市國富六街１１號,0.0,住,,,1080303,土地0建物1車位0,全,4,透天厝,住商用,鋼筋混凝土造,0820310,19.83,1,0,1,有,無,有,5000,252,,0.0,0,此為分租套房,RPUNMLSJLHOFFAU77CC
吉安鄉,房地(土地+建物),花蓮縣吉安鄉宜昌七街３６號,78.0,商,,,1080220,土地1建物1車位0,全,3,透天厝,住商用,鋼筋混凝土造,0690116,188.11,6,2,3,有,無,無,16000,85,,0.0,0,,RPWNMLSJLHOFFAU97CC
花蓮市,房地(土地+建物),花蓮縣花蓮市國富十街１３６號四樓之六,89.8,住,,,1080213,土地1建物1車位0,四層,5,華廈(10層含以下有電梯),住家用,鋼筋混凝土造,0850130,63.410000000000004,2,1,1,有,有,有,9000,142,,0.0,0,,RPPNMLLKLHOFFAU66CC
花蓮市,房地(土地+建物),花蓮縣花蓮市府前路２９６巷１５號三樓之七號,20.95,住,,,1080214,土地1建物1車位0,三層,8,華廈(10層含以下有電梯),住家用,鋼筋混凝土造,0850625,121.64999999999999,3,1,2,有,有,無,11000,90,,0.0,0,,RPQNMLLKLHOFFAU76CC
花蓮市,房地(土地+建物),花蓮縣花蓮市國盛二街２７９號四樓之六,10.99,住,,,1080217,土地1建物1車位0,四層,5,華廈(10層含以下有電梯),住家用,鋼筋混凝土造,0820120,36.91,1,0,1,有,有,有,6000,163,,0.0,0,,RPRNMLLKLHOFFAU86CC
花蓮市,房地(土地+建物),花蓮縣花蓮市明心街３９號四樓之三,54.09,住,,,1080221,土地1建物1車位0,四層,5,華廈(10層含以下有電梯),住家用,鋼筋混凝土造,0861127,110.58,3,2,2,有,有,無,11000,99,,0.0,0,,RPSNMLLKLHOFFAU96CC
花蓮市,建物,花蓮縣花蓮市國富六街１１號,0.0,住,,,1080309,土地0建物1車位0,全,4,透天厝,住商用,鋼筋混凝土造,0820310,31.0,1,0,1,有,無,有,7000,226,,0.0,0,此為分租套房,RPTNMLLKLHOFFAU07CC
花蓮市,房地(土地+建物),花蓮縣花蓮市國風街２０之２號,15.36,住,,,1080222,土地1建物1車位0,夾層,5,華廈(10層含以下有電梯),住家用,鋼筋混凝土造,0821214,53.16,3,2,2,有,有,有,8200,154,,0.0,0,,RPUNMLLKLHOFFAU17CC
吉安鄉,房地(土地+建物),花蓮縣吉安鄉南山五街１０８號,81.0,商,,,1080226,土地1建物1車位0,全,2,透天厝,住商用,鋼筋混凝土加強磚造,0660208,112.86,3,2,2,有,無,無,12000,106,,0.0,0,,RPVNMLLKLHOFFAU27CC
吉安鄉,房地(土地+建物),花蓮縣吉安鄉東里一街１６０號三樓之五,11.41,住,,,1080227,土地1建物1車位0,三層,5,套房(1房1廳1衛),住家用,鋼筋混凝土造,0840316,42.730000000000004,1,0,1,有,有,有,7000,164,,0.0,0,,RPWNMLLKLHOFFAU37CC
花蓮市,房地(土地+建物),花蓮縣花蓮市國興三街４６號,260.0,住,,,1080306,土地1建物1車位0,見其他登記事項,3,店面(店鋪),住商用,鋼筋混凝土造,0690107,463.63,0,0,0,無,無,無,36000,78,,0.0,0,,RPXNMLLKLHOFFAU47CC
吉安鄉,房地(土地+建物),花蓮縣吉安鄉慈惠二街７２巷８號４F之１,19.93,住,,,1080305,土地1建物1車位0,四層,6,華廈(10層含以下有電梯),住家用,鋼筋混凝土造,0821108,98.77,2,2,2,有,無,有,11000,111,,0.0,0,租賃範圍含車位，但車位無權狀。租金已包含車位。,RPOOMLLKLHOFFAU66CC
花蓮市,建物,花蓮縣花蓮市國富六街１１號,0.0,住,,,1080228,土地0建物1車位0,全,4,透天厝,住商用,鋼筋混凝土造,0820310,21.48,1,0,1,有,無,有,5500,256,,0.0,0,此為分租套房,RPPOMLMKLHOFFAU86CC
花蓮市,房地(土地+建物)+車位,花蓮縣花蓮市華廈街４０號三樓之五,18.39,住,,,1080311,土地1建物1車位1,三層,9,華廈(10層含以下有電梯),住家用,鋼筋混凝土造,0860827,135.21,3,2,2,有,有,有,12000,89,坡道平面,40.52,0,,RPPPMLMKLHOFFAU96CC
吉安鄉,土地,慈惠段883-1地號,2212.51,其他,,,1080305,土地3建物0車位0,,,其他,,,,0.0,0,0,0,有,無,無,25000,11,,0.0,0,含填土整地費72萬元由承租方先行支付並由每月租金扣除2萬元整期間為36個月,RPVNMLNKLHOFFAU47CC
吉安鄉,土地,慈勝段341地號,162.0,住,,,1080316,土地1建物0車位0,,,其他,,,,0.0,0,0,0,有,無,無,18000,111,,0.0,0,,RPQNMLMLLHOFFAU07DC
花蓮市,房地(土地+建物),花蓮縣花蓮市國聯二路７１號８樓之２,4.51,住,,,1080315,土地1建物1車位0,八層,12,套房(1房1廳1衛),住家用,鋼筋混凝土造,0831115,34.79,1,0,1,有,無,有,5800,167,,0.0,0,,RPWNMLQLLHOFFAU97CC
新城鄉,房地(土地+建物),花蓮縣新城鄉花師街３１號,30.0,農,,,1080327,土地2建物1車位0,見其他登記事項,2,店面(店鋪),住商用,鋼筋混凝土加強磚造,0581201,79.54,0,0,0,無,無,無,15000,189,,0.0,0,,RPXNMLSLLHOFFAU38DC
花蓮市,房地(土地+建物),花蓮縣花蓮市民光４１０之２９號,70.0,農,,,1080321,土地1建物1車位0,全,3,透天厝,住家用,鋼筋混凝土造,0930402,150.96,4,2,3,有,無,有,15000,99,,0.0,0,,RPROMLSLLHOFFAU87DC
花蓮市,房地(土地+建物),花蓮縣花蓮市國盛一街１６３號５樓之３,11.49,商,,,1080225,土地1建物1車位0,五層,10,華廈(10層含以下有電梯),住家用,鋼筋混凝土造,0821029,85.28,2,1,1,有,有,有,9600,113,,0.0,0,,RPSOMLSLLHOFFAU08EC
吉安鄉,房地(土地+建物),花蓮縣吉安鄉富裕六街１６號六樓之二,17.55,住,,,1080226,土地1建物1車位0,六層,6,華廈(10層含以下有電梯),住家用,鋼筋混凝土造,0840628,71.39999999999999,3,1,2,有,有,有,9000,126,,0.0,0,,RPPOMLTLLHOFFAU67CC
花蓮市,建物,花蓮縣花蓮市榮正街１２５巷７號,93.0,住,,,1080323,土地0建物0車位0,全,3,透天厝,住商用,鋼筋混凝土造,0700926,233.53,3,3,4,有,無,有,12000,51,,0.0,0,租金含網路費及第四台費用1000元租賃範圍為二樓整層1房1聽1衛,RPQPMLTLLHOFFAU87CC
吉安鄉,房地(土地+建物),花蓮縣吉安鄉吉昌一街１８９巷３６號,87.36,住,,,1080327,土地1建物1車位0,全,2,透天厝,住商用,鋼筋混凝土造,0821102,136.09,4,3,2,有,無,有,12000,88,,0.0,0,,RPUNMLLJMHOFFAU27DC
花蓮市,房地(土地+建物),花蓮縣花蓮市中正路３３５號,161.0,商,,,1080315,土地1建物1車位0,見其他登記事項,1,店面(店鋪),見其他登記事項,見其他登記事項,0840724,125.17,0,0,0,無,無,無,33000,264,,0.0,0,,RPVNMLLJMHOFFAU37DC
花蓮市,房地(土地+建物),花蓮縣花蓮市府前路３００之８號,18.63,住,,,1080304,土地1建物1車位0,四層,4,套房(1房1廳1衛),住家用,鋼筋混凝土造,1070413,41.93,1,0,1,有,無,有,8500,203,,0.0,0,,RPVNMLNJMHOFFAU47CC
吉安鄉,房地(土地+建物),花蓮縣吉安鄉北昌一街９７巷１２號二樓,34.78,住,,,1080305,土地1建物1車位0,二層,4,公寓(5樓含以下無電梯),住家用,鋼筋混凝土造,0720910,82.64,3,1,1,有,無,無,9000,109,,0.0,0,,RPWNMLNJMHOFFAU57CC
花蓮市,房地(土地+建物),花蓮縣花蓮市國興二街１３６號三樓之六,13.56,住,,,1080318,土地1建物1車位0,三層,5,套房(1房1廳1衛),見其他登記事項,鋼筋混凝土造,1070622,38.3,1,0,1,有,有,有,8000,209,,0.0,0,,RPXNMLNJMHOFFAU67CC
吉安鄉,房地(土地+建物),花蓮縣吉安鄉中華路二段９３號十樓之一,9.38,商,,,1080319,土地1建物1車位0,十層,14,住宅大樓(11層含以上有電梯),住家用,鋼筋混凝土造,0831028,95.06,3,1,2,有,有,有,12000,126,,0.0,0,,RPOOMLNJMHOFFAU86CC
花蓮市,房地(土地+建物),花蓮縣花蓮市中央路三段７３０號二樓之一,5.63,住,,,1080323,土地1建物1車位0,二層,11,套房(1房1廳1衛),住家用,鋼筋混凝土造,0840819,40.06,1,0,1,有,有,有,7500,187,,0.0,0,,RPTOMLNJMHOFFAU37CC
花蓮市,房地(土地+建物),花蓮縣花蓮市化道路４１號,75.0,住,,,1080327,土地1建物1車位0,全,2,透天厝,住家用,鋼筋混凝土造,0731226,115.62,3,2,3,有,無,有,15000,130,,0.0,0,,RPWOMLNJMHOFFAU67CC
花蓮市,房地(土地+建物),花蓮縣花蓮市中興路４３巷６號二樓之二,19.93,住,,,1080325,土地1建物1車位0,二層,7,華廈(10層含以下有電梯),住家用,鋼筋混凝土造,0821029,100.98,3,1,2,有,有,有,13000,129,,0.0,0,,RPXOMLNJMHOFFAU77CC
新城鄉,房地(土地+建物),花蓮縣新城鄉嘉里四路２之１號,73.0,住,,,1080327,土地1建物1車位0,全,3,透天厝,住家用,鋼筋混凝土造,0850817,175.03,0,0,3,有,無,無,15000,86,,0.0,0,,RPPPMLNJMHOFFAU07CC
花蓮市,建物,花蓮縣花蓮市國民九街５１號,222.0,住,,,1080404,土地0建物0車位0,二層,5,套房(1房1廳1衛),住商用,鋼筋混凝土造,0791119,24.0,1,0,1,有,無,有,5000,208,,0.0,0,,RPPNMLOJMHOFFAU96CC
花蓮市,房地(土地+建物),花蓮縣花蓮市中興路４７號,88.0,商,,,1080405,土地1建物1車位0,見其他登記事項,2,店面(店鋪),商業用,鋼筋混凝土造,,154.88,3,2,2,有,無,有,20000,129,,0.0,0,,RPQNMLSJMHOFFAU47CC
花蓮市,建物,花蓮縣花蓮市國民九街５１號,0.0,住,,,1080404,土地0建物0車位0,二層,5,套房(1房1廳1衛),住商用,鋼筋混凝土造,0791119,24.0,1,0,1,有,無,有,5000,208,,0.0,0,,RPVNMLSJMHOFFAU97CC
花蓮市,房地(土地+建物),花蓮縣花蓮市國盛二街２８１之１號,8.4,住,,,1080405,土地1建物1車位0,一層,5,套房(1房1廳1衛),住商用,鋼筋混凝土造,0820120,28.58,1,0,1,有,無,有,5000,175,,0.0,0,,RPRNMLTJMHOFFAU67CC
花蓮市,房地(土地+建物),花蓮縣花蓮市民國路１３９號八樓７號,17.37,商,,,1080315,土地1建物1車位0,八層,9,華廈(10層含以下有電梯),住家用,鋼筋混凝土造,0770213,141.86,3,2,2,有,有,無,13000,92,,0.0,0,,RPPNMLTJMHOFFAU67EC
花蓮市,房地(土地+建物),花蓮縣花蓮市中華路３５２號,72.0,住,,,1080405,土地1建物1車位0,見其他登記事項,3,店面(店鋪),住商用,鋼筋混凝土造,0921128,136.12,2,2,3,有,無,有,23000,169,,0.0,0,,RPQNMLKKMHOFFAU86DC
花蓮市,房地(土地+建物),花蓮縣花蓮市榮正街１２５巷７號,0.0,住,,,1080402,土地0建物1車位0,三層,3,套房(1房1廳1衛),住商用,鋼筋混凝土造,0700926,66.15,1,1,1,有,無,有,12000,181,,0.0,0,,RPQNMLMKMHOFFAU96CC
花蓮市,建物,花蓮縣花蓮市國富二街５８號,0.0,住,,,1080401,土地0建物0車位0,二層,3,套房(1房1廳1衛),住商用,鋼筋混凝土造,0740424,16.5,1,1,1,有,無,有,5500,333,,0.0,0,,RPTNMLMKMHOFFAU27CC
花蓮市,建物,花蓮縣花蓮市林政街４３號,0.0,,,,1080315,土地0建物0車位0,二層,2,套房(1房1廳1衛),住家用,鋼筋混凝土加強磚造,0660224,33.05,1,0,1,有,無,有,7500,227,,0.0,0,,RPXNMLMKMHOFFAU67CC
花蓮市,土地,莊敬段349地號,151.0,商,,,1080315,土地1建物0車位0,,,其他,,,,0.0,0,0,0,有,無,無,23000,152,,0.0,0,,RPSOMLMKMHOFFAU27CC
花蓮市,房地(土地+建物),花蓮縣花蓮市國富十八街２７號,96.66,住,,,1080401,土地1建物1車位0,全,3,透天厝,住家用,鋼筋混凝土造,0830311,133.6,3,2,1,有,無,有,13500,101,,0.0,0,,RPPNMLNKMHOFFAU96CC
花蓮市,房地(土地+建物),花蓮縣花蓮市中興路２０６巷１４號,66.0,住,,,1080414,土地1建物1車位0,全,2,透天厝,住家用,鋼筋混凝土加強磚造,0671109,75.65,3,2,1,有,無,有,10000,132,,0.0,0,,RPSNMLPKMHOFFAU47CC
吉安鄉,房地(土地+建物),花蓮縣吉安鄉南昌北路２７號２F之８,12.72,住,,,1080414,土地1建物1車位0,二層,5,套房(1房1廳1衛),住家用,鋼筋混凝土造,0840414,42.88,0,0,0,無,有,有,6500,152,,0.0,0,,RPQNMLQKMHOFFAU37CC
花蓮市,車位,花蓮縣花蓮市榮正街９６號二樓等９戶,0.0,,,,1080408,土地0建物0車位1,,,其他,,,,14.09,0,0,0,有,有,無,2300,,坡道平面,14.09,2300,,RPOOMLQKMHOFFAU27CC
花蓮市,建物,花蓮縣花蓮市北昌五街５２號三樓之５,0.0,住,,,1080414,土地0建物0車位0,三層,7,華廈(10層含以下有電梯),住家用,鋼筋混凝土造,0860113,25.11,1,0,1,有,無,有,6500,259,,0.0,0,,RPUOMLQKMHOFFAU87CC
花蓮市,建物,花蓮縣花蓮市國民八街７０號,0.0,商,,,1080327,土地0建物1車位0,三層,4,套房(1房1廳1衛),住商用,鋼筋混凝土造,0720608,40.0,1,0,1,有,無,有,12000,300,,0.0,0,,RPVNMLRKMHOFFAU97CC
花蓮市,建物,花蓮縣花蓮市國盛五街３８號,0.0,住,,,1080401,土地0建物1車位0,二層,2,套房(1房1廳1衛),住商用,鋼筋混凝土加強磚造,0690331,16.5,1,0,1,有,無,有,5500,333,,0.0,0,,RPXNMLRKMHOFFAU18CC
花蓮市,建物,花蓮縣花蓮市北昌三街１８巷５號,0.0,住,,,1080416,土地0建物1車位0,全,2,透天厝,住家用,鋼筋混凝土加強磚造,0680924,122.94,4,2,2,有,無,有,12000,98,,0.0,0,,RPVOMLRKMHOFFAU08CC
吉安鄉,房地(土地+建物),花蓮縣吉安鄉自強路２７６號,106.76,住,,,1080401,土地1建物1車位0,見其他登記事項,4,店面(店鋪),住家用,鋼筋混凝土造,1041105,255.41,2,3,5,有,無,無,40000,157,,0.0,0,,RPUNMLTKMHOFFAU08CC
新城鄉,建物,花蓮縣新城鄉復興路２５７號,0.0,商,,,1080403,土地0建物0車位0,三層,5,店面(店鋪),住家用,鋼筋混凝土造,1061024,47.34,1,0,1,有,無,有,9000,190,,0.0,0,,RPSPMLMLMHOFFAU47CC
新城鄉,建物,花蓮縣新城鄉復興路２５７號,0.0,商,,,1080416,土地0建物0車位0,五層,5,店面(店鋪),住家用,鋼筋混凝土造,1061024,48.86,1,0,1,有,無,有,8500,174,,0.0,0,,RPTPMLMLMHOFFAU57CC
新城鄉,建物,花蓮縣新城鄉民族路７３號,0.0,商,,,1080412,土地0建物0車位0,四層,5,店面(店鋪),住家用,鋼筋混凝土造,1070514,27.14,1,0,1,有,無,有,7500,276,,0.0,0,,RPVPMLMLMHOFFAU77CC
新城鄉,建物,花蓮縣新城鄉復興路２５７號,0.0,商,,,1080415,土地0建物0車位0,四層,5,店面(店鋪),住家用,鋼筋混凝土造,1061024,24.0,1,0,1,有,無,有,7500,313,,0.0,0,,RPXPMLMLMHOFFAU97CC
花蓮市,房地(土地+建物),花蓮縣花蓮市化道路１之１號,70.0,住,,,1080419,土地1建物1車位0,全,2,透天厝,住家用,鋼筋混凝土加強磚造,0591231,102.22,3,1,2,有,無,有,15000,147,,0.0,0,,RPTNMLNLMHOFFAU47CC
花蓮市,房地(土地+建物),花蓮縣花蓮市民德四街２之２３號五樓,15.44,住,,,1080419,土地1建物1車位0,五層,12,住宅大樓(11層含以上有電梯),住家用,見其他登記事項,0920221,88.08,2,2,1,有,無,有,17000,193,,0.0,0,,RPWNMLNLMHOFFAU77CC
花蓮市,房地(土地+建物),花蓮縣花蓮市中原路５８０號,94.0,住,,,1080423,土地3建物1車位0,全,3,透天厝,住商用,鋼筋混凝土造,0670414,200.07,3,2,3,有,無,有,20000,100,,0.0,0,,RPRNMLPLMHOFFAU47CC
花蓮市,土地,民意段400-1地號,97.0,住,,,1080415,土地1建物0車位0,,,其他,,,,0.0,0,0,0,有,無,無,5500,57,,0.0,0,,RPOOMLPLMHOFFAU27CC
花蓮市,房地(土地+建物),花蓮縣花蓮市中美路９３巷７號,8.83,商,,,1080420,土地1建物1車位0,一層,7,店面(店鋪),住商用,鋼筋混凝土造,0820109,40.24,2,1,2,有,無,有,12000,298,,0.0,0,,RPRNMLQLMHOFFAU57CC
花蓮市,房地(土地+建物),花蓮縣花蓮市富國路１４號七樓之一,19.89,住,,,1080421,土地1建物1車位0,七層,7,華廈(10層含以下有電梯),住家用,鋼筋混凝土造,0820920,140.25,3,2,1,有,無,有,9500,68,,0.0,0,,RPQOMLQLMHOFFAU57CC
吉安鄉,房地(土地+建物),花蓮縣吉安鄉慶豐六街１６５號１樓,49.5,住,,,1080424,土地1建物1車位0,全,2,透天厝,住家用,鋼筋混凝土造,0740813,54.6,0,0,1,有,無,無,10000,183,,0.0,0,,RPROMLQLMHOFFAU67CC
花蓮市,房地(土地+建物),花蓮縣花蓮市中正路４２０號,93.0,商,,,1080418,土地1建物1車位0,見其他登記事項,3,店面(店鋪),住家用,鋼筋混凝土造,1060215,232.07,2,2,3,有,無,無,40000,172,,0.0,0,,RPVNMLTLMHOFFAU28CC
花蓮市,建物,花蓮縣花蓮市國民八街７０號,0.0,商,,,1080402,土地0建物1車位0,四層,4,套房(1房1廳1衛),住商用,鋼筋混凝土造,0720608,40.0,1,1,1,有,無,有,12000,300,,0.0,0,,RPROMLTLMHOFFAU97CC
花蓮市,建物,花蓮縣花蓮市國盛五街３８號,0.0,住,,,1080403,土地0建物1車位0,三層,2,套房(1房1廳1衛),住商用,鋼筋混凝土加強磚造,0690331,20.0,1,1,1,有,無,有,6000,300,,0.0,0,,RPSOMLTLMHOFFAU08CC
花蓮市,建物,花蓮縣花蓮市福建街１９０巷６號,0.0,住,,,1080410,土地0建物1車位0,二層,2,套房(1房1廳1衛),住家用,鋼筋混凝土造,0640722,23.0,1,1,1,有,無,有,7500,326,,0.0,0,,RPTOMLTLMHOFFAU18CC
花蓮市,房地(土地+建物),花蓮縣花蓮市博愛街５６號六樓之一,19.56,商,,,1080402,土地1建物1車位0,六層,7,華廈(10層含以下有電梯),住家用,鋼筋混凝土造,0831006,154.95,4,1,2,有,有,無,16000,103,,0.0,0,,RPXNMLKMMHOFFAU67CC
吉安鄉,房地(土地+建物),花蓮縣吉安鄉荳蘭六街１１號,90.0,住,,,1080403,土地1建物1車位0,全,2,透天厝,住商用,鋼筋混凝土加強磚造,0671227,109.0,3,2,2,有,無,有,13000,119,,0.0,0,,RPOOMLKMMHOFFAU86CC
吉安鄉,房地(土地+建物),花蓮縣吉安鄉吉昌二街３１８號,109.0,住,,,1080410,土地1建物1車位0,全,3,透天厝,住家用,鋼筋混凝土造,1020207,199.78,4,2,3,有,無,有,22000,110,,0.0,0,,RPPOMLKMMHOFFAU96CC
花蓮市,房地(土地+建物),花蓮縣花蓮市中華路３３６號,37.5,住,,,1080411,土地1建物1車位0,一層,4,店面(店鋪),住商用,鋼筋混凝土造,0860209,77.24,0,0,1,有,無,無,15000,194,,0.0,0,出租一樓店面,RPQOMLKMMHOFFAU07CC
花蓮市,房地(土地+建物),花蓮縣花蓮市中福路１４５巷１５號,70.0,住,,,1080415,土地1建物1車位0,全,1,透天厝,住家用,磚造,0600816,56.98,2,1,1,有,無,有,10000,176,,0.0,0,,RPROMLKMMHOFFAU17CC
吉安鄉,土地,華興段851-1地號,409.19,,特定農業區,農牧用地,1080405,土地2建物0車位0,,,其他,,,,0.0,0,0,0,有,無,無,9000,22,,0.0,0,,RPVNMLMJNHOFFAU47CC
花蓮市,建物,花蓮縣花蓮市國民九街７７號３樓,0.0,住,,,1080501,土地0建物0車位0,一層,5,套房(1房1廳1衛),住商用,鋼筋混凝土造,0740319,20.0,1,0,1,有,無,有,5000,250,,0.0,0,,RPPOMLMJNHOFFAU96CC
花蓮市,房地(土地+建物),花蓮縣花蓮市國盛四街６３巷１０號,130.0,住,,,1080405,土地1建物1車位0,全,3,透天厝,住家用,鋼筋混凝土造,0941011,151.11,3,2,3,有,無,有,15000,99,,0.0,0,,RPUNMLMJNHOFFAU47DC
花蓮市,房地(土地+建物),花蓮縣花蓮市自強路６５２號,110.0,住,,,1080405,土地1建物1車位0,見其他登記事項,3,店面(店鋪),住商用,鋼筋混凝土造,0771123,228.75,4,2,3,有,無,有,23000,101,,0.0,0,,RPQNMLNJNHOFFAU07CC
花蓮市,建物,花蓮縣花蓮市和平路５９３號,0.0,住,,,1080429,土地0建物0車位0,全,4,透天厝,住商用,鋼筋混凝土造,0940124,18.46,1,0,1,有,無,有,8000,433,,0.0,0,,RPRNMLQJNHOFFAU57DC
花蓮市,房地(土地+建物),花蓮縣花蓮市中正路６３０號,40.0,住,,,1080506,土地1建物1車位0,全,4,透天厝,住商用,鋼筋混凝土造,0870112,153.99,5,2,3,有,無,有,20000,130,,0.0,0,,RPQNMLRJNHOFFAU57DC
壽豐鄉,房地(土地+建物),花蓮縣壽豐鄉池南路１段１３６號,285.27,其他,,,1080506,土地1建物1車位0,全,1,透天厝,見其他登記事項,見其他登記事項,0960816,90.27,1,2,2,有,無,有,16000,177,,0.0,0,,RPTNMLRJNHOFFAU87DC
花蓮市,房地(土地+建物),花蓮縣花蓮市國興五街６３號４樓之７,21.53,住,,,1080502,土地1建物1車位0,四層,7,華廈(10層含以下有電梯),住家用,鋼筋混凝土造,0840114,115.58,2,2,2,有,有,有,9000,78,,0.0,0,,RPVNMLRJNHOFFAU97CC
花蓮市,房地(土地+建物),花蓮縣花蓮市福建一街２０號,85.5,住,,,1080504,土地1建物1車位0,全,1,透天厝,住家用,木造,0410101,85.5,3,2,1,有,無,有,10000,117,,0.0,0,,RPWNMLRJNHOFFAU08CC
花蓮市,房地(土地+建物),花蓮縣花蓮市林森路３６１巷４弄１２號,63.0,住,,,1080504,土地1建物1車位0,全,2,透天厝,住家用,鋼筋混凝土加強磚造,0621207,46.35,2,1,1,有,無,有,12000,259,,0.0,0,,RPQOMLRJNHOFFAU57CC
花蓮市,房地(土地+建物),花蓮縣花蓮市榮正街９６號四樓,8.49,住,,,1080501,土地1建物1車位0,四層,10,華廈(10層含以下有電梯),住家用,鋼筋混凝土造,0890807,104.12,3,2,2,有,無,有,20000,192,,0.0,0,,RPROMLRJNHOFFAU67CC
吉安鄉,房地(土地+建物),花蓮縣吉安鄉自強路４７４號,189.55,其他,,,1080508,土地2建物1車位0,見其他登記事項,2,店面(店鋪),住工用,鋼筋混凝土加強磚造,0681003,120.5,3,3,3,有,無,無,23000,191,,0.0,0,,RPUNMLTJNHOFFAU08CC
花蓮市,房地(土地+建物),花蓮縣花蓮市國民五街５３號３樓之５,28.42,住,,,1080508,土地1建物1車位0,三層,5,公寓(5樓含以下無電梯),住家用,鋼筋混凝土造,0840124,43.480000000000004,1,0,1,有,有,有,5500,126,,0.0,0,,RPRNMLTJNHOFFAU87DC
新城鄉,建物,花蓮縣新城鄉民族路７３號,0.0,商,,,1080507,土地0建物0車位0,二層,5,店面(店鋪),住家用,鋼筋混凝土造,1070514,27.14,1,0,1,有,無,有,7500,276,,0.0,0,,RPSNMLKKNHOFFAU07CC
新城鄉,建物,花蓮縣新城鄉民族路７３號,0.0,商,,,1080507,土地0建物0車位0,三層,5,店面(店鋪),住家用,鋼筋混凝土造,1070514,27.14,1,0,1,有,無,有,7500,276,,0.0,0,,RPUNMLKKNHOFFAU27CC
新城鄉,建物,花蓮縣新城鄉民族路７３號,0.0,商,,,1080507,土地0建物0車位0,四層,5,店面(店鋪),住家用,鋼筋混凝土造,1070514,40.26,1,0,1,有,無,有,8500,211,,0.0,0,,RPXNMLKKNHOFFAU57CC
