﻿編號,土地位置,土地移轉面積平方公尺,使用分區或編定,權利人持分分母,權利人持分分子,移轉情形,地號
The serial number, land position,land shifting area square meter,the use zoning or compiles and checks,,,,land parcel
RPPNMLNKNHOFFBV07CA,北都蘭段,2000.00,非都市：風景區 ; 非都市編定：農牧用地,2,1,持分移轉,03090001
RPPNMLNKNHOFFBV07CA,北都蘭段,2000.00,非都市：風景區 ; 非都市編定：農牧用地,2,1,持分移轉,03090001
RPPNMLMLMHOFFAV96DA,牧場段,1435.81,非都市：一般農業區 ; 非都市編定：農牧用地,1,1,全筆移轉,01850000
RPQNMLTKMHOFFAV67DA,新生段,340.00,都市：其他:公共設施保留地,6,1,持分移轉,08050000
RPPNMLOLMHOFFDV37CA,秀山段,10.39,都市：其他:出租旅館區,10000,9,持分移轉,07230000
RPPNMLOLMHOFFDV37CA,秀山段,.00,都市：其他:道路用地,10000,9,持分移轉,07230001
RPRNMLTLMHOFFBV87CA,玉長段,300.57,非都市：風景區 ; 非都市編定：農牧用地,1,1,全筆移轉,08970000
RPRNMLTLMHOFFBV87CA,玉長段,2081.33,非都市：風景區 ; 非都市編定：農牧用地,1,1,全筆移轉,10170000
RPRNMLOLMHOFFBV47DA,和平北段,901.73,非都市：風景區 ; 非都市編定：農牧用地,1,1,全筆移轉,02120000
RPRNMLOLMHOFFBV47DA,和平北段,230.98,非都市：風景區 ; 非都市編定：農牧用地,1,1,全筆移轉,02120002
RPPNMLQLMHOFFAV37DA,台東段,85.00,都市：住,1,1,全筆移轉,01000002
RPSNMLQLMHOFFAV67DA,台東段,26.00,都市：住,1,1,全筆移轉,01710021
RPSNMLQLMHOFFAV67DA,台東段,29.00,都市：住,1,1,全筆移轉,01710022
RPSNMLQLMHOFFAV67DA,台東段,3.00,都市：住,1,1,全筆移轉,01710051
RPQNMLKMMHOFFCV07CA,霧鹿段,887.00,非都市：森林區 ; 非都市編定：農牧用地,1,1,全筆移轉,03660000
RPQNMLKMMHOFFCV07CA,霧鹿段,503.00,非都市：鄉村區 ; 非都市編定：乙種建築用地,1,1,全筆移轉,03660001
RPPNMLPLMHOFFCV37CA,加拿段,760.00,非都市：山坡地保育區 ; 非都市編定：農牧用地,1,1,全筆移轉,03800009
RPQNMLPLMHOFFCV47CA,德高段,30.53,非都市：特定農業區 ; 非都市編定：甲種建築用地,3,1,持分移轉,10120000
RPQNMLPLMHOFFCV47CA,德高段,30.53,非都市：特定農業區 ; 非都市編定：甲種建築用地,3,1,持分移轉,10120000
RPQNMLPLMHOFFCV47CA,德高段,30.53,非都市：特定農業區 ; 非都市編定：甲種建築用地,3,1,持分移轉,10120000
RPQNMLPLMHOFFCV47CA,德高段,21.79,非都市：特定農業區 ; 非都市編定：甲種建築用地,3,1,持分移轉,10130000
RPQNMLPLMHOFFCV47CA,德高段,21.79,非都市：特定農業區 ; 非都市編定：甲種建築用地,3,1,持分移轉,10130000
RPQNMLPLMHOFFCV47CA,德高段,21.79,非都市：特定農業區 ; 非都市編定：甲種建築用地,3,1,持分移轉,10130000
RPQNMLPLMHOFFCV47CA,德高段,17.07,非都市：特定農業區 ; 非都市編定：甲種建築用地,3,1,持分移轉,10140000
RPQNMLPLMHOFFCV47CA,德高段,17.07,非都市：特定農業區 ; 非都市編定：甲種建築用地,3,1,持分移轉,10140000
RPQNMLPLMHOFFCV47CA,德高段,17.07,非都市：特定農業區 ; 非都市編定：甲種建築用地,3,1,持分移轉,10140000
RPQNMLPLMHOFFCV47CA,德高段,19.86,非都市：鄉村區 ; 非都市編定：乙種建築用地,3,1,持分移轉,10150000
RPQNMLPLMHOFFCV47CA,德高段,19.86,非都市：鄉村區 ; 非都市編定：乙種建築用地,3,1,持分移轉,10150000
RPQNMLPLMHOFFCV47CA,德高段,19.86,非都市：鄉村區 ; 非都市編定：乙種建築用地,3,1,持分移轉,10150000
RPQNMLPLMHOFFCV47CA,德高段,16.04,非都市：鄉村區 ; 非都市編定：乙種建築用地,3,1,持分移轉,10150001
RPQNMLPLMHOFFCV47CA,德高段,16.04,非都市：鄉村區 ; 非都市編定：乙種建築用地,3,1,持分移轉,10150001
RPQNMLPLMHOFFCV47CA,德高段,16.04,非都市：鄉村區 ; 非都市編定：乙種建築用地,3,1,持分移轉,10150001
RPRNMLQLMHOFFDV77CA,秀山段,8.08,都市：其他:旅?用地,10000,7,持分移轉,07230000
RPPNMLTLMHOFFDV87CA,秀山段,1.15,都市：其他:出租旅館區,10000,1,持分移轉,07230000
RPRNMLQLMHOFFDV77CA,秀山段,.00,都市：其他:道路用地,10000,7,持分移轉,07230001
RPPNMLTLMHOFFDV87CA,秀山段,.00,都市：其他:道路用地,10000,1,持分移轉,07230001
RPSNMLTLMHOFFBV97CA,城山段彭仔存小段,6169.00,非都市：風景區 ; 非都市編定：農牧用地,1,1,全筆移轉,00570005
RPPNMLTLMHOFFBV67CA,忠智段,1.79,都市：住,1,1,全筆移轉,00730001
RPPNMLTLMHOFFBV67CA,忠智段,90.96,都市：住,1,1,全筆移轉,00730006
RPPNMLTLMHOFFBV67CA,忠智段,8.40,都市：住,1,1,全筆移轉,00770002
RPPNMLNJNHOFFAV96DA,新生段,14.89,都市：住,10000,60,持分移轉,00440000
RPTNMLPLMHOFFAV67DA,建國段,88.00,都市：住,1,1,全筆移轉,04050000
RPQNMLTLMHOFFDV97CA,秀山段,6.75,都市：商,10000,126,持分移轉,09240000
RPPNMLPJNHOFFAV07CA,康樂段,465.00,非都市：特定農業區 ; 非都市編定：農牧用地,1,1,全筆移轉,04850000
RPQNMLMJNHOFFAV86CA,新生段,276.00,都市：住,1,1,全筆移轉,16900008
RPQNMLMJNHOFFAV86CA,新生段,74.00,都市：其他:道路,1,1,全筆移轉,16900014
RPQNMLMJNHOFFAV86CA,新生段,33.00,都市：住,1,1,全筆移轉,16900019
RPQNMLMJNHOFFAV86CA,新生段,44.00,都市：住,1,1,全筆移轉,16900020
RPQNMLMJNHOFFAV86CA,新生段,28.00,都市：住,1,1,全筆移轉,16900021
RPTNMLMJNHOFFAV17CA,鎮樂段,3820.00,非都市：山坡地保育區 ; 非都市編定：農牧用地,1,1,全筆移轉,07090000
RPPNMLKMMHOFFDV07CA,秀山段,8.08,都市：其他:旅館區,10000,7,持分移轉,07230000
RPPNMLKMMHOFFDV07CA,秀山段,.00,都市：其他:旅館區,10000,7,持分移轉,07230001
RPQNMLKMMHOFFDV17CA,秀山段,8.08,都市：其他:旅館區,10000,7,持分移轉,07230000
RPQNMLKMMHOFFDV17CA,秀山段,.00,都市：其他:旅館區,10000,7,持分移轉,07230001
RPPNMLQJNHOFFCV37CA,福文段,3438.72,都市：農,1,1,全筆移轉,00910000
RPQNMLLJNHOFFCV96CA,大池段,120.30,非都市：鄉村區 ; 非都市編定：乙種建築用地,1,1,全筆移轉,07750000
RPUNMLMJNHOFFAV27CA,興安段,102.45,都市：住,1,1,全筆移轉,01300000
RPRNMLMJNHOFFAV96CA,台東段,1.00,都市：住,1,1,全筆移轉,06540827
RPRNMLMJNHOFFAV96CA,台東段,17.00,都市：住,1,1,全筆移轉,06540826
RPRNMLMJNHOFFAV96CA,台東段,16.00,都市：住,1,1,全筆移轉,06540229
RPRNMLMJNHOFFAV96CA,台東段,172.00,都市：住,1,1,全筆移轉,06540243
RPRNMLMJNHOFFAV96CA,台東段,1.00,都市：住,1,1,全筆移轉,06540772
RPRNMLMJNHOFFAV96CA,台東段,1.00,都市：住,1,1,全筆移轉,06540840
RPRNMLTKMHOFFAV67CA,德安段,68.65,都市：其他:道路用地,1,1,全筆移轉,00430000
RPPNMLTKMHOFFAV47CA,下南寮段,234.19,都市：其他:旅遊服務區,1,1,全筆移轉,03960000
RPRNMLTKMHOFFAV67CA,德安段,.27,都市：其他:河川區,1,1,全筆移轉,00430001
RPPNMLTKMHOFFAV47CA,下南寮段,12.42,都市：其他:道路,1,1,全筆移轉,03960001
RPRNMLTKMHOFFAV67CA,德安段,.04,都市：住,1,1,全筆移轉,00430002
RPPNMLTKMHOFFAV47CA,下南寮段,238.89,都市：其他:旅遊服務區,1,1,全筆移轉,03980000
RPPNMLRKMHOFFAV27CA,建華段,20.80,都市：住,1,1,全筆移轉,08320000
RPPNMLTKMHOFFAV47CA,下南寮段,20.61,都市：其他:道路,1,1,全筆移轉,03980001
RPPNMLRKMHOFFAV27CA,建華段,7.09,都市：其他:道路用地,1,1,全筆移轉,08380000
RPOOMLQKMHOFFAV17CA,豐成段,284.14,非都市：特定農業區 ; 非都市編定：農牧用地,1,1,全筆移轉,02920000
RPPNMLMJNHOFFCV07DA,鸞山段,1980.00,非都市：山坡地保育區 ; 非都市編定：農牧用地,1,1,全筆移轉,04890000
RPPNMLNKNHOFFDV27CA,拉力坂段,15990.00,非都市：山坡地保育區 ; 非都市編定：農牧用地,1,1,全筆移轉,03490000
RPPNMLKKNHOFFDV96CA,秀山段,8.08,都市：其他:旅館區,10000,7,持分移轉,07230000
RPPNMLKKNHOFFDV96CA,秀山段,.00,都市：其他:道路用地,10000,7,持分移轉,07230001
RPPNMLMJNHOFFBV86CA,新竹湖段,2.41,非都市：鄉村區 ; 非都市編定：乙種建築用地,4,1,持分移轉,08120002
RPPNMLMJNHOFFBV86CA,新竹湖段,2.41,非都市：鄉村區 ; 非都市編定：乙種建築用地,4,1,持分移轉,08120002
RPPNMLMJNHOFFBV86CA,新竹湖段,2.41,非都市：鄉村區 ; 非都市編定：乙種建築用地,4,1,持分移轉,08120002
RPPNMLMJNHOFFBV86CA,新竹湖段,2.41,非都市：鄉村區 ; 非都市編定：乙種建築用地,4,1,持分移轉,08120002
RPRNMLPJNHOFFAV27CA,普優瑪段,1912.57,都市：農,1,1,全筆移轉,11480000
RPXOMLTLMHOFFAV48CA,新生段,2.00,都市：住,1,1,全筆移轉,06660000
RPOOMLLJNHOFFAV66CA,台東段,76.00,都市：住,1,1,全筆移轉,00040421
RPQNMLPJNHOFFAV17CA,南清段,538.74,都市：農,6,1,持分移轉,01030000
RPQNMLPJNHOFFAV17CA,南清段,538.74,都市：農,6,1,持分移轉,01030000
RPQNMLPJNHOFFAV17CA,南清段,538.74,都市：農,6,1,持分移轉,01030000
RPQNMLPJNHOFFAV17CA,南清段,1616.20,都市：農,6,3,持分移轉,01030000
RPSNMLNJNHOFFAV17CA,台東段,526.00,都市：住,1,1,全筆移轉,05410014
RPRNMLNJNHOFFAV07CA,中清段,397.16,都市：其他:道路用地,1,1,全筆移轉,02410000
RPQNMLNJNHOFFAV96CA,美濃段,229.27,非都市：山坡地保育區 ; 非都市編定：丙種建築用地,1,1,全筆移轉,04880001
RPUNMLNJNHOFFAV37CA,豐年段,5.50,都市：住,10000,11,持分移轉,00270000
RPPNMLOJNHOFFAV96CA,岩灣段,225.55,都市：住,1,1,全筆移轉,01260000
RPPNMLQJNHOFFAV17CA,公舘西段,468.29,都市：農,1,1,全筆移轉,07240000
RPQNMLQJNHOFFAV27CA,豐谷段,115.06,都市：住,1,1,全筆移轉,00520008
RPSNMLQJNHOFFAV47CA,豐年段,85.93,都市：住,1,1,全筆移轉,10240000
RPPNMLSJNHOFFDV67CA,秀山段,6.35,都市：其他:旅館區,20000,11,持分移轉,07230000
RPPNMLSJNHOFFDV67CA,秀山段,6.35,都市：其他:旅館區,20000,11,持分移轉,07230000
RPPNMLNLNHOFFBV17CA,高原段,4922.00,非都市：森林區 ; 非都市編定：農牧用地,1,1,全筆移轉,28620000
RPPNMLRJNHOFFCV47CA,大池段,173.57,非都市：鄉村區 ; 非都市編定：乙種建築用地,1,1,全筆移轉,09120000
RPPNMLRJNHOFFCV47CA,大池段,46.42,非都市：鄉村區 ; 非都市編定：乙種建築用地,1,1,全筆移轉,09140000
RPQNMLNJNHOFFBV17DA,高原段,820.00,非都市：森林區 ; 非都市編定：農牧用地,1,1,全筆移轉,03100001
RPQNMLNJNHOFFBV17DA,高原段,2042.00,非都市：森林區 ; 非都市編定：農牧用地,1,1,全筆移轉,03120000
RPRNMLKMMHOFFDV37DA,拉力坂段,9160.00,非都市：山坡地保育區 ; 非都市編定：林業用地,6,4,持分移轉,02960000
RPPNMLRJNHOFFDV67DA,秀山段,10.39,都市：其他:出租旅館區,10000,9,持分移轉,07230000
RPPNMLRJNHOFFDV67DA,秀山段,.00,都市：其他:道路用地,10000,9,持分移轉,07230001
RPPNMLSJNHOFFCV67DA,福原段,3.46,都市：住,1,1,全筆移轉,04730000
RPQNMLKKNHOFFDV07CA,秀山段,.70,都市：其他:出租旅館區,10000,61,持分移轉,03470000
RPQNMLKKNHOFFDV07CA,秀山段,9.25,都市：其他:出租旅館區,10000,61,持分移轉,03470001
RPPNMLRLNHOFFCV67CA,豐泉段,213.09,都市：住,139667,21309,持分移轉,01880000
RPRNMLTJNHOFFAV67CA,旭川段,3309.62,非都市：特定農業區 ; 非都市編定：農牧用地,1,1,全筆移轉,08760000
RPUNMLKKNHOFFAV17CA,公舘西段,370.73,都市：住,1,1,全筆移轉,03800000
RPSNMLTJNHOFFAV77CA,建樂段,6.39,都市：住,10000,26,持分移轉,04840000
RPSNMLTJNHOFFAV77CA,建樂段,.02,都市：住,10000,26,持分移轉,04840001
RPUNMLOLMHOFFAV57CA,中正段,5.00,都市：住,1,1,全筆移轉,04830000
RPRNMLQLMHOFFAV47CA,建業段,.18,都市：住,1,1,全筆移轉,00490001
RPRNMLQLMHOFFAV47CA,建業段,138.42,都市：住,1,1,全筆移轉,00490002
RPUNMLOLNHOFFAV67CA,馬蘭段,89.00,都市：住,1,1,全筆移轉,18230005
RPOOMLOLNHOFFAV17CA,豐樂段,99.00,都市：住,1,1,全筆移轉,30970000
RPPNMLKKNHOFFAV66CA,豐年段,68.62,都市：住,10000,278,持分移轉,00120001
RPOOMLKKNHOFFAV66CA,興安段,184.39,都市：住,1,1,全筆移轉,03330000
RPRNMLNKNHOFFAV17CA,永清段,158.40,都市：住,1,1,全筆移轉,08620000
RPPOMLNKNHOFFAV07CA,常德段,107.13,都市：商,1,1,全筆移轉,07280001
RPXNMLNKNHOFFAV77CA,下賓朗段,139.15,非都市：一般農業區 ; 非都市編定：甲種建築用地,1,1,全筆移轉,13390000
RPXNMLNKNHOFFAV77CA,下賓朗段,4.78,非都市：一般農業區 ; 非都市編定：甲種建築用地,1,1,全筆移轉,13400000
RPQNMLOKNHOFFAV17CA,馬蘭段,61.50,都市：住,2,1,持分移轉,16210010
RPQNMLOKNHOFFAV17CA,馬蘭段,61.50,都市：住,2,1,持分移轉,16210010
RPPNMLPKNHOFFAV17CA,豐田段,189.00,都市：住,1,1,全筆移轉,14970008
RPPNMLPKNHOFFAV17CA,豐田段,12.00,都市：住,1,1,全筆移轉,14970030
RPPNMLPKNHOFFAV17CA,豐田段,190.00,都市：住,1,1,全筆移轉,14970036
RPPNMLPKNHOFFAV17CA,豐田段,86.00,都市：住,1,1,全筆移轉,14970037
RPUNMLLLNHOFFAV37CA,台東段,66.00,都市：住,200,66,持分移轉,15750000
RPPNMLOKLHOFFDV27DA,台坂段,10010.00,非都市：山坡地保育區 ; 非都市編定：農牧用地,1,1,全筆移轉,00070000
RPPNMLOKLHOFFDV27DA,台坂段,6440.00,非都市：山坡地保育區 ; 非都市編定：農牧用地,1,1,全筆移轉,00090000
RPPNMLPKLHOFFDV27CA,秀山段,12.70,都市：其他:旅館區,10000,11,持分移轉,07230000
RPPNMLPKLHOFFDV27CA,秀山段,.00,都市：其他:旅館區,10000,11,持分移轉,07230001
RPPNMLTKLHOFFCV57CA,中和段,1611.94,非都市：一般農業區 ; 非都市編定：農牧用地,1,1,全筆移轉,07190000
RPQNMLPKLHOFFBV17CA,忠智段,123.43,都市：其他:部分道路用地部分住宅區,1,1,全筆移轉,01240000
RPQNMLKMNHOFFAV96CA,常德段,102.00,都市：住,1,1,全筆移轉,02380000
RPWOMLKMNHOFFAV67CA,台東段,69.00,都市：住,1,1,全筆移轉,00040529
RPXNMLKMNHOFFAV67CA,常德段,74.71,都市：住,1,1,全筆移轉,09460000
RPTNMLKMNHOFFAV27CA,普優瑪段,81.26,都市：農,1,1,全筆移轉,11810002
RPPOMLKMNHOFFAV96CA,利家段,2039.00,非都市：特定農業區 ; 非都市編定：農牧用地,1,1,全筆移轉,84010000
RPRNMLPKLHOFFBV27CA,忠智段,17.33,都市：住,1,1,全筆移轉,01260002
RPPOMLKMNHOFFAV96CA,利家段,136.00,非都市：特定農業區 ; 非都市編定：甲種建築用地,1,1,全筆移轉,84010001
RPUNMLKMNHOFFAV37CA,普優瑪段,255.42,都市：農,1,1,全筆移轉,11940005
RPOOMLKMNHOFFAV86CA,豐航段,106.40,都市：住,1,1,全筆移轉,07950012
RPQNMLPKLHOFFDV37CA,秀山段,8.08,都市：其他:旅館區,10000,7,持分移轉,07230000
RPQNMLPKLHOFFDV37CA,秀山段,.00,都市：其他:旅館區,10000,7,持分移轉,07230001
RPQNMLTLLHOFFCV77CA,水井段,426.22,非都市：鄉村區 ; 非都市編定：乙種建築用地,1,1,全筆移轉,10950001
RPQNMLTLLHOFFCV77CA,水井段,57.93,非都市：鄉村區 ; 非都市編定：乙種建築用地,1,1,全筆移轉,10960001
RPQNMLTLLHOFFCV77CA,水井段,49.84,非都市：鄉村區 ; 非都市編定：乙種建築用地,1,1,全筆移轉,10960002
RPPNMLMLLHOFFBV86CA,小湊段美山小段,1080.00,非都市：風景區 ; 非都市編定：農牧用地,1,1,全筆移轉,06950000
RPPNMLMLLHOFFBV86CA,小湊段美山小段,560.00,非都市：風景區 ; 非都市編定：農牧用地,1,1,全筆移轉,06960000
RPPNMLMLLHOFFBV86CA,小湊段美山小段,3500.00,非都市：風景區 ; 非都市編定：農牧用地,1,1,全筆移轉,06970000
RPPNMLMLLHOFFBV86CA,小湊段美山小段,810.00,非都市：風景區 ; 非都市編定：農牧用地,1,1,全筆移轉,06980000
RPPNMLMLLHOFFBV86CA,小湊段美山小段,3990.00,非都市：風景區 ; 非都市編定：農牧用地,1,1,全筆移轉,07020000
RPRNMLSKLHOFFDV77CA,蘭里段,68.70,非都市：鄉村區 ; 非都市編定：乙種建築用地,1,1,全筆移轉,10280000
RPPNMLLLLHOFFDV96CA,秀山段,17.31,都市：其他:旅店區,10000,15,持分移轉,07230000
RPPNMLLLLHOFFDV96CA,秀山段,.00,都市：其他:旅店區,10000,15,持分移轉,07230001
RPPNMLMLLHOFFAV86DA,台東段,148.00,都市：商,1,1,全筆移轉,04790027
RPPNMLLLLHOFFCV86CA,慶福段,118.39,都市：住,1,1,全筆移轉,06870008
RPRNMLTLLHOFFCV87CA,大同段,132.65,都市：住,1,1,全筆移轉,01330001
RPPNMLKKMHOFFCV76CA,月野段,42.00,非都市：鄉村區 ; 非都市編定：乙種建築用地,1,1,全筆移轉,12840004
RPPNMLKKMHOFFCV76CA,月野段,476.00,非都市：鄉村區 ; 非都市編定：乙種建築用地,1,1,全筆移轉,12880001
RPQNMLQLLHOFFCV47CA,北庄段,3000.00,非都市：一般農業區 ; 非都市編定：農牧用地,1,1,全筆移轉,02530000
RPQNMLQLLHOFFCV47CA,北庄段,3000.00,非都市：一般農業區 ; 非都市編定：農牧用地,1,1,全筆移轉,02530001
RPPNMLQLLHOFFCV37CA,北庄段,3242.00,非都市：一般農業區 ; 非都市編定：農牧用地,1,1,全筆移轉,02530002
RPPNMLSLLHOFFBV47CA,北都蘭段,40.28,非都市：風景區 ; 非都市編定：交通用地,5,1,持分移轉,08110000
RPPNMLSLLHOFFBV47CA,北都蘭段,40.28,非都市：風景區 ; 非都市編定：交通用地,5,1,持分移轉,08110000
RPPNMLSLLHOFFBV47CA,北都蘭段,40.28,非都市：風景區 ; 非都市編定：交通用地,5,1,持分移轉,08110000
RPPNMLSLLHOFFBV47CA,北都蘭段,40.28,非都市：風景區 ; 非都市編定：交通用地,5,1,持分移轉,08110000
RPPNMLSLLHOFFBV47CA,北都蘭段,40.28,非都市：風景區 ; 非都市編定：交通用地,5,1,持分移轉,08110000
RPPNMLRLLHOFFDV57CA,秀山段,10.39,都市：其他:旅館區,10000,9,持分移轉,07230000
RPPNMLRLLHOFFDV57CA,秀山段,.00,都市：其他:旅館區,10000,9,持分移轉,07230001
RPRNMLSLLHOFFDV87CA,秀山段,8.36,都市：其他:,10000,26,持分移轉,07280000
RPPNMLRLLHOFFCV47CA,豐泉段,184.53,都市：住,1,1,全筆移轉,07870001
RPQNMLTKLHOFFAV47CA,豐利段,32.69,都市：住,1,1,全筆移轉,07780000
RPQNMLTKLHOFFAV47CA,豐利段,14.87,都市：住,1,1,全筆移轉,07780001
RPRNMLKLLHOFFAV76CA,自強段,114.00,都市：住,1,1,全筆移轉,02020001
RPPNMLLJMHOFFDV96DA,安朔段,7675.00,非都市：山坡地保育區 ; 非都市編定：農牧用地,1,1,全筆移轉,03840000
RPQNMLLLLHOFFAV76CA,石川段,22.25,非都市：風景區 ; 非都市編定：丙種建築用地,40,1,持分移轉,02000000
RPQNMLLLLHOFFAV76CA,石川段,83.92,非都市：風景區 ; 非都市編定：丙種建築用地,1,1,全筆移轉,02310000
RPRNMLMLMHOFFAV07CA,豐樂段,1200.00,非都市：特定農業區 ; 非都市編定：農牧用地,1,1,全筆移轉,26670000
RPRNMLMLMHOFFAV07CA,豐樂段,1200.00,非都市：特定農業區 ; 非都市編定：農牧用地,1,1,全筆移轉,26680000
RPRNMLMLMHOFFAV07CA,豐樂段,1456.00,非都市：特定農業區 ; 非都市編定：農牧用地,1,1,全筆移轉,26690000
RPPNMLLJMHOFFAV66DA,鎮樂段,3178.67,非都市：山坡地保育區 ; 非都市編定：農牧用地,3,1,持分移轉,03700000
RPSNMLMLMHOFFAV27DA,豐年段,19.00,都市：住,10000,38,持分移轉,00270000
RPQNMLSLLHOFFAV47CA,射馬干段,1435.41,非都市：特定農業區 ; 非都市編定：農牧用地,1,1,全筆移轉,08300000
RPSNMLRLLHOFFAV57CA,常德段,120.06,都市：住,1,1,全筆移轉,05360000
RPSNMLRLLHOFFAV57CA,常德段,188.78,都市：住,1,1,全筆移轉,05530000
RPSNMLRLLHOFFAV57CA,常德段,196.85,都市：住,1,1,全筆移轉,05560000
RPSNMLRLLHOFFAV57CA,常德段,101.99,都市：住,1,1,全筆移轉,05590000
RPVNMLPLLHOFFAV67CA,常德段,12.91,都市：住,10000,68,持分移轉,07520000
RPWNMLRLLHOFFAV97CA,北南王段,62.98,都市：住,1,1,全筆移轉,04360000
RPPNMLSLLHOFFAV37CA,知本段,1250.00,非都市：特定農業區 ; 非都市編定：農牧用地,2,1,持分移轉,83670002
RPVNMLRJLHOFFAV67CA,利家段,4715.00,非都市：山坡地保育區 ; 非都市編定：農牧用地,1,1,全筆移轉,06030268
RPWNMLRJLHOFFAV77CA,利家段,755.00,非都市：特定農業區 ; 非都市編定：農牧用地,1,1,全筆移轉,67820002
RPSNMLSLLHOFFDV08DA,土坂段,10315.00,非都市：山坡地保育區 ; 非都市編定：林業用地,2,1,持分移轉,03350000
RPPNMLMJMHOFFCV86CA,慶福段,70.77,都市：住,3,1,持分移轉,06650000
RPPNMLMJMHOFFCV86CA,慶福段,1.34,都市：住,3,1,持分移轉,06670000
RPRNMLLJMHOFFBV86CA,小馬東段,238.31,非都市：風景區 ; 非都市編定：丙種建築用地,1,1,全筆移轉,04660000
RPQNMLTLLHOFFAV57CA,常德段,49.65,都市：其他:道路地,1000,176,持分移轉,05210000
RPQNMLTLLHOFFAV57CA,常德段,69.49,都市：住,1,1,全筆移轉,05220000
RPTNMLMJMHOFFAV07CA,知本段,150.00,非都市：特定農業區 ; 非都市編定：甲種建築用地,1,1,全筆移轉,81100002
RPSNMLLJMHOFFAV86CA,利家段,136.00,非都市：山坡地保育區 ; 非都市編定：丙種建築用地,1,1,全筆移轉,02060000
RPSNMLLJMHOFFAV86CA,利家段,286.00,非都市：山坡地保育區 ; 非都市編定：農牧用地,1,1,全筆移轉,02070000
RPUNMLLJMHOFFAV07CA,台東段,127.00,都市：住,1,1,全筆移轉,00100363
RPRNMLTLLHOFFAV67CA,豐里段,81.12,非都市：鄉村區 ; 非都市編定：乙種建築用地,2,1,持分移轉,09740000
RPRNMLTLLHOFFAV67CA,豐里段,81.12,非都市：鄉村區 ; 非都市編定：乙種建築用地,2,1,持分移轉,09740000
RPPNMLLJMHOFFBV66CA,忠智段,241.63,都市：住,1,1,全筆移轉,12220000
RPPNMLMKMHOFFAV76CA,台東段,4.00,都市：住,1,1,全筆移轉,00040630
RPPNMLMKMHOFFAV76CA,台東段,60.00,都市：住,1,1,全筆移轉,00040483
RPQNMLMJMHOFFAV86DA,南清段,139.95,都市：住,1,1,全筆移轉,09710000
RPPNMLNJMHOFFAV76CA,知本段,2992.00,非都市：特定農業區 ; 非都市編定：農牧用地,1,1,全筆移轉,78580002
RPRNMLMJMHOFFAV86CA,岩灣段,120.06,都市：住,1,1,全筆移轉,03520000
RPRNMLSJMHOFFAV47CA,豐工段,151.45,都市：工,1,1,全筆移轉,01130001
RPQNMLMLMHOFFDV37DA,秀山段,475.00,都市：其他:保護區,320000,15733,持分移轉,09690000
RPRNMLTJMHOFFCV87DA,新源段,5752.90,非都市：一般農業區 ; 非都市編定：農牧用地,1,1,全筆移轉,04810000
RPSNMLMJMHOFFAV96CA,常德段,11.03,都市：住,1,1,全筆移轉,09980000
RPQNMLMLMHOFFAV07DA,永和段,256.79,都市：住,1,1,全筆移轉,09420000
RPQNMLMLMHOFFAV07DA,永和段,65.15,都市：住,1,1,全筆移轉,09440000
RPPNMLPLMHOFFAV27DA,永清段,3.98,都市：其他:公園用地,36,1,持分移轉,04490000
RPPNMLPLMHOFFAV27DA,永清段,3.02,都市：其他:公園用地,36,1,持分移轉,04500000
RPPNMLPLMHOFFAV27DA,永清段,13.76,都市：其他:公園用地,36,1,持分移轉,04510000
RPPNMLPLMHOFFAV27DA,永清段,3.83,都市：其他:公園用地,36,1,持分移轉,04520000
RPPNMLPLMHOFFAV27DA,永清段,6.31,都市：其他:公園用地,36,1,持分移轉,04580000
RPQNMLSJMHOFFCV67DA,新福段,63.03,非都市：一般農業區 ; 非都市編定：農牧用地,1,1,全筆移轉,08030001
RPRNMLMLMHOFFDV47DA,秀山段,217.02,都市：其他:保護區,320000,7188,持分移轉,09690000
RPPNMLSJMHOFFCV47CA,月野段,903.00,非都市：特定農業區 ; 非都市編定：農牧用地,1,1,全筆移轉,22620000
RPPNMLSJMHOFFCV47CA,月野段,1149.00,非都市：特定農業區 ; 非都市編定：農牧用地,1,1,全筆移轉,22630000
RPPNMLSJMHOFFCV47CA,月野段,1379.00,非都市：特定農業區 ; 非都市編定：農牧用地,1,1,全筆移轉,22640000
RPPNMLSJMHOFFCV47CA,月野段,1322.00,非都市：特定農業區 ; 非都市編定：農牧用地,1,1,全筆移轉,22650000
RPRNMLKKMHOFFCV96CA,中福段,38.08,都市：商,1,1,全筆移轉,02820000
RPRNMLKKMHOFFCV96CA,中福段,8.57,都市：商,4,1,持分移轉,02840000
RPUNMLTJMHOFFAV87CA,中清段,1125.24,都市：住,1,1,全筆移轉,01770000
RPUNMLTJMHOFFAV87CA,中清段,16.90,都市：其他:道,1,1,全筆移轉,01770001
RPUNMLTJMHOFFAV87CA,中清段,158.88,都市：其他:道,1,1,全筆移轉,01800000
RPUNMLTJMHOFFAV87CA,中清段,5.85,都市：其他:道,1,1,全筆移轉,01800001
RPUNMLTJMHOFFAV87CA,中清段,37.84,都市：住,1,1,全筆移轉,01810000
RPRNMLNKMHOFFAV17DA,台東段,3.64,都市：住,10000,63,持分移轉,18220000
RPTNMLNKMHOFFAV37DA,台東段,3.87,都市：住,10000,67,持分移轉,18220000
RPSNMLMKMHOFFAV07CA,豐谷段,91.00,都市：住,1,1,全筆移轉,03520000
RPSNMLNKMHOFFAV27DA,台東段,5.31,都市：住,10000,92,持分移轉,18220000
RPPNMLQKMHOFFAV27DA,利家段,112.67,非都市：鄉村區 ; 非都市編定：乙種建築用地,10000,140,持分移轉,81260000
RPPNMLQKMHOFFAV27DA,利家段,19.75,非都市：鄉村區 ; 非都市編定：乙種建築用地,10000,140,持分移轉,82850000
RPPNMLRKMHOFFBV47DA,萬年段,111.00,非都市：鄉村區 ; 非都市編定：乙種建築用地,1,1,全筆移轉,02610000
RPPNMLLKMHOFFAV66CA,馬蘭段,129.00,都市：商,1,1,全筆移轉,17870002
RPWNMLTJMHOFFAV08CA,上岩灣段,2096.17,非都市：特定農業區 ; 非都市編定：農牧用地,1,1,全筆移轉,09740000
RPWNMLTJMHOFFAV08CA,上岩灣段,1976.95,非都市：特定農業區 ; 非都市編定：農牧用地,1,1,全筆移轉,09850000
RPPNMLNKMHOFFAV96DA,台東段,5.31,都市：住,10000,92,持分移轉,18220000
RPPNMLKKMHOFFAV56CA,興安段,139.81,都市：住,2,1,持分移轉,01170000
RPPNMLKKMHOFFAV56CA,興安段,139.81,都市：住,2,1,持分移轉,01170000
RPXNMLKKMHOFFAV37CA,台東段,82.00,都市：住,1,1,全筆移轉,11850012
RPSOMLTLMHOFFAV97CA,利家段,96.00,非都市：特定農業區 ; 非都市編定：甲種建築用地,1,1,全筆移轉,75900077
RPQOMLTLMHOFFAV77CA,台東段,5897.00,都市：農,1,1,全筆移轉,07750000
RPPOMLKKMHOFFAV66CA,泰安段,75.06,非都市：鄉村區 ; 非都市編定：乙種建築用地,1,1,全筆移轉,05300000
RPQNMLNKMHOFFAV07DA,台東段,3.29,都市：住,10000,57,持分移轉,18220000
RPRNMLMKMHOFFAV96CA,利家段,2513.00,非都市：特定農業區 ; 非都市編定：農牧用地,1,1,全筆移轉,69380004
RPWNMLKKMHOFFAV37DA,利卡夢段,935.98,非都市：鄉村區 ; 非都市編定：乙種建築用地,1,1,全筆移轉,02630000
RPPNMLPKMHOFFDV47DA,秀山段,10.39,都市：商,10000,9,持分移轉,07230000
RPPNMLPKMHOFFDV47DA,秀山段,.00,都市：其他:道路用地,10000,9,持分移轉,07230001
RPPNMLMKMHOFFCV96CA,大原段,1906.00,非都市：特定農業區 ; 非都市編定：農牧用地,1,1,全筆移轉,46110001
RPPNMLMKMHOFFCV96CA,大原段,133.00,非都市：特定農業區 ; 非都市編定：甲種建築用地,1,1,全筆移轉,46110002
RPPNMLMKMHOFFDV17DA,嘉蘭段,1694.00,非都市：山坡地保育區 ; 非都市編定：林業用地,1,1,全筆移轉,08440010
RPQNMLMJNHOFFCV07CA,豐泉段,162.35,都市：住,1,1,全筆移轉,12060003
RPPNMLPKMHOFFCV37DA,鸞山段,120.00,非都市：山坡地保育區 ; 非都市編定：丙種建築用地,1,1,全筆移轉,04780000
RPPNMLPKMHOFFCV37DA,鸞山段,1980.00,非都市：山坡地保育區 ; 非都市編定：農牧用地,1,1,全筆移轉,04890000
RPTOMLTLMHOFFAV08CA,東海段,145.90,都市：住,1,1,全筆移轉,07180000
RPSNMLRKMHOFFAV57CA,興安段,133.05,都市：住,1,1,全筆移轉,02660004
RPUOMLTLMHOFFAV18CA,豐榮段,37.00,都市：住,1,1,全筆移轉,04270000
RPUOMLTLMHOFFAV18CA,豐榮段,34.00,都市：住,1,1,全筆移轉,04280000
RPPNMLQKMHOFFDV47CA,泰王段,12.03,都市：其他:公共設施保留地道路用地,1,1,全筆移轉,02760000
RPPNMLQKMHOFFDV47CA,泰王段,77.84,都市：商,1,1,全筆移轉,02770000
RPQNMLRKMHOFFBV47CA,萬年段,979.00,非都市：鄉村區 ; 非都市編定：乙種建築用地,1,1,全筆移轉,09650000
RPPNMLPKMHOFFBV17CA,忠仁段,132.02,都市：住,1,1,全筆移轉,08200000
RPPNMLRKMHOFFDV57CA,蘭里段,221.15,非都市：鄉村區 ; 非都市編定：乙種建築用地,1,1,全筆移轉,12840000
RPUNMLNLMHOFFAV47CA,中山段,130.00,都市：住,1,1,全筆移轉,07930000
RPSNMLQKMHOFFAV57DA,利家段,180.00,非都市：山坡地保育區 ; 非都市編定：丙種建築用地,1,1,全筆移轉,02930014
RPTNMLQKMHOFFAV57CA,永樂段,3.00,都市：住,1,1,全筆移轉,05340005
RPPNMLSJNHOFFAV37CA,豐田段,138.80,都市：住,10000,706,持分移轉,13330003
RPQNMLQKMHOFFAV27CA,東海段,281.38,都市：住,1,1,全筆移轉,04480000
RPPNMLPKMHOFFAV07CA,豐航段,73.77,都市：住,1,1,全筆移轉,08570000
RPQNMLLJNHOFFAV76CA,台東段,311.00,都市：住,1,1,全筆移轉,01010001
RPSNMLPKMHOFFAV37CA,台東段,114.00,都市：住,1,1,全筆移轉,22690000
RPRNMLSKMHOFFAV57CA,下賓朗段,196.28,非都市：鄉村區 ; 非都市編定：乙種建築用地,1,1,全筆移轉,07500000
RPSNMLNKNHOFFAV27CA,豐聖段,793.09,都市：農,3,1,持分移轉,06740000
RPSNMLNKNHOFFAV27CA,豐聖段,267.51,都市：其他:道,3,1,持分移轉,06740001
RPSNMLNKNHOFFAV27CA,豐聖段,554.22,都市：農,3,1,持分移轉,06740002
RPQNMLTLMHOFFBV77CA,萬年段,135.00,非都市：鄉村區 ; 非都市編定：乙種建築用地,1,1,全筆移轉,09100000
RPQNMLQJNHOFFCV47CA,鹿寮段,2818.75,非都市：山坡地保育區 ; 非都市編定：農牧用地,1,1,全筆移轉,02180000
RPROMLTLMHOFFAV87CA,知本段,1817.00,非都市：特定農業區 ; 非都市編定：農牧用地,1,1,全筆移轉,83770001
RPUNMLSKMHOFFAV97DA,永清段,255.91,都市：農,1,1,全筆移轉,00360000
RPPNMLSKMHOFFDV67CA,荒野段,3994.03,非都市：一般農業區 ; 非都市編定：農牧用地,2,1,持分移轉,09970000
RPPNMLKKNHOFFBV76CA,萬年段,77.00,非都市：鄉村區 ; 非都市編定：乙種建築用地,1,1,全筆移轉,11730000
RPUNMLMLMHOFFAV37CA,大豐段,1555.07,非都市：特定農業區 ; 非都市編定：農牧用地,2,1,持分移轉,07310000
RPUNMLMLMHOFFAV37CA,大豐段,1555.07,非都市：特定農業區 ; 非都市編定：農牧用地,2,1,持分移轉,07310000
RPQNMLSKMHOFFAV47CA,台東段,31.00,都市：住,6,1,持分移轉,06540219
RPQNMLSKMHOFFAV47CA,台東段,10.50,都市：住,6,1,持分移轉,06540247
RPQNMLSKMHOFFAV47CA,台東段,6.50,都市：住,6,1,持分移轉,06540494
RPVNMLSKMHOFFAV97CA,豐年段,5.50,都市：住,10000,11,持分移轉,00270000
RPVNMLNLMHOFFAV57CA,常德段,21.80,都市：住,10000,431,持分移轉,05300000
RPQNMLTLMHOFFAV67CA,台東段,46.25,都市：住,10000,417,持分移轉,18120000
RPPNMLNJNHOFFCV07CA,萬朝段,3991.92,非都市：一般農業區 ; 非都市編定：農牧用地,1,1,全筆移轉,02560000
RPTNMLNLMHOFFAV37CA,建成段,76.00,都市：住,1,1,全筆移轉,00400002
RPVNMLMLMHOFFAV47CA,東海段,100.16,都市：住,1,1,全筆移轉,02910002
RPTNMLMLMHOFFAV27CA,建業段,121.00,都市：住,1,1,全筆移轉,07890000
RPQNMLOLMHOFFBV37DA,和平北段,67.00,非都市：風景區 ; 非都市編定：農牧用地,1,1,全筆移轉,02120001
RPPNMLRLMHOFFAV37CA,常德段,1474.46,都市：住,1,1,全筆移轉,11770000
RPPNMLRLMHOFFAV37CA,常德段,181.51,都市：其他:道路用地,1,1,全筆移轉,11770001
RPSNMLSKMHOFFAV67CA,公舘東段,112.67,都市：住,1,1,全筆移轉,10630000
RPPNMLOLMHOFFBV27DA,和平北段,130.66,非都市：風景區 ; 非都市編定：農牧用地,1,1,全筆移轉,02080000
RPPNMLPKNHOFFCV37CA,隆昌段,119.24,非都市：鄉村區 ; 非都市編定：乙種建築用地,1,1,全筆移轉,11960000
RPVOMLTLMHOFFAV28CA,新生段,11.41,都市：住,10000,46,持分移轉,00440000
RPOOMLOLMHOFFAV07CA,北南王段,177.31,都市：住,1,1,全筆移轉,06350004
RPTNMLLJNHOFFAV07CA,興安段,181.56,都市：住,1,1,全筆移轉,02720001
RPXNMLOLMHOFFAV87CA,豐榮段,68.00,都市：住,1,1,全筆移轉,08440000
RPQNMLPLMHOFFAV27CA,東海段,111.35,都市：住,1,1,全筆移轉,09710000
RPRNMLPLMHOFFCV57CA,慶福段,3.43,都市：商,5,3,持分移轉,05340002
RPQNMLLJNHOFFBV86CA,八仙洞段,3773.66,非都市：風景區 ; 非都市編定：農牧用地,1,1,全筆移轉,00950000
RPRNMLTLMHOFFAV77CA,興安段,150.82,都市：住,1,1,全筆移轉,00600010
RPTNMLTLMHOFFAV97CA,興安段,250.78,都市：住,1,1,全筆移轉,04560001
RPXNMLNLMHOFFAV77CA,利家段,236.00,非都市：鄉村區 ; 非都市編定：乙種建築用地,1,1,全筆移轉,75510001
RPWOMLTLMHOFFAV38CA,建康段,94.92,都市：住,1,1,全筆移轉,00350028
RPPNMLPKNHOFFDV47CA,復興段,347.21,都市：住,1,1,全筆移轉,06610000
RPPNMLKMMHOFFAV76CA,常德段,84.72,都市：住,1,1,全筆移轉,11790006
RPPNMLTLMHOFFAV57CA,自強段,124.00,都市：住,1,1,全筆移轉,07850000
RPPNMLTLMHOFFAV57CA,自強段,119.00,都市：住,1,1,全筆移轉,07860000
RPRNMLMJNHOFFCV17CA,隆盛段,28.02,都市：住,1,1,全筆移轉,04180005
RPPOMLTLMHOFFAV67CA,台東段,133.00,都市：住,1,1,全筆移轉,05410005
RPPNMLLJNHOFFBV76CA,萬年段,3261.00,非都市：風景區 ; 非都市編定：農牧用地,1,1,全筆移轉,10590000
RPPNMLLJNHOFFBV76CA,萬年段,2600.00,非都市：風景區 ; 非都市編定：農牧用地,1,1,全筆移轉,10590001
RPPNMLLJNHOFFBV76CA,萬年段,2600.00,非都市：風景區 ; 非都市編定：農牧用地,1,1,全筆移轉,10590002
RPRNMLQJNHOFFAV37CA,利吉段,1585.25,非都市：山坡地保育區 ; 非都市編定：農牧用地,1,1,全筆移轉,01780000
RPRNMLQJNHOFFAV37CA,利吉段,2077.66,非都市：山坡地保育區 ; 非都市編定：農牧用地,1,1,全筆移轉,01800000
RPRNMLQJNHOFFAV37CA,利吉段,8462.65,非都市：山坡地保育區 ; 非都市編定：農牧用地,1,1,全筆移轉,01940000
RPPNMLLJNHOFFCV86CA,龍田段,237.96,都市：住,1,1,全筆移轉,00210001
RPSNMLRJNHOFFAV57CA,豐谷段,125.41,都市：住,1,1,全筆移轉,00510002
RPQOMLLJNHOFFAV86CA,光明段,5.88,都市：其他:道,50,1,持分移轉,05020000
RPQOMLLJNHOFFAV86CA,光明段,30.98,都市：其他:道,50,1,持分移轉,05140000
RPPNMLNKNHOFFAV07DA,康樂段,179.00,非都市：特定農業區 ; 非都市編定：農牧用地,1,1,全筆移轉,05090006
RPQOMLLJNHOFFAV86CA,光明段,.24,都市：其他:道,50,1,持分移轉,05140001
RPQOMLLJNHOFFAV86CA,光明段,80.00,都市：住,1,1,全筆移轉,05330000
RPTNMLNJNHOFFAV27CA,中心段,1.00,都市：住,1,1,全筆移轉,08730000
RPTNMLNJNHOFFAV27CA,中心段,44.00,都市：住,1,1,全筆移轉,08740000
RPTNMLNJNHOFFAV27CA,中心段,110.00,都市：住,1,1,全筆移轉,08750000
RPPNMLMJNHOFFDV07CA,金富段,383.10,非都市：山坡地保育區 ; 非都市編定：丙種建築用地,1,1,全筆移轉,10150000
RPTNMLQJNHOFFAV67DA,台東段,87.00,都市：住,1,1,全筆移轉,00010054
RPRNMLTKKHOFFDV77CA,秀山段,8.08,都市：其他:旅館區,10000,7,持分移轉,07230000
RPQNMLNKNHOFFAV17DA,利家段,35.00,非都市：鄉村區 ; 非都市編定：乙種建築用地,2,1,持分移轉,78380003
RPQNMLNKNHOFFAV17DA,利家段,214.00,非都市：鄉村區 ; 非都市編定：乙種建築用地,2,1,持分移轉,78190001
RPRNMLTKKHOFFDV77CA,秀山段,.00,都市：其他:旅館區,10000,7,持分移轉,07230001
RPVNMLMLNHOFFAV67DA,下賓朗段,110.56,非都市：一般農業區 ; 非都市編定：甲種建築用地,1,1,全筆移轉,06700000
RPRNMLKKNHOFFAV86CA,台東段,999.00,都市：住,1,1,全筆移轉,00020184
RPRNMLKKNHOFFAV86CA,台東段,914.00,都市：住,1,1,全筆移轉,00020035
RPRNMLKKNHOFFAV86CA,台東段,93.00,都市：住,1,1,全筆移轉,00020190
RPUNMLNKNHOFFAV47CA,台東段,12.89,都市：住,100000,796,持分移轉,00040009
RPSNMLPJNHOFFAV37CA,福德段,5164.06,非都市：山坡地保育區 ; 非都市編定：農牧用地,1,1,全筆移轉,01050001
RPROMLPLKHOFFAV27CA,新生段,2656.00,都市：農,1,1,全筆移轉,16240000
RPVNMLNKNHOFFAV57CA,台東段,53.60,都市：住,100000,830,持分移轉,25640000
RPQOMLRLKHOFFAV37CA,台東段,21.53,都市：住,100000,1057,持分移轉,05610004
RPPNMLRLKHOFFDV47CA,台拉段,1142.66,非都市：山坡地保育區 ; 非都市編定：農牧用地,1,1,全筆移轉,00120008
RPRNMLQLKHOFFAV27CA,中正段,61.00,都市：住,1,1,全筆移轉,06240000
RPQNMLMLKHOFFBV86CA,三仙段,.33,非都市：風景區 ; 非都市編定：農牧用地,1,1,全筆移轉,08170000
RPQNMLMLKHOFFBV86CA,三仙段,17.13,非都市：風景區 ; 非都市編定：交通用地,1,1,全筆移轉,09750000
RPQNMLMLKHOFFBV86CA,三仙段,1115.13,非都市：風景區 ; 非都市編定：農牧用地,1,1,全筆移轉,09760000
RPQNMLMLKHOFFBV86CA,富民段,409.49,非都市：風景區 ; 非都市編定：農牧用地,1,1,全筆移轉,04730000
RPQNMLMLKHOFFBV86CA,富民段,300.76,非都市：風景區 ; 非都市編定：農牧用地,1,1,全筆移轉,04770000
RPQNMLMLKHOFFBV86CA,三仙段,4455.05,非都市：風景區 ; 非都市編定：農牧用地,1,1,全筆移轉,08160000
RPQNMLMLKHOFFBV86CA,三仙段,217.75,非都市：風景區 ; 非都市編定：農牧用地,1,1,全筆移轉,09630000
RPTNMLPLKHOFFAV47DA,豐成段,807.04,非都市：特定農業區 ; 非都市編定：甲種建築用地,1,1,全筆移轉,00610000
RPPNMLQLKHOFFCV27CA,廣原段,3770.00,非都市：山坡地保育區 ; 非都市編定：林業用地,1,1,全筆移轉,00240000
RPQNMLQLKHOFFCV47DA,南山段,64.22,都市：住,1,1,全筆移轉,01550000
RPWNMLPLKHOFFAV67CA,旭川段,122.49,非都市：鄉村區 ; 非都市編定：乙種建築用地,1,1,全筆移轉,04510000
RPPNMLRJLHOFFAV07CA,馬蘭段,179.00,都市：住,1,1,全筆移轉,18210000
RPPNMLRJLHOFFDV37CA,秀山段,11.54,都市：其他:旅館區,1000,1,持分移轉,07230000
RPPNMLRJLHOFFDV37CA,秀山段,.00,都市：其他:旅館區,1000,1,持分移轉,07230001
RPSNMLRJLHOFFAV37CA,台東段,37.00,都市：住,1,1,全筆移轉,05560010
RPRNMLPJLHOFFAV07CA,順天段,1389.54,都市：農,9,2,持分移轉,00580000
RPROMLQLLHOFFAV57DA,永樂段,15.00,都市：住,1,1,全筆移轉,05340027
RPTNMLQJLHOFFAV47DA,新生段,14.64,都市：住,10000,59,持分移轉,00440000
RPUNMLQJLHOFFAV47CA,中正段,14.00,都市：住,1,1,全筆移轉,04840000
RPUNMLQJLHOFFAV47CA,中正段,107.00,都市：住,1,1,全筆移轉,04850000
RPQNMLRJLHOFFAV17CA,下賓朗段,8.05,非都市：鄉村區 ; 非都市編定：乙種建築用地,1,1,全筆移轉,08580001
RPPNMLOJLHOFFBV86CA,三仙段,1103.38,都市：其他:三仙台風景特定區，一般保護區,1,1,全筆移轉,05240000
RPPNMLOJLHOFFBV86CA,三仙段,2086.42,非都市：風景區 ; 非都市編定：農牧用地,1,1,全筆移轉,05560000
RPUNMLRJLHOFFAV67DA,利家段,166.00,非都市：山坡地保育區 ; 非都市編定：丙種建築用地,1,1,全筆移轉,02850002
RPRNMLRJLHOFFCV47CA,福原段,21.30,都市：商,6,1,持分移轉,01130000
RPPNMLLKLHOFFBV66CA,高原段,3317.00,非都市：森林區 ; 非都市編定：農牧用地,1,1,全筆移轉,00790000
RPQNMLRJLHOFFCV37CA,豐泉段,210.80,都市：住,1,1,全筆移轉,04460001
RPQNMLRJLHOFFCV37CA,豐泉段,19.81,都市：住,1,1,全筆移轉,04470003
RPPNMLOLLHOFFBV07CA,黃金橋段,114.21,非都市：鄉村區 ; 非都市編定：乙種建築用地,1,1,全筆移轉,08690000
RPPNMLRJLHOFFBV27DA,和平南段,902.70,非都市：風景區 ; 非都市編定：農牧用地,1,1,全筆移轉,10640000
RPPNMLRJLHOFFBV27DA,和平南段,1692.83,非都市：風景區 ; 非都市編定：農牧用地,1,1,全筆移轉,10660000
RPPNMLRJLHOFFBV27DA,和平南段,1067.77,非都市：風景區 ; 非都市編定：農牧用地,1,1,全筆移轉,10670000
RPPNMLSLLHOFFDV67CA,秀山段,8.08,都市：其他:旅館區,10000,7,持分移轉,07230000
RPPNMLSLLHOFFDV67CA,秀山段,.00,都市：其他:旅館區,10000,7,持分移轉,07230001
RPQNMLMKLHOFFAV76CA,利家段,3419.00,非都市：特定農業區 ; 非都市編定：農牧用地,1,1,全筆移轉,71100000
RPPNMLLKLHOFFDV96DA,嘉新段,3393.84,非都市：山坡地保育區 ; 非都市編定：農牧用地,1,1,全筆移轉,02240001
RPQNMLMKLHOFFDV07CA,金灣段,1032.00,非都市：山坡地保育區 ; 非都市編定：農牧用地,2,1,持分移轉,02160000
RPPNMLMKLHOFFDV96CA,秀山段,8.08,都市：其他:旅館區,10000,7,持分移轉,07230000
RPPNMLMKLHOFFDV96CA,秀山段,.00,都市：其他:旅館區,10000,7,持分移轉,07230001
RPPNMLMKLHOFFCV86CA,溪埔段,160.70,非都市：特定農業區 ; 非都市編定：甲種建築用地,2,1,持分移轉,06930000
RPQNMLSJLHOFFDV67DA,笆札筏段,40.11,非都市：鄉村區 ; 非都市編定：乙種建築用地,1,1,全筆移轉,02680001
RPQNMLLKLHOFFAV66CA,東興段,231.46,非都市：鄉村區 ; 非都市編定：乙種建築用地,1,1,全筆移轉,05070000
RPRNMLLKLHOFFAV76CA,永豐段,144.85,都市：住,1,1,全筆移轉,02960001
RPPNMLPLNHOFFDV57CA,尚武段,3.03,都市：住,3200,100,持分移轉,08230000
RPPNMLPLNHOFFDV57CA,尚武段,.61,都市：住,32000,200,持分移轉,08250000
RPPNMLPLNHOFFDV57CA,尚武段,.32,都市：住,3100,100,持分移轉,08320000
RPPNMLPLNHOFFDV57CA,尚武段,.59,都市：住,3100,100,持分移轉,08330000
RPPNMLPLNHOFFDV57CA,尚武段,90.62,都市：住,3300,100,持分移轉,08340000
RPPNMLPLNHOFFDV57CA,尚武段,2.74,都市：住,3100,100,持分移轉,08370000
RPPNMLOKLHOFFAV86CA,豐康段,479.44,都市：農,1,1,全筆移轉,03720003
RPPNMLMKLHOFFAV66CA,建國段,25.38,都市：住,1,1,全筆移轉,05190001
RPPNMLMKLHOFFAV66CA,建國段,114.00,都市：住,1,1,全筆移轉,05200000
RPUNMLOKLHOFFAV37CA,初鹿段,4166.00,非都市：特定農業區 ; 非都市編定：農牧用地,1,1,全筆移轉,38190002
RPPNMLNKLHOFFAV76CA,豐榮段,91.00,都市：住,1,1,全筆移轉,01280000
RPRNMLMKLHOFFAV86CA,南榮段,801.41,都市：其他:道路用地,1,1,全筆移轉,04070000
RPSNMLMKLHOFFAV96CA,建業段,69.00,都市：住,1,1,全筆移轉,03710000
RPSNMLMKLHOFFAV96CA,建業段,46.47,都市：住,1,1,全筆移轉,03720001
RPSNMLMKLHOFFAV96CA,建業段,1.41,都市：住,1,1,全筆移轉,03720003
RPVNMLOKLHOFFAV47CA,初鹿段,4364.00,非都市：特定農業區 ; 非都市編定：農牧用地,1,1,全筆移轉,38090000
RPPNMLNKLHOFFDV17DA,秀山段,8.52,都市：住,10000,159,持分移轉,09240000
RPQNMLMJMHOFFCV96CA,紅石段,25240.00,非都市：山坡地保育區 ; 非都市編定：林業用地,1,1,全筆移轉,00380000
RPQNMLMJMHOFFCV96CA,紅石段,9140.00,非都市：山坡地保育區 ; 非都市編定：農牧用地,1,1,全筆移轉,00380001
RPQNMLMJMHOFFCV96CA,紅石段,45620.00,非都市：山坡地保育區 ; 非都市編定：林業用地,1,1,全筆移轉,01460000
RPQNMLOKLHOFFDV37DA,北溪段,122.61,都市：商,2,1,持分移轉,00560000
RPPNMLTLLHOFFAV47CA,豐里段,1710.42,非都市：特定農業區 ; 非都市編定：農牧用地,1,1,全筆移轉,04320000
RPPNMLSKLHOFFAV27CA,台東段,79.00,都市：住,1,1,全筆移轉,00020151
RPPNMLSKLHOFFAV27CA,台東段,29.00,都市：住,1,1,全筆移轉,00020264
RPPNMLLLLHOFFAV66CA,豐源段,3955.47,非都市：特定農業區 ; 非都市編定：農牧用地,1,1,全筆移轉,00650000
RPSNMLPKLHOFFAV27CA,常德段,21.20,都市：住,10000,187,持分移轉,05200000
RPRNMLPLLHOFFAV27CA,利家段,75.00,非都市：鄉村區 ; 非都市編定：乙種建築用地,1,1,全筆移轉,82220000
RPTNMLPKLHOFFAV37CA,光明段,145.00,都市：住,1,1,全筆移轉,06320031
RPRNMLPKLHOFFAV17CA,岩灣段,114.32,都市：住,1,1,全筆移轉,00460013
RPQNMLSKLHOFFAV37CA,利卡夢段,799.94,非都市：鄉村區 ; 非都市編定：乙種建築用地,1,1,全筆移轉,03720000
RPQNMLSKLHOFFAV37CA,利卡夢段,68.88,非都市：鄉村區 ; 非都市編定：乙種建築用地,1,1,全筆移轉,03730000
RPQNMLSKLHOFFAV37CA,利卡夢段,220.15,非都市：鄉村區 ; 非都市編定：乙種建築用地,1,1,全筆移轉,03740000
RPPNMLTLLHOFFCV67CA,源隆段,703.91,非都市：特定農業區 ; 非都市編定：農牧用地,1,1,全筆移轉,00150000
RPPNMLTLLHOFFCV67CA,源隆段,190.45,非都市：特定農業區 ; 非都市編定：甲種建築用地,1,1,全筆移轉,00150001
RPQNMLSKLHOFFAV37CA,利卡夢段,176.27,非都市：鄉村區 ; 非都市編定：乙種建築用地,1,1,全筆移轉,03750000
RPQNMLSLLHOFFDV77CA,德其段,7.25,都市：住,1,1,全筆移轉,07580000
RPQNMLSLLHOFFDV77CA,德其段,329.14,都市：住,1,1,全筆移轉,07570000
RPTOMLLLLHOFFAV17CA,常德段,1563.75,都市：商,1,1,全筆移轉,07150000
RPUNMLKLLHOFFAV07CA,台東段,12.64,都市：住,100000,781,持分移轉,00040009
RPQOMLLLLHOFFAV86CA,台東段,131.00,都市：住,1,1,全筆移轉,23900003
RPQNMLMLLHOFFAV86CA,北南王段,2520.63,都市：農,1,1,全筆移轉,04860002
RPPNMLQLLHOFFAV17CA,台東段,61.00,都市：住,1,1,全筆移轉,00080068
RPSOMLLLLHOFFAV07CA,豐榮段,68.00,都市：住,1,1,全筆移轉,08490000
RPSNMLLLLHOFFAV96CA,利家段,17.00,非都市：特定農業區 ; 非都市編定：甲種建築用地,1,1,全筆移轉,81050001
RPSNMLLLLHOFFAV96CA,利家段,890.00,非都市：特定農業區 ; 非都市編定：甲種建築用地,1,1,全筆移轉,81050003
RPPNMLPLLHOFFCV27CA,慶豐段,8092.56,非都市：特定農業區 ; 非都市編定：農牧用地,1,1,全筆移轉,03260000
RPPNMLTJMHOFFCV57CA,鹿寮段,297.15,非都市：鄉村區 ; 非都市編定：乙種建築用地,1,1,全筆移轉,08980000
RPPNMLTJMHOFFCV57CA,鹿寮段,76.10,非都市：鄉村區 ; 非都市編定：交通用地,1,1,全筆移轉,09210000
RPPNMLQKMHOFFBV27CA,南河段,136.21,都市：住,1,1,全筆移轉,04830000
RPPNMLQKMHOFFBV27CA,南河段,88.38,都市：住,1,1,全筆移轉,04840000
RPPNMLQKMHOFFBV27CA,南河段,121.25,都市：住,1,1,全筆移轉,04850000
RPPNMLQKMHOFFBV27CA,南河段,124.07,都市：住,1,1,全筆移轉,04860000
RPQNMLRLLHOFFDV67CA,秀山段,10.39,都市：其他:旅館區,10000,9,持分移轉,07230000
RPQNMLRLLHOFFDV67CA,秀山段,.00,都市：其他:旅館區,10000,9,持分移轉,07230001
RPPNMLQLLHOFFBV27CA,玉港段,2210.06,非都市：風景區 ; 非都市編定：農牧用地,1,1,全筆移轉,05990000
RPVNMLLJNHOFFAV27CA,湧泉段,262.33,都市：其他:旅遊服務區,1,1,全筆移轉,00130000
RPVNMLLJNHOFFAV27CA,湧泉段,262.33,都市：其他:旅遊服務區,1,1,全筆移轉,00120000
RPQNMLQLLHOFFDV57CA,復興段,73.79,都市：住,1,1,全筆移轉,04890003
RPVNMLRLLHOFFAV87CA,利家段,2552.00,非都市：特定農業區 ; 非都市編定：農牧用地,1,1,全筆移轉,54730000
RPTNMLRLLHOFFAV67CA,中正段,170.00,都市：住,1,1,全筆移轉,09940000
RPRNMLQLLHOFFDV67CA,復興段,70.12,都市：住,1,1,全筆移轉,04890014
RPUNMLRLLHOFFAV77CA,中正段,37.00,都市：住,1,1,全筆移轉,09940002
RPOOMLRLLHOFFAV27CA,利家段,1884.00,非都市：特定農業區 ; 非都市編定：農牧用地,1,1,全筆移轉,61750000
RPSNMLSLLHOFFAV67CA,南榮段,2487.46,都市：農,1,1,全筆移轉,05260000
RPPOMLRLLHOFFAV37CA,馬蘭段,76.00,都市：住,1,1,全筆移轉,14610009
RPTNMLSLLHOFFAV77CA,永樂段,883.00,都市：農,1,1,全筆移轉,05330003
RPUNMLSLLHOFFAV87CA,永樂段,882.00,都市：農,1,1,全筆移轉,05330004
RPPNMLLKMHOFFCV86CA,新福段,191.71,非都市：鄉村區 ; 非都市編定：乙種建築用地,1,1,全筆移轉,00360000
RPQNMLLKMHOFFCV96CA,里壠段,366.35,都市：住,1,1,全筆移轉,10200000
RPQNMLTLLHOFFBV67CA,大霸來段,9550.72,非都市：風景區 ; 非都市編定：農牧用地,1,1,全筆移轉,04650000
RPUNMLTLMHOFFAV08CA,常德段,101.05,都市：商,1,1,全筆移轉,07150003
RPWNMLTLMHOFFAV28CA,常德段,101.06,都市：商,1,1,全筆移轉,07150004
RPQNMLKKMHOFFCV86CA,大同段,289.53,都市：住,1,1,全筆移轉,07020000
RPQNMLKKMHOFFCV86CA,大同段,32.74,都市：住,1,1,全筆移轉,06980001
RPXNMLTLMHOFFAV38CA,常德段,101.04,都市：商,1,1,全筆移轉,07150002
RPSNMLTLLHOFFAV77CA,台東段,144.50,都市：住,2,1,持分移轉,22110000
RPSNMLTLLHOFFAV77CA,台東段,144.50,都市：住,2,1,持分移轉,22110000
RPPNMLNJMHOFFCV96CA,德高段,295.67,非都市：特定農業區 ; 非都市編定：農牧用地,1,1,全筆移轉,10510000
RPPNMLNJMHOFFCV96CA,德高段,49.77,非都市：特定農業區 ; 非都市編定：農牧用地,1,1,全筆移轉,10510001
RPPNMLNJMHOFFCV96CA,德高段,171.27,非都市：特定農業區 ; 非都市編定：農牧用地,1,1,全筆移轉,10670001
RPPNMLMJMHOFFAV66CA,東谷段,139.90,都市：住,1,1,全筆移轉,01450000
RPQNMLLJMHOFFAV66CA,新生段,122.00,都市：住,1,1,全筆移轉,04730000
RPRNMLKKMHOFFAV76CA,中心段,104.00,都市：住,1,1,全筆移轉,04220000
RPQNMLSJMHOFFAV37CA,台東段,119.00,都市：住,2,1,持分移轉,06540137
RPQNMLNJMHOFFCV17DA,南山段,73.10,都市：住,1,1,全筆移轉,06640000
RPPNMLSJMHOFFAV27CA,豐年段,140.82,都市：住,1,1,全筆移轉,05360009
RPTNMLSJMHOFFAV67CA,路頂段,72.07,非都市：特定農業區 ; 非都市編定：甲種建築用地,1,1,全筆移轉,03200000
RPSNMLSJMHOFFAV57CA,公舘東段,396.53,都市：住,1,1,全筆移轉,09700000
RPUNMLSJMHOFFAV77CA,路頂段,71.08,非都市：特定農業區 ; 非都市編定：甲種建築用地,1,1,全筆移轉,03210000
RPSNMLTJMHOFFAV67CA,豐谷段,114.00,都市：住,1,1,全筆移轉,08600000
RPQNMLQLMHOFFCV57CA,中福段,215.75,都市：住,1,1,全筆移轉,01550000
RPQNMLQLMHOFFCV57CA,中福段,23.03,都市：住,1,1,全筆移轉,01560000
RPPNMLLKMHOFFBV76CA,高原段,1814.00,非都市：風景區 ; 非都市編定：農牧用地,1,1,全筆移轉,05740000
RPTNMLTJMHOFFAV77CA,豐年段,191.91,都市：住,1,1,全筆移轉,04040004
RPTNMLTJMHOFFAV77CA,豐年段,73.39,都市：其他:道路用地,3,1,持分移轉,04080002
RPTNMLTJMHOFFAV77CA,豐年段,9.83,都市：其他:道路用地,3,1,持分移轉,04080004
RPTNMLTJMHOFFAV77CA,豐年段,60.31,都市：住,1,1,全筆移轉,04100000
RPTNMLTJMHOFFAV77CA,豐年段,34.03,都市：住,1,1,全筆移轉,04100001
RPTNMLTJMHOFFAV77CA,豐年段,156.42,都市：其他:道路用地,1,1,全筆移轉,04100002
RPRNMLLJNHOFFAV86CA,台東段,7.00,都市：住,1,1,全筆移轉,03260008
RPRNMLLJNHOFFAV86CA,台東段,82.00,都市：住,1,1,全筆移轉,03270137
RPQNMLOLMHOFFAV17CA,南王段,597.98,都市：住,1,1,全筆移轉,05920002
RPRNMLQKMHOFFAV37CA,中心段,118.00,都市：住,1,1,全筆移轉,13840006
RPSNMLOLMHOFFAV37CA,南王段,397.13,都市：住,1,1,全筆移轉,05920000
RPRNMLOLMHOFFAV27CA,南王段,22.47,都市：其他:道,1,1,全筆移轉,05920001
RPRNMLOLMHOFFAV27CA,南王段,262.46,都市：住,1,1,全筆移轉,05920003
RPRNMLOLMHOFFAV27CA,南王段,5.68,都市：住,1,1,全筆移轉,05960000
RPRNMLOLMHOFFAV27CA,南王段,50.86,都市：其他:道,1,1,全筆移轉,05960001
RPPNMLLJNHOFFAV66CA,台東段,693.00,都市：住,1,1,全筆移轉,22240000
RPTNMLOLMHOFFAV47CA,南王段,176.87,都市：住,1,1,全筆移轉,05920004
RPSNMLTLMHOFFAV97DA,台東段,57.00,都市：住,2,1,持分移轉,01710070
RPRNMLRJNHOFFAV47CA,豐川段,350.23,都市：農,1,1,全筆移轉,00940000
RPRNMLRJNHOFFAV47CA,豐川段,100.34,都市：住,1,1,全筆移轉,01010000
RPRNMLRJNHOFFAV47CA,豐川段,322.44,都市：其他:道路用地,1,1,全筆移轉,01020000
RPRNMLRJNHOFFAV47CA,豐川段,420.54,都市：住,1,1,全筆移轉,01160000
RPTNMLSKMHOFFAV77CA,台東段,16.00,都市：商,2,1,持分移轉,03870001
RPTNMLSKMHOFFAV77CA,台東段,16.00,都市：商,2,1,持分移轉,03870001
RPRNMLMKKHOFFCV96CA,福文段,2.70,都市：住,1,1,全筆移轉,08790001
RPWNMLKKNHOFFAV37CA,豐榮段,81.00,都市：住,1,1,全筆移轉,09520000
RPTNMLNKNHOFFAV37CA,中正段,83.00,都市：住,1,1,全筆移轉,05640000
RPQNMLPKKHOFFDV27CA,秀山段,8.08,都市：其他:旅館區,10000,7,持分移轉,07230000
RPPNMLSKKHOFFDV47CA,森永段,487.50,非都市：山坡地保育區 ; 非都市編定：林業用地,4,1,持分移轉,04250000
RPPNMLSKKHOFFDV47CA,森永段,707.50,非都市：山坡地保育區 ; 非都市編定：林業用地,8,1,持分移轉,05680000
RPPNMLSKKHOFFDV47CA,南田段,1215.00,非都市：山坡地保育區 ; 非都市編定：林業用地,4,1,持分移轉,01650000
RPQNMLPKKHOFFDV27CA,秀山段,.00,都市：其他:旅館區,10000,7,持分移轉,07230001
RPRNMLOKKHOFFDV27CA,復興段,72.48,都市：住,1,1,全筆移轉,04890001
RPPNMLMKKHOFFCV76CA,隆盛段,2015.79,非都市：特定農業區 ; 非都市編定：農牧用地,2,1,持分移轉,00140000
RPPNMLMKKHOFFCV76CA,隆盛段,2015.79,非都市：特定農業區 ; 非都市編定：農牧用地,2,1,持分移轉,00140000
RPQNMLTKKHOFFAV47DA,台東段,94.00,都市：住,1,1,全筆移轉,12720009
RPPNMLPKKHOFFAV86CA,台東段,6.00,都市：住,1,1,全筆移轉,14850002
RPPNMLPKKHOFFAV86CA,台東段,7.00,都市：住,1,1,全筆移轉,14850003
RPPNMLPKKHOFFAV86CA,台東段,4.00,都市：住,1,1,全筆移轉,14970001
RPPNMLPKKHOFFAV86CA,台東段,245.00,都市：住,1,1,全筆移轉,14990000
RPRNMLLLKHOFFAV76CA,旭川段,2343.80,非都市：特定農業區 ; 非都市編定：農牧用地,2,1,持分移轉,07000000
RPPNMLMKKHOFFAV56CA,岩灣段,140.30,都市：住,1,1,全筆移轉,03430000
RPQNMLNKKHOFFAV76CA,中山段,48.00,都市：住,1,1,全筆移轉,01960000
RPQNMLKLKHOFFAV56CA,豐榮段,1755.00,都市：其他:道路用地,1,1,全筆移轉,10840000
RPPNMLOKKHOFFAV86DA,利家段,220.00,非都市：山坡地保育區 ; 非都市編定：丙種建築用地,1,1,全筆移轉,02930018
RPSNMLOKKHOFFAV07CA,山里段,694.58,非都市：特定農業區 ; 非都市編定：農牧用地,1,1,全筆移轉,04510000
RPPNMLTKKHOFFCV47CA,月美段,2399.00,非都市：特定農業區 ; 非都市編定：農牧用地,1,1,全筆移轉,01150001
RPPNMLMLKHOFFBV76CA,北都蘭段,830.14,非都市：風景區 ; 非都市編定：農牧用地,30,15,持分移轉,01730000
RPQNMLPKKHOFFAV96CA,豐成段,162.15,非都市：特定農業區 ; 非都市編定：農牧用地,1,1,全筆移轉,09040000
RPQNMLPKKHOFFAV96CA,豐成段,3159.72,非都市：特定農業區 ; 非都市編定：農牧用地,1,1,全筆移轉,09050000
RPPNMLTKKHOFFAV27CA,普優瑪段,6.32,都市：農,1,1,全筆移轉,08090001
RPQNMLMLKHOFFAV76CA,台東段,54.00,都市：住,1,1,全筆移轉,00080093
RPQNMLMLKHOFFAV76CA,台東段,5.00,都市：住,1,1,全筆移轉,00080357
RPSNMLTKKHOFFDV87CA,秀山段,8.08,都市：其他:旅館區,10000,7,持分移轉,07230000
RPTNMLLLKHOFFAV96CA,初鹿段,2840.00,非都市：特定農業區 ; 非都市編定：農牧用地,1,1,全筆移轉,37600000
RPSNMLTKKHOFFDV87CA,秀山段,.00,都市：其他:旅館區,10000,7,持分移轉,07230001
RPPNMLNLKHOFFAV76CA,建樂段,16.45,都市：住,10000,933,持分移轉,05630000
RPPNMLTKKHOFFBV37CA,高原段,3321.00,非都市：森林區 ; 非都市編定：農牧用地,1,1,全筆移轉,05330000
RPPNMLLLKHOFFBV66CA,南八里段,1836.32,非都市：風景區 ; 非都市編定：農牧用地,1,1,全筆移轉,11150000
RPPNMLLLKHOFFBV66CA,南八里段,4859.00,非都市：風景區 ; 非都市編定：農牧用地,1,1,全筆移轉,11160000
RPPNMLLLKHOFFBV66CA,南八里段,3016.07,非都市：風景區 ; 非都市編定：農牧用地,1,1,全筆移轉,11170000
RPPNMLLLKHOFFBV66CA,南八里段,2601.30,非都市：風景區 ; 非都市編定：農牧用地,1,1,全筆移轉,11190000
RPQNMLPLKHOFFAV07CA,豐成段,2503.06,非都市：特定農業區 ; 非都市編定：農牧用地,1,1,全筆移轉,06520001
RPQNMLPLKHOFFDV37CA,秀山段,8.08,都市：商,10000,7,持分移轉,07230000
RPQNMLPLKHOFFDV37CA,秀山段,.00,都市：商,10000,7,持分移轉,07230001
RPPNMLSJLHOFFBV27CA,新港段新港小段,4465.00,非都市：風景區 ; 非都市編定：農牧用地,1,1,全筆移轉,06960007
RPPNMLPLKHOFFCV17CA,中福段,6.74,都市：住,1,1,全筆移轉,05320000
RPTNMLMLKHOFFAV07CA,常德段,27.30,都市：住,1,1,全筆移轉,05370000
RPPNMLLLKHOFFAV56CA,泰安段,858.24,非都市：鄉村區 ; 非都市編定：乙種建築用地,1,1,全筆移轉,06040000
RPQNMLLLKHOFFAV66CA,建成段,125.05,都市：住,1,1,全筆移轉,00270000
RPUNMLLKLHOFFAV07CA,普優瑪段,121.21,都市：住,1,1,全筆移轉,10740020
RPUNMLLKLHOFFAV07CA,普優瑪段,20.53,都市：住,22,1,持分移轉,10740000
RPUNMLLKLHOFFAV07CA,普優瑪段,3.20,都市：其他:道,22,1,持分移轉,10740024
RPUNMLLKLHOFFAV07CA,普優瑪段,2.65,都市：其他:道,22,1,持分移轉,10740025
RPUNMLLLKHOFFAV07CA,利家段,389.00,非都市：特定農業區 ; 非都市編定：甲種建築用地,1,1,全筆移轉,79560000
RPPNMLNLKHOFFDV07CA,新化段,390.00,非都市：鄉村區 ; 非都市編定：乙種建築用地,1,1,全筆移轉,04310000
RPQNMLRLKHOFFBV37CA,北佳里段,667.49,非都市：風景區 ; 非都市編定：丙種建築用地,1,1,全筆移轉,03400000
RPPNMLPLKHOFFAV96CA,知本段,2500.00,非都市：特定農業區 ; 非都市編定：農牧用地,1,1,全筆移轉,83670002
RPSNMLMLKHOFFAV96CA,豐源段,3209.22,非都市：特定農業區 ; 非都市編定：農牧用地,1,1,全筆移轉,06620000
RPPNMLMLKHOFFCV96DA,大埔段,4283.96,都市：農,1,1,全筆移轉,10290000
RPSNMLQLKHOFFCV67DA,鹿野段,1616.00,非都市：特定農業區 ; 非都市編定：農牧用地,1,1,全筆移轉,17650000
RPSNMLQLKHOFFCV67DA,鹿野段,1618.00,非都市：特定農業區 ; 非都市編定：農牧用地,1,1,全筆移轉,17660000
RPSNMLQLKHOFFCV67DA,鹿野段,1620.00,非都市：特定農業區 ; 非都市編定：農牧用地,1,1,全筆移轉,17690000
RPSNMLQLKHOFFCV67DA,鹿野段,1620.00,非都市：特定農業區 ; 非都市編定：農牧用地,1,1,全筆移轉,17700000
RPSNMLQLKHOFFCV67DA,鹿野段,1622.00,非都市：特定農業區 ; 非都市編定：農牧用地,1,1,全筆移轉,17730000
RPOOMLPLKHOFFAV07DA,班鳩段,136.59,非都市：特定農業區 ; 非都市編定：農牧用地,1,1,全筆移轉,00530000
RPRNMLLKLHOFFDV07CA,荒野段,4571.53,非都市：一般農業區 ; 非都市編定：農牧用地,4,2,持分移轉,09100000
RPRNMLQLKHOFFCV57DA,鹿野段,1624.00,非都市：特定農業區 ; 非都市編定：農牧用地,1,1,全筆移轉,17740000
RPQNMLRLKHOFFAV27CA,東海段,117.30,都市：住,1,1,全筆移轉,09370000
RPUNMLMLKHOFFAV17CA,自強段,92.00,都市：住,1,1,全筆移轉,02720000
RPVNMLPLKHOFFAV57CA,台東段,86.00,都市：商,1,1,全筆移轉,04610018
RPVNMLPLKHOFFAV57CA,台東段,4.00,都市：商,1,1,全筆移轉,04670004
RPXNMLPLKHOFFAV77CA,台東段,86.00,都市：商,1,1,全筆移轉,04610017
RPXNMLPLKHOFFAV77CA,台東段,4.00,都市：商,1,1,全筆移轉,04670003
RPUNMLQLKHOFFAV57CA,東谷段,74.77,非都市：特定農業區 ; 非都市編定：甲種建築用地,1,1,全筆移轉,05940000
RPRNMLSKLHOFFAV47CA,豐谷段,77.42,都市：住,1,1,全筆移轉,01150002
RPPNMLOLKHOFFDV17CA,壢坵段,8903.00,非都市：森林區 ; 非都市編定：林業用地,1,1,全筆移轉,06900035
RPQNMLMKLHOFFCV96CA,廣原段,190.00,,1,1,全筆移轉,10660004
RPSNMLTKLHOFFCV87CA,鹿野段,693.00,都市：農,1,1,全筆移轉,10420000
RPSNMLTKLHOFFCV87CA,鹿野段,254.00,都市：農,1,1,全筆移轉,10410000
RPSNMLTKLHOFFCV87CA,中華段,581.08,都市：農,1,1,全筆移轉,09230000
RPSNMLTKLHOFFCV87CA,中華段,82.04,都市：其他:道,1,1,全筆移轉,09310000
RPSNMLTKLHOFFCV87CA,中華段,17.46,都市：住,1,1,全筆移轉,09310001
RPSNMLTKLHOFFCV87CA,中華段,607.36,都市：住,1,1,全筆移轉,09320000
RPSNMLMKLHOFFCV17CA,廣原段,98.00,,1,1,全筆移轉,10430001
RPRNMLMKLHOFFCV07CA,廣原段,299.00,,1,1,全筆移轉,10440002
RPPNMLRLKHOFFAV17CA,東海段,25.08,都市：住,10000,42,持分移轉,01300000
RPPNMLRLKHOFFAV17CA,東海段,1.62,都市：住,10000,42,持分移轉,01300002
RPSOMLRLKHOFFAV57CA,石川段,3302.82,非都市：風景區 ; 非都市編定：農牧用地,2,1,持分移轉,03880000
RPSOMLRLKHOFFAV57CA,石川段,3302.82,非都市：風景區 ; 非都市編定：農牧用地,2,1,持分移轉,03880000
RPPOMLRLKHOFFAV27CA,新中寮段,155.87,都市：住,1,1,全筆移轉,05480000
RPPOMLRLKHOFFAV27CA,新中寮段,63.18,都市：其他:道路用地,1,1,全筆移轉,05530000
RPPNMLLKLHOFFAV56CA,豐年段,73.02,都市：住,1,1,全筆移轉,04000000
RPVNMLLKLHOFFAV17CA,初鹿段,2545.00,非都市：特定農業區 ; 非都市編定：農牧用地,1,1,全筆移轉,38140000
RPVNMLLKLHOFFAV17CA,初鹿段,581.00,非都市：特定農業區 ; 非都市編定：農牧用地,1,1,全筆移轉,38140001
RPSNMLQLKHOFFAV37CA,東谷段,151.03,都市：住,1,1,全筆移轉,02560002
RPRNMLOJLHOFFAV96CA,台東段,79.00,都市：住,1,1,全筆移轉,19810000
RPPNMLQJLHOFFAV96CA,台東段,21.59,都市：住,10000,106,持分移轉,05610004
RPTNMLLLLHOFFAV07CA,常德段,19.84,都市：住,10000,175,持分移轉,05200000
RPTNMLPLLHOFFAV57DA,下賓朗段,317.35,非都市：鄉村區 ; 非都市編定：乙種建築用地,1,1,全筆移轉,02920000
RPTNMLPLLHOFFAV57DA,下賓朗段,143.89,非都市：鄉村區 ; 非都市編定：乙種建築用地,1,1,全筆移轉,02930000
RPQNMLOJLHOFFCV17DA,大埔段,821.57,都市：農,1,1,全筆移轉,11320000
RPOOMLKLLHOFFAV56CA,台東段,159.00,都市：住,1,1,全筆移轉,17810009
RPPOMLKLLHOFFAV66CA,豐成段,87.34,非都市：特定農業區 ; 非都市編定：甲種建築用地,1,1,全筆移轉,09240000
RPQNMLOJLHOFFAV86CA,台東段,37.62,都市：商,12000,51,持分移轉,05140000
RPQNMLOJLHOFFAV86CA,台東段,.02,都市：商,12000,51,持分移轉,05140016
RPPNMLOJLHOFFAV76CA,利家段,3000.00,非都市：特定農業區 ; 非都市編定：農牧用地,1,1,全筆移轉,58770000
RPSNMLPJLHOFFAV17CA,德安段,104.40,都市：住,1,1,全筆移轉,02950014
RPPNMLPJLHOFFBV96CA,南佳里段,2111.57,非都市：風景區 ; 非都市編定：農牧用地,2,1,持分移轉,00480001
RPPNMLPJLHOFFBV96CA,南佳里段,2111.57,非都市：風景區 ; 非都市編定：農牧用地,2,1,持分移轉,00480001
RPPNMLQJLHOFFBV07CA,忠智段,103.22,都市：住,1,1,全筆移轉,12460001
RPPNMLRLLHOFFBV37CA,南八里段,673.33,非都市：風景區 ; 非都市編定：農牧用地,1,1,全筆移轉,09890002
RPRNMLRJLHOFFAV27CA,新園段,123.00,非都市：特定農業區 ; 非都市編定：甲種建築用地,1,1,全筆移轉,04360000
RPRNMLQJLHOFFAV17CA,中心段,6.00,都市：住,1,1,全筆移轉,09640001
RPRNMLQJLHOFFAV17CA,中心段,258.00,都市：住,1,1,全筆移轉,09620000
RPTNMLRJLHOFFAV47CA,興安段,505.66,都市：住,1,1,全筆移轉,04340000
RPPNMLQJLHOFFCV17CA,水井段,784.61,非都市：鄉村區 ; 非都市編定：乙種建築用地,1,1,全筆移轉,10490000
RPPNMLSJLHOFFCV37CA,月野段,2710.00,非都市：特定農業區 ; 非都市編定：農牧用地,1,1,全筆移轉,11920000
RPPNMLSJLHOFFCV37CA,月野段,280.00,非都市：特定農業區 ; 非都市編定：農牧用地,1,1,全筆移轉,12030000
RPQNMLQJLHOFFCV27CA,牧野段,2595.03,非都市：一般農業區 ; 非都市編定：農牧用地,1,1,全筆移轉,09720001
RPPNMLSJLHOFFAV17CA,豐年段,111.79,都市：住,1,1,全筆移轉,11260014
RPPNMLTJLHOFFAV27CA,馬蘭段,76.00,都市：住,1,1,全筆移轉,14610008
RPTNMLSKLHOFFAV67CA,興安段,94.40,都市：住,1,1,全筆移轉,02060025
RPPNMLKLLHOFFAV66DA,豐榮段,278.06,都市：住,1,1,全筆移轉,08480000
RPPNMLKLLHOFFAV66DA,豐榮段,2.32,都市：住,1,1,全筆移轉,08480003
RPTNMLTKLHOFFCV08DA,鹿野段,1140.00,非都市：特定農業區 ; 非都市編定：農牧用地,1,1,全筆移轉,31780000
RPXNMLRJLHOFFAV87CA,台東段,48.26,都市：住,100000,600,持分移轉,25450000
RPVNMLQJLHOFFAV57CA,馬蘭段,21.35,都市：住,10000,177,持分移轉,16590000
RPRNMLOKLHOFFAV07CA,利家段,112.67,非都市：鄉村區 ; 非都市編定：乙種建築用地,10000,140,持分移轉,81260000
RPRNMLOKLHOFFAV07CA,利家段,19.75,非都市：鄉村區 ; 非都市編定：乙種建築用地,10000,140,持分移轉,82850000
RPVNMLKLLHOFFAV17CA,常德段,127.52,都市：住,1,1,全筆移轉,02260000
RPSNMLKLLHOFFAV86CA,東海段,112.69,都市：住,1,1,全筆移轉,02620011
RPRNMLSLLHOFFAV57CA,豐谷段,55.12,都市：住,2,1,持分移轉,01350008
RPRNMLSLLHOFFAV57CA,豐谷段,55.12,都市：住,2,1,持分移轉,01350008
RPSNMLOKLHOFFAV17CA,下賓朗段,156.13,非都市：鄉村區 ; 非都市編定：乙種建築用地,1,1,全筆移轉,04870000
RPWNMLLLLHOFFAV37CA,豐里段,2620.53,非都市：特定農業區 ; 非都市編定：農牧用地,1,1,全筆移轉,01630000
RPRNMLKLLHOFFDV07CA,荒野段,4952.80,非都市：一般農業區 ; 非都市編定：農牧用地,1,1,全筆移轉,07500000
RPPNMLRKLHOFFCV37CA,月野段,2691.00,非都市：特定農業區 ; 非都市編定：農牧用地,1,1,全筆移轉,11990000
RPRNMLKLLHOFFDV07CA,荒野段,1377.78,非都市：一般農業區 ; 非都市編定：農牧用地,1,1,全筆移轉,07510000
RPPNMLRKLHOFFCV37CA,月野段,1266.00,非都市：特定農業區 ; 非都市編定：農牧用地,1,1,全筆移轉,12610000
RPRNMLKLLHOFFDV07CA,荒野段,2143.34,非都市：一般農業區 ; 非都市編定：農牧用地,1,1,全筆移轉,07580000
RPPNMLRKLHOFFCV37CA,月野段,1266.00,非都市：特定農業區 ; 非都市編定：農牧用地,1,1,全筆移轉,12640000
RPRNMLKLLHOFFDV07CA,荒野段,874.14,非都市：一般農業區 ; 非都市編定：農牧用地,1,1,全筆移轉,07590000
RPPNMLRKLHOFFCV37CA,月野段,1520.00,非都市：特定農業區 ; 非都市編定：農牧用地,1,1,全筆移轉,12650000
RPRNMLKLLHOFFDV07CA,荒野段,287.59,非都市：一般農業區 ; 非都市編定：農牧用地,1,1,全筆移轉,07600000
RPRNMLKLLHOFFDV07CA,荒野段,1375.01,非都市：一般農業區 ; 非都市編定：農牧用地,1,1,全筆移轉,07620000
RPXNMLQLLHOFFAV97CA,台東段,140.00,都市：住,1,1,全筆移轉,00010458
RPXNMLOKLHOFFAV67CA,豐工段,1043.67,都市：工,1,1,全筆移轉,00740002
RPTNMLOKLHOFFAV37DA,豐利段,107.26,都市：住,1,1,全筆移轉,04420004
RPQNMLKLLHOFFAV66CA,公舘東段,418.67,都市：住,1,1,全筆移轉,09470000
RPQNMLKLLHOFFAV66CA,公舘東段,17.55,都市：其他:旅遊服務區,1,1,全筆移轉,09470001
RPOOMLOKLHOFFAV86CA,台東段,68.00,都市：住,1,1,全筆移轉,06920013
RPPNMLPKLHOFFAV96CA,豐川段,1121.51,非都市：特定農業區 ; 非都市編定：農牧用地,1,1,全筆移轉,11000000
RPWNMLPLLHOFFAV77CA,豐谷段,88.00,都市：住,1,1,全筆移轉,03810000
RPWNMLQLLHOFFAV97DA,台東段,17.00,都市：住,1,1,全筆移轉,13940006
RPRNMLTKLHOFFCV77CA,中華東段,3241.00,非都市：特定農業區 ; 非都市編定：農牧用地,2,1,持分移轉,07420000
RPRNMLTKLHOFFCV77CA,中華東段,3241.00,非都市：特定農業區 ; 非都市編定：農牧用地,2,1,持分移轉,07420000
RPRNMLLLLHOFFAV86CA,台東段,140.00,都市：住,1,1,全筆移轉,17810003
RPPOMLLLLHOFFAV76CA,利家段,1096.00,非都市：特定農業區 ; 非都市編定：農牧用地,1,1,全筆移轉,52920000
RPRNMLQLLHOFFAV37CA,豐年段,18.50,都市：住,10000,37,持分移轉,00270000
RPSNMLLLLHOFFCV17CA,德高段,699.56,非都市：鄉村區 ; 非都市編定：乙種建築用地,1,1,全筆移轉,08860000
RPOOMLQLLHOFFAV17CA,台東段,29.00,都市：商,1,1,全筆移轉,05320017
RPSNMLPLLHOFFAV37CA,上南寮段,156.63,都市：其他:保護區,1,1,全筆移轉,11850000
RPSNMLPLLHOFFAV37CA,上南寮段,9.74,都市：住,1,1,全筆移轉,11850001
RPSNMLPLLHOFFAV37CA,上南寮段,605.33,都市：住,1,1,全筆移轉,11860000
RPSNMLMLLHOFFAV07CA,梧州段,325.99,都市：住,1,1,全筆移轉,04050000
RPTNMLKKMHOFFAV96CA,南王段,115.29,都市：其他:道路用地,1,1,全筆移轉,03190000
RPTNMLKKMHOFFAV96CA,南王段,18.65,都市：其他:道路用地,1,1,全筆移轉,03200000
RPRNMLLJMHOFFAV76CA,建興段,103.00,都市：住,1,1,全筆移轉,03290000
RPSNMLTLLHOFFCV97CA,里壠段,159.62,都市：住,1,1,全筆移轉,12260000
RPVNMLTLMHOFFAV18CA,常德段,103.91,都市：商,1,1,全筆移轉,07150001
RPPNMLTJMHOFFAV37CA,豐谷段,88.00,都市：住,1,1,全筆移轉,08410000
RPQNMLNJMHOFFAV86CA,新生段,97.00,都市：住,1,1,全筆移轉,10530000
RPVNMLKKMHOFFAV17CA,台東段,95.00,都市：住,1,1,全筆移轉,00080111
RPPNMLKMMHOFFCV96CA,錦富段,2060.42,非都市：特定農業區 ; 非都市編定：農牧用地,1,1,全筆移轉,04450000
RPPNMLKMMHOFFCV96CA,錦富段,1942.94,非都市：特定農業區 ; 非都市編定：農牧用地,1,1,全筆移轉,04470000
RPPNMLKMMHOFFCV96CA,錦富段,52.24,非都市：特定農業區 ; 非都市編定：水利用地,1,1,全筆移轉,04500000
RPWNMLOLMHOFFAV77CA,班鳩段,8.64,非都市：山坡地保育區 ; 非都市編定：交通用地,1,1,全筆移轉,07230000
RPWNMLOLMHOFFAV77CA,班鳩段,1003.05,非都市：山坡地保育區 ; 非都市編定：丙種建築用地,1,1,全筆移轉,07360000
RPUNMLKKMHOFFAV07CA,台東段,106.00,都市：住,1,1,全筆移轉,21840000
RPQNMLLKMHOFFAV76CA,豐工段,1500.03,都市：工,1,1,全筆移轉,01260000
RPRNMLLKMHOFFAV86CA,北南王段,430.32,都市：住,1,1,全筆移轉,02850000
RPOPMLQKMHOFFAV27CA,常德段,12.85,都市：商,10000,254,持分移轉,05300000
RPSNMLPLMHOFFAV47CA,新中寮段,360.75,都市：其他:道路用地,1,1,全筆移轉,08940004
RPUNMLPLMHOFFAV67CA,新中寮段,52.67,都市：其他:道路用地,1,1,全筆移轉,08940003
RPVNMLPLMHOFFAV77CA,新中寮段,178.73,都市：其他:學校用地,1,1,全筆移轉,08950003
RPWNMLPLMHOFFAV87CA,新中寮段,40.89,都市：其他:道路用地,1,1,全筆移轉,08940001
RPWNMLPLMHOFFAV87CA,新中寮段,25.16,都市：其他:道路用地,1,1,全筆移轉,08940002
RPOOMLPLMHOFFAV17CA,新中寮段,57.24,都市：其他:道路用地,1,1,全筆移轉,08940000
RPXNMLPLMHOFFAV97CA,新中寮段,140.93,都市：其他:學校用地,1,1,全筆移轉,08950001
RPXNMLPLMHOFFAV97CA,新中寮段,86.11,都市：其他:學校用地,1,1,全筆移轉,08950002
RPRNMLMLNHOFFAV17CA,利家段,17.72,非都市：鄉村區 ; 非都市編定：乙種建築用地,60000,697,持分移轉,74880000
RPPOMLPLMHOFFAV27CA,新中寮段,207.22,都市：其他:學校用地,1,1,全筆移轉,08950000
RPPNMLTJNHOFFAV47CA,豐榮段,118.36,都市：住,1,1,全筆移轉,00520006
RPPNMLTJNHOFFAV47CA,豐榮段,1.00,都市：住,1,1,全筆移轉,00540000
RPWNMLOLNHOFFAV87CA,下賓朗段,394.14,非都市：一般農業區 ; 非都市編定：甲種建築用地,1,1,全筆移轉,13640000
RPVNMLMJNHOFFAV37CA,豐年段,689.95,都市：其他:道路用地,1,1,全筆移轉,09930000
RPVNMLMJNHOFFAV37CA,豐年段,1.92,都市：其他:河道用地,1,1,全筆移轉,09930001
RPVNMLMJNHOFFAV37CA,豐年段,2099.12,都市：農,1,1,全筆移轉,09940000
RPVNMLMJNHOFFAV37CA,豐年段,9.03,都市：其他:道路用地,1,1,全筆移轉,09940001
RPVNMLMJNHOFFAV37CA,豐年段,754.45,都市：農,1,1,全筆移轉,09950000
RPSNMLLKLHOFFAV86CA,利家段,2073.00,非都市：特定農業區 ; 非都市編定：農牧用地,1,1,全筆移轉,65590000
RPPNMLPKKHOFFDV17CA,泰王段,12.03,都市：其他:道,1,1,全筆移轉,02760000
RPPNMLPKKHOFFDV17CA,泰王段,77.84,都市：商,1,1,全筆移轉,02770000
RPXNMLRLKHOFFAV97CA,岩灣段,223.80,都市：住,1,1,全筆移轉,00610004
RPPNMLKLKHOFFAV09CA,岩灣段,138.95,都市：住,1,1,全筆移轉,00740001
RPRNMLMLKHOFFAV86CA,馬蘭段,109.00,都市：住,1,1,全筆移轉,15200002
RPRNMLKLKHOFFAV66CA,普優瑪段,122.54,都市：住,1,1,全筆移轉,06910002
RPPNMLOKLHOFFBV07DA,南河段,115.45,都市：住,1,1,全筆移轉,05050000
RPPNMLOKLHOFFBV07DA,南河段,19.34,都市：住,1,1,全筆移轉,05060000
RPSNMLLLKHOFFAV86CA,南榮段,696.74,都市：工,1,1,全筆移轉,11110000
RPSNMLLLKHOFFAV86CA,南榮段,3.10,都市：其他:道路用地,1,1,全筆移轉,11110001
RPSNMLLLKHOFFAV86CA,南榮段,165.94,都市：工,1,1,全筆移轉,11120000
RPSNMLLLKHOFFAV86CA,南榮段,4.29,都市：其他:道路用地,1,1,全筆移轉,11120001
RPSNMLLLKHOFFAV86CA,南榮段,.53,都市：其他:道路用地,1,1,全筆移轉,11120002
RPSNMLLLKHOFFAV86CA,南榮段,1568.15,都市：工,1,1,全筆移轉,11130000
RPSNMLLLKHOFFAV86CA,南榮段,3.64,都市：其他:道路用地,1,1,全筆移轉,11130001
RPSNMLLLKHOFFAV86CA,南榮段,11.85,都市：其他:道路用地,1,1,全筆移轉,11130002
RPPOMLPLKHOFFAV07CA,台東段,175.00,都市：商,1,1,全筆移轉,04690016
RPWNMLLKLHOFFAV27CA,台東段,3.00,都市：住,1,1,全筆移轉,00970017
RPWNMLLKLHOFFAV27CA,台東段,5.00,都市：住,1,1,全筆移轉,00970012
RPSNMLRLKHOFFAV57DA,石壁段,103.00,都市：其他:道路用地,1,1,全筆移轉,10930001
RPPNMLNLKHOFFBV86CA,高台段,3232.29,非都市：風景區 ; 非都市編定：農牧用地,1,1,全筆移轉,10650000
RPXNMLLKLHOFFAV37CA,台東段,73.00,都市：住,1,1,全筆移轉,00950002
RPXNMLLKLHOFFAV37CA,台東段,51.00,都市：住,1,1,全筆移轉,00960001
RPXNMLLKLHOFFAV37CA,台東段,38.00,都市：住,1,1,全筆移轉,00970000
RPTNMLQLKHOFFAV47CA,常德段,96.38,都市：住,1,1,全筆移轉,09970000
RPTNMLQLKHOFFAV47CA,常德段,107.49,都市：住,1,1,全筆移轉,09990000
RPTNMLQLKHOFFAV47CA,常德段,92.70,都市：住,1,1,全筆移轉,10000000
RPTNMLQLKHOFFAV47CA,常德段,14.84,都市：住,1,1,全筆移轉,10010000
RPTNMLQLKHOFFAV47CA,常德段,75.32,都市：住,1,1,全筆移轉,10020000
RPTNMLQLKHOFFAV47CA,常德段,145.89,都市：住,1,1,全筆移轉,10030000
RPPNMLPJLHOFFAV86CA,永樂段,364.00,都市：住,1,1,全筆移轉,00880000
RPPNMLNKLHOFFBV86CA,玉長段,241.18,非都市：鄉村區 ; 非都市編定：乙種建築用地,1,1,全筆移轉,08100000
RPQNMLPJLHOFFAV96CA,利家段,89.00,非都市：特定農業區 ; 非都市編定：甲種建築用地,1,1,全筆移轉,75860035
RPTNMLKLLHOFFAV96CA,台東段,57.00,都市：住,1,1,全筆移轉,00040441
RPTNMLKLLHOFFAV96CA,台東段,7.00,都市：住,1,1,全筆移轉,00040759
RPPNMLPJLHOFFDV17CA,荒野段,7988.05,非都市：一般農業區 ; 非都市編定：農牧用地,1,1,全筆移轉,09970000
RPRNMLRLKHOFFBV47CA,萬年段,34.00,非都市：鄉村區 ; 非都市編定：乙種建築用地,1,1,全筆移轉,00990006
RPPNMLRLLHOFFAV27CA,南王段,.32,都市：住,1,1,全筆移轉,03550012
RPQNMLRLLHOFFAV37CA,南王段,.13,都市：住,1,1,全筆移轉,03550010
RPUOMLKLLHOFFAV17CA,公舘東段,359.92,都市：住,1,1,全筆移轉,10110000
RPRNMLRLLHOFFAV47CA,南王段,.66,都市：住,1,1,全筆移轉,03550011
RPTNMLLJMHOFFAV96CA,岩灣段,115.78,都市：住,1,1,全筆移轉,00460011
RPPNMLMJMHOFFDV96CA,德其段,34.32,都市：住,330,15,持分移轉,02160000
RPQNMLRKMHOFFAV37CA,下南寮段,203.18,都市：農,1,1,全筆移轉,08200000
RPPNMLTKMHOFFCV77DA,水井段,304.90,非都市：鄉村區 ; 非都市編定：乙種建築用地,1,1,全筆移轉,11000000
RPQNMLTJMHOFFAV47CA,豐年段,5.00,都市：住,10000,10,持分移轉,00270000
RPVNMLOLMHOFFAV67CA,台東段,8.88,都市：住,8,1,持分移轉,00010278
RPVNMLSJNHOFFAV97CA,利家段,17.72,非都市：鄉村區 ; 非都市編定：乙種建築用地,60000,697,持分移轉,74880000
RPRNMLRKMHOFFAV47CA,下南寮段,136.58,都市：農,1,1,全筆移轉,08210000
RPTNMLSJNHOFFAV77CA,利家段,17.72,非都市：鄉村區 ; 非都市編定：乙種建築用地,60000,697,持分移轉,74880000
RPWNMLRLKHOFFAV87CA,知本段,2552.00,非都市：特定農業區 ; 非都市編定：農牧用地,1,1,全筆移轉,77710001
RPXNMLKKNHOFFAV47CA,豐嘉段,72.98,非都市：特定農業區 ; 非都市編定：農牧用地,1,1,全筆移轉,02500000
RPXNMLKKNHOFFAV47CA,豐嘉段,71.80,非都市：特定農業區 ; 非都市編定：農牧用地,1,1,全筆移轉,02540000
RPXNMLKKNHOFFAV47CA,豐嘉段,73.79,非都市：特定農業區 ; 非都市編定：農牧用地,1,1,全筆移轉,02580000
RPXNMLKKNHOFFAV47CA,豐嘉段,76.01,非都市：特定農業區 ; 非都市編定：農牧用地,1,1,全筆移轉,02660000
RPXNMLKKNHOFFAV47CA,豐嘉段,969.95,非都市：特定農業區 ; 非都市編定：農牧用地,1,1,全筆移轉,02380000
RPXNMLKKNHOFFAV47CA,豐嘉段,941.03,非都市：特定農業區 ; 非都市編定：農牧用地,1,1,全筆移轉,02390000
RPXNMLKKNHOFFAV47CA,豐嘉段,950.36,非都市：特定農業區 ; 非都市編定：農牧用地,1,1,全筆移轉,02400000
RPXNMLKKNHOFFAV47CA,豐嘉段,949.96,非都市：特定農業區 ; 非都市編定：農牧用地,1,1,全筆移轉,02410000
RPXNMLKKNHOFFAV47CA,豐嘉段,958.56,非都市：特定農業區 ; 非都市編定：農牧用地,1,1,全筆移轉,02420000
RPXNMLKKNHOFFAV47CA,豐嘉段,71.01,非都市：特定農業區 ; 非都市編定：農牧用地,1,1,全筆移轉,02430000
RPTNMLLKLHOFFAV96CA,豐康段,18.81,都市：住,10000,128,持分移轉,08260000
RPTNMLLKLHOFFAV96CA,豐康段,7.14,都市：住,10000,128,持分移轉,08260001
RPPNMLKLLHOFFBV66CA,黃金橋段,306.27,非都市：鄉村區 ; 非都市編定：乙種建築用地,1,1,全筆移轉,08660000
RPPNMLKLLHOFFBV66CA,黃金橋段,247.59,非都市：鄉村區 ; 非都市編定：乙種建築用地,1,1,全筆移轉,08680000
RPQNMLTKLHOFFCV67CA,鹿野段,1058.00,都市：農,1,1,全筆移轉,10430000
RPQNMLTKLHOFFCV67CA,鹿野段,974.00,都市：農,1,1,全筆移轉,10440000
RPPNMLTKLHOFFAV37CA,台東段,162.00,都市：商,1,1,全筆移轉,03250001
RPQNMLTKLHOFFCV67CA,鹿野段,1007.00,都市：農,1,1,全筆移轉,10450000
RPQNMLTKLHOFFCV67CA,鹿野段,665.00,都市：農,1,1,全筆移轉,10460000
RPPNMLTKLHOFFBV47CA,永福段,28.37,非都市：鄉村區 ; 非都市編定：乙種建築用地,1,1,全筆移轉,04700000
RPPNMLTKLHOFFAV37CA,台東段,4.00,都市：商,1,1,全筆移轉,03250003
RPPNMLTKLHOFFAV37CA,台東段,44.00,都市：商,1,1,全筆移轉,03260009
RPPNMLTKLHOFFAV37CA,台東段,163.00,都市：商,1,1,全筆移轉,03270055
RPSNMLQLLHOFFAV47CA,中正段,779.00,都市：住,1,1,全筆移轉,10650000
RPPNMLQLKHOFFAV07CA,加路蘭段,17789.00,非都市：風景區 ; 非都市編定：農牧用地,1,1,全筆移轉,04530000
RPPNMLQLKHOFFAV07CA,加路蘭段,26770.00,非都市：風景區 ; 非都市編定：農牧用地,1,1,全筆移轉,04590000
RPPNMLQLKHOFFAV07CA,加路蘭段,11660.00,非都市：風景區 ; 非都市編定：農牧用地,1,1,全筆移轉,04640000
RPPNMLQLKHOFFAV07CA,加路蘭段,3160.00,非都市：風景區 ; 非都市編定：農牧用地,1,1,全筆移轉,04650000
RPPNMLQLKHOFFAV07CA,加路蘭段,5320.00,非都市：風景區 ; 非都市編定：農牧用地,1,1,全筆移轉,04860000
RPPNMLQLKHOFFAV07CA,加路蘭段,2649.00,非都市：風景區 ; 非都市編定：農牧用地,1,1,全筆移轉,04870000
RPPNMLQLKHOFFAV07CA,加路蘭段,15500.00,非都市：風景區 ; 非都市編定：農牧用地,1,1,全筆移轉,04880000
RPRNMLKMMHOFFAV96CA,龍過脈段,2450.56,非都市：山坡地保育區 ; 非都市編定：農牧用地,1,1,全筆移轉,08610000
RPPNMLMJNHOFFAV76CA,普優瑪段,61.38,都市：農,2,1,持分移轉,08130001
RPPNMLMJNHOFFAV76CA,普優瑪段,61.38,都市：農,2,1,持分移轉,08130001
RPSNMLLJNHOFFAV96CA,利家段,4877.00,非都市：特定農業區 ; 非都市編定：農牧用地,1,1,全筆移轉,65550000
RPPNMLMJNHOFFAV76CA,普優瑪段,64.14,都市：農,2,1,持分移轉,08090001
RPPNMLMJNHOFFAV76CA,普優瑪段,64.14,都市：農,2,1,持分移轉,08090001
RPQNMLSJNHOFFAV47CA,利家段,17.72,非都市：鄉村區 ; 非都市編定：乙種建築用地,60000,697,持分移轉,74880000
RPSNMLSJNHOFFAV77DA,常德段,108.48,都市：住,1,1,全筆移轉,10670014
RPROMLLLLHOFFAV96CA,台東段,92.00,都市：商,1,1,全筆移轉,04610019
RPVOMLQKMHOFFAV87CA,普優瑪段,142.95,都市：農,1,1,全筆移轉,08120000
RPROMLLLLHOFFAV96CA,台東段,3.00,都市：其他:公共設施保留地之道路用地,1,1,全筆移轉,04670005
RPVOMLQKMHOFFAV87CA,普優瑪段,128.76,都市：農,1,1,全筆移轉,08130000
RPRNMLPLKHOFFAV17CA,自強段,131.18,都市：住,1,1,全筆移轉,10440000
RPWOMLQKMHOFFAV97CA,普優瑪段,127.13,都市：農,1,1,全筆移轉,08120004
RPWOMLQKMHOFFAV97CA,普優瑪段,161.75,都市：農,1,1,全筆移轉,08130003
RPUOMLQKMHOFFAV77CA,普優瑪段,134.10,都市：農,1,1,全筆移轉,08120006
RPUOMLQKMHOFFAV77CA,普優瑪段,155.43,都市：農,1,1,全筆移轉,08130005
RPWNMLNKNHOFFAV67CA,普優瑪段,123.27,都市：農,1,1,全筆移轉,08120005
RPWNMLNKNHOFFAV67CA,普優瑪段,162.06,都市：農,1,1,全筆移轉,08130004
RPXOMLQKMHOFFAV08CA,普優瑪段,61.12,都市：農,2,1,持分移轉,08120003
RPXOMLQKMHOFFAV08CA,普優瑪段,61.12,都市：農,2,1,持分移轉,08120003
RPXOMLQKMHOFFAV08CA,普優瑪段,74.22,都市：農,2,1,持分移轉,08130002
RPXOMLQKMHOFFAV08CA,普優瑪段,74.22,都市：農,2,1,持分移轉,08130002
RPTNMLMLLHOFFAV17CA,台東段,92.00,都市：住,1,1,全筆移轉,14470000
RPTNMLMLLHOFFAV17CA,台東段,425.00,都市：住,1,1,全筆移轉,14480000
RPTNMLMLLHOFFAV17CA,台東段,867.00,都市：住,1,1,全筆移轉,14510000
RPTNMLMLLHOFFAV17CA,台東段,32.00,都市：住,1,1,全筆移轉,14510004
RPTNMLMLLHOFFAV17CA,台東段,97.00,都市：住,1,1,全筆移轉,14530000
RPTNMLMLLHOFFAV17CA,台東段,31.00,都市：其他:道路用地,1,1,全筆移轉,14500000
