﻿編號,屋齡,建物移轉面積平方公尺,主要用途,主要建材,建築完成日期,總層數,建物分層,移轉情形
The serial number,room age,building shifting area square meter,the main use,main building materials,construction completes the date,total layer,building lamination,
RPPNMLOLMHOFFDV37CA,24,32.84,套房,鋼筋混凝土造,84年7月14日,八層,六層 見其他登記事項,全筆移轉
RPPNMLOLMHOFFDV37CA,24,8.26,樓梯．電梯．機械房．水箱．清水池．走道．陽台．屋頂突出物,鋼筋混凝土造,84年7月14日,八層,,持分移轉
RPPNMLQLMHOFFAV37DA,,38.28,住商用,木造,,一層,一層 騎樓,全筆移轉
RPPNMLQLMHOFFAV37DA,52,24.96,住家用,木造,,一層,一層,全筆移轉
RPSNMLQLMHOFFAV67DA,,20.20,住家用,木造,,一層,一層,全筆移轉
RPSNMLQLMHOFFAV67DA,,20.66,住家用,木造,,一層,一層,全筆移轉
RPRNMLQLMHOFFDV77CA,25,31.54,套房,鋼筋混凝土造,83年9月30日,八層,七層 陽台,全筆移轉
RPRNMLQLMHOFFDV77CA,25,6.07,樓梯間．門房走道,鋼筋混凝土造,83年9月30日,八層,,持分移轉
RPPNMLTLMHOFFDV87CA,24,30.87,套房,鋼筋混凝土造,84年7月14日,八層,六層 見其他登記事項,全筆移轉
RPPNMLTLMHOFFDV87CA,24,7.85,樓梯．電梯．機械房．水箱．清水池．走道．陽台．屋頂突出物,鋼筋混凝土造,84年7月14日,八層,,持分移轉
RPPNMLTLMHOFFBV67CA,24,215.06,住家用,鋼筋混凝土造,83年10月17日,三層,一層 二層 三層 陽台 屋頂突出物 騎樓,全筆移轉
RPPNMLNJNHOFFAV96DA,25,84.46,集合住宅,鋼筋混凝土造,83年4月19日,十四層,十一層 陽台,全筆移轉
RPPNMLNJNHOFFAV96DA,25,28.98,避難室，電梯．樓梯．地下室．通廊共同使用,鋼筋混凝土造,83年4月19日,十四層,,持分移轉
RPQNMLTLMHOFFDV97CA,25,29.74,商業用,鋼筋混凝土造,82年12月31日,五層,四層 陽台,全筆移轉
RPQNMLTLMHOFFDV97CA,25,9.79,樓梯間、走廊、樓梯通道．配電機房．停車場．屋頂突出物,鋼筋混凝土造,82年12月31日,五層,,持分移轉
RPPNMLKMMHOFFDV07CA,25,31.54,套房,鋼筋混凝土造,83年9月30日,八層,六層 陽台,全筆移轉
RPPNMLKMMHOFFDV07CA,25,6.07,樓梯間．門房走道,鋼筋混凝土造,83年9月30日,八層,,持分移轉
RPQNMLKMMHOFFDV17CA,25,31.54,套房,鋼筋混凝土造,83年9月30日,八層,八層 陽台,全筆移轉
RPQNMLKMMHOFFDV17CA,25,6.07,樓梯間．門房走道,鋼筋混凝土造,83年9月30日,八層,,持分移轉
RPUNMLMJNHOFFAV27CA,1,212.30,住家用,ＲＣ造,107年1月17日,四層,一層 二層 三層 四層 見其他登記事項,全筆移轉
RPRNMLMJNHOFFAV96CA,47,99.32,住家用,鐵筋水泥磚造,61年10月6日,一層,一層 騎樓,全筆移轉
RPPNMLKKNHOFFDV96CA,25,31.54,套房,鋼筋混凝土造,83年9月30日,八層,六層 陽台,全筆移轉
RPPNMLKKNHOFFDV96CA,25,6.07,樓梯間．門房走道,鋼筋混凝土造,83年9月30日,八層,,持分移轉
RPOOMLLJNHOFFAV66CA,45,43.40,住家用,水泥磚木造蓋瓦,62年10月19日,一層,一層 騎樓,全筆移轉
RPUNMLNJNHOFFAV37CA,23,27.37,集合住宅,鋼筋混凝土造,85年6月28日,九層,二層 陽台,全筆移轉
RPUNMLNJNHOFFAV37CA,23,6.04,電梯，樓梯共同使用,鋼筋混凝土造,85年6月28日,九層,,持分移轉
RPUNMLNJNHOFFAV37CA,23,3.28,配電室．樓梯．電梯．機械房．通道．水箱．人行共同使用,鋼筋混凝土造,85年6月28日,九層,,持分移轉
RPQNMLQJNHOFFAV27CA,5,212.65,住家用,ＲＣ造,103年6月30日,三層,一層 二層 三層 見其他登記事項,全筆移轉
RPSNMLQJNHOFFAV47CA,39,111.59,住家用,鋼筋混凝土造,68年12月8日,二層,一層 二層 騎樓,全筆移轉
RPPNMLSJNHOFFDV67CA,25,21.54,套房,鋼筋混凝土造,83年9月30日,八層,八層 陽台,持分移轉
RPPNMLSJNHOFFDV67CA,25,21.54,套房,鋼筋混凝土造,83年9月30日,八層,八層 陽台,持分移轉
RPPNMLSJNHOFFDV67CA,25,4.77,樓梯間．門房走道,鋼筋混凝土造,83年9月30日,八層,,持分移轉
RPPNMLTJNHOFFBV67DA,40,63.74,住家用,鋼筋水泥磚,67年11月20日,三層,三層,全筆移轉
RPPNMLRJNHOFFDV67DA,24,30.87,套房,鋼筋混凝土造,84年7月14日,八層,一層 見其他登記事項,全筆移轉
RPPNMLRJNHOFFDV67DA,24,7.44,樓梯．電梯．機械房．水箱．清水池．走道．陽台．屋頂突出物,鋼筋混凝土造,84年7月14日,八層,,持分移轉
RPQNMLKKNHOFFDV07CA,24,34.58,套房,鋼筋混凝土造,84年1月10日,八層,五層,全筆移轉
RPQNMLKKNHOFFDV07CA,24,8.62,人行樓梯、電梯．大廳．防空避難室．屋頂突出物　,鋼筋混凝土造,84年1月10日,八層,,持分移轉
RPQNMLKKNHOFFDV07CA,24,3.74,走廊,鋼筋混凝土造,84年1月10日,八層,,持分移轉
RPPNMLRLNHOFFCV67CA,3,184.98,Ｈ２住宅,鋼筋混凝土造,104年12月18日,三層,一層 二層 三層 陽台,全筆移轉
RPSNMLTJNHOFFAV77CA,24,30.77,集合住宅,鋼筋混凝土造,84年3月27日,十層,三層 陽台,全筆移轉
RPSNMLTJNHOFFAV77CA,24,6.89,電梯、門廊、水箱、樓梯、配電室、機械室公同共有使用,鋼筋混凝土造,84年3月27日,十層,,持分移轉
RPUNMLOLNHOFFAV67CA,14,171.07,住家用,ＲＣ造,94年8月29日,三層,一層 二層 三層 見其他登記事項,全筆移轉
RPPNMLKKNHOFFAV66CA,23,177.19,集合住宅,鋼筋混凝土造,85年5月23日,四層,一層 二層 三層 四層 見其他登記事項,全筆移轉
RPRNMLNKNHOFFAV17CA,26,149.18,住家用,加強磚造,81年10月17日,二層,一層 二層 屋頂突出物,全筆移轉
RPXNMLNKNHOFFAV77CA,37,155.87,住家用,加強磚造,71年2月21日,二層,一層 二層 車庫,全筆移轉
RPQNMLOKNHOFFAV17CA,6,97.82,住家用,ＲＣ造,101年11月23日,三層,一層 二層 三層 見其他登記事項,持分移轉
RPQNMLOKNHOFFAV17CA,6,97.82,住家用,ＲＣ造,101年11月23日,三層,一層 二層 三層 見其他登記事項,持分移轉
RPPNMLPKNHOFFAV17CA,46,47.25,住家用,木石磚造,62年1月1日,一層,一層 騎樓,全筆移轉
RPPNMLPKLHOFFDV27CA,24,43.08,套房,鋼筋混凝土造,83年9月30日,八層,二層 陽台,全筆移轉
RPPNMLPKLHOFFDV27CA,24,9.54,樓梯間．門房走道,鋼筋混凝土造,83年9月30日,八層,,持分移轉
RPQNMLKMNHOFFAV96CA,32,116.71,住家用,加強磚造,75年12月16日,二層,一層 二層 陽台 騎樓,全筆移轉
RPWOMLKMNHOFFAV67CA,40,84.28,住家用,加強磚造,67年10月18日,二層,一層 二層,全筆移轉
RPXNMLKMNHOFFAV67CA,33,97.56,住家用,加強磚造,75年1月6日,二層,一層 二層 陽台 騎樓,全筆移轉
RPOOMLKMNHOFFAV86CA,20,197.13,住家用,鋼筋混凝土造,88年2月10日,三層,一層 二層 三層 陽台 平台 屋頂突出物,全筆移轉
RPQNMLPKLHOFFDV37CA,24,31.54,套房,鋼筋混凝土造,83年9月30日,八層,八層 陽台,全筆移轉
RPQNMLPKLHOFFDV37CA,24,6.07,樓梯間．門房走道,鋼筋混凝土造,83年9月30日,八層,,持分移轉
RPRNMLSKLHOFFDV77CA,37,99.96,住家用,加強磚造,70年12月2日,二層,一層 二層 騎樓,全筆移轉
RPPNMLLLLHOFFDV96CA,24,56.09,套房,鋼筋混凝土造,83年9月30日,八層,五層 陽台,全筆移轉
RPPNMLLLLHOFFDV96CA,24,16.26,樓梯間．門房走道,鋼筋混凝土造,83年9月30日,八層,,持分移轉
RPPNMLMLLHOFFAV86DA,22,448.61,門廊．停車空間．店舖住宅,鋼筋混凝土造,86年8月11日,四層,一層 二層 三層 四層 屋頂突出物 騎樓,全筆移轉
RPPNMLLLLHOFFCV86CA,7,195.36,騎樓、Ｈ２住宅,鋼筋混凝土造,101年7月30日,三層,一層 二層 三層 騎樓 見其他登記事項,全筆移轉
RPPNMLRLLHOFFDV57CA,24,33.25,套房,鋼筋混凝土造,84年7月14日,八層,五層 見其他登記事項,全筆移轉
RPPNMLRLLHOFFDV57CA,24,8.26,樓梯．電梯．機械房．水箱．清水池．走道．陽台．屋頂突出物,鋼筋混凝土造,84年7月14日,八層,,持分移轉
RPRNMLSLLHOFFDV87CA,25,38.25,出租套房,鋼筋混凝土造,82年11月8日,八層,四層 陽台,全筆移轉
RPRNMLSLLHOFFDV87CA,25,14.01,出租套房（共同使用）．樓梯間．機械房．水箱,鋼筋混凝土造,82年11月8日,八層,,持分移轉
RPPNMLRLLHOFFCV47CA,,281.34,Ｈ２住宅,鋼筋混凝土造,108年2月12日,四層,一層 二層 三層 四層 見其他登記事項,全筆移轉
RPRNMLKLLHOFFAV76CA,5,190.31,住家用,ＲＣ造,103年3月12日,三層,一層 二層 三層 見其他登記事項,全筆移轉
RPQNMLLLLHOFFAV76CA,24,124.33,店舖，集合住宅,鋼筋混凝土造,84年1月4日,三層,一層 二層 三層 陽台,全筆移轉
RPSNMLMLMHOFFAV27DA,23,90.95,集合住宅,鋼筋混凝土造,85年6月28日,九層,三層 陽台,全筆移轉
RPSNMLMLMHOFFAV27DA,23,.05,商業用,鋼筋混凝土造,85年6月28日,九層,一層,持分移轉
RPVNMLPLLHOFFAV67CA,25,83.53,集合住宅,鋼筋混凝土造,83年5月16日,十三層,九層 陽台,全筆移轉
RPVNMLPLLHOFFAV67CA,25,.30,樓梯間,鋼筋混凝土造,83年5月16日,十三層,,持分移轉
RPVNMLPLLHOFFAV67CA,25,.28,空白,鋼筋混凝土造,83年5月16日,十三層,,持分移轉
RPVNMLPLLHOFFAV67CA,25,.30,樓梯間,鋼筋混凝土造,83年5月16日,十三層,,持分移轉
RPVNMLPLLHOFFAV67CA,25,.30,樓梯間,鋼筋混凝土造,83年5月16日,十三層,,持分移轉
RPVNMLPLLHOFFAV67CA,25,.37,空白,鋼筋混凝土造,83年5月16日,十三層,,持分移轉
RPVNMLPLLHOFFAV67CA,25,.30,空白,鋼筋混凝土造,83年5月16日,十三層,,持分移轉
RPVNMLPLLHOFFAV67CA,25,.27,空白,鋼筋混凝土造,83年5月16日,十三層,,持分移轉
RPVNMLPLLHOFFAV67CA,25,.75,樓梯間,鋼筋混凝土造,83年5月16日,十三層,,持分移轉
RPVNMLPLLHOFFAV67CA,25,.37,樓梯間,鋼筋混凝土造,83年5月16日,十三層,,持分移轉
RPVNMLPLLHOFFAV67CA,25,.14,樓梯間,鋼筋混凝土造,83年5月16日,十三層,,持分移轉
RPVNMLPLLHOFFAV67CA,25,.30,樓梯間,鋼筋混凝土造,83年5月16日,十三層,,持分移轉
RPVNMLPLLHOFFAV67CA,25,.34,空白,鋼筋混凝土造,83年5月16日,十三層,,持分移轉
RPVNMLPLLHOFFAV67CA,25,11.13,避難室,鋼筋混凝土造,83年5月16日,十三層,,持分移轉
RPVNMLPLLHOFFAV67CA,25,.30,樓梯間,鋼筋混凝土造,83年5月16日,十三層,,持分移轉
RPVNMLPLLHOFFAV67CA,25,.37,樓梯間,鋼筋混凝土造,83年5月16日,十三層,,持分移轉
RPVNMLPLLHOFFAV67CA,25,.30,樓梯間,鋼筋混凝土造,83年5月16日,十三層,,持分移轉
RPVNMLPLLHOFFAV67CA,25,.27,空白,鋼筋混凝土造,83年5月16日,十三層,,持分移轉
RPVNMLPLLHOFFAV67CA,25,.14,樓梯間,鋼筋混凝土造,83年5月16日,十三層,,持分移轉
RPVNMLPLLHOFFAV67CA,25,.37,樓梯間,鋼筋混凝土造,83年5月16日,十三層,,持分移轉
RPVNMLPLLHOFFAV67CA,25,.56,樓梯間,鋼筋混凝土造,83年5月16日,十三層,,持分移轉
RPVNMLPLLHOFFAV67CA,25,.37,樓梯間,鋼筋混凝土造,83年5月16日,十三層,,持分移轉
RPVNMLPLLHOFFAV67CA,25,1.13,樓梯間走道,鋼筋混凝土造,83年5月16日,十三層,,持分移轉
RPVNMLPLLHOFFAV67CA,25,.30,樓梯間,鋼筋混凝土造,83年5月16日,十三層,,持分移轉
RPVNMLPLLHOFFAV67CA,25,.30,樓梯間,鋼筋混凝土造,83年5月16日,十三層,,持分移轉
RPVNMLPLLHOFFAV67CA,25,.37,樓梯間,鋼筋混凝土造,83年5月16日,十三層,,持分移轉
RPVNMLPLLHOFFAV67CA,25,.37,樓梯間,鋼筋混凝土造,83年5月16日,十三層,,持分移轉
RPVNMLPLLHOFFAV67CA,25,.30,樓梯間,鋼筋混凝土造,83年5月16日,十三層,,持分移轉
RPVNMLPLLHOFFAV67CA,25,.53,樓梯間,鋼筋混凝土造,83年5月16日,十三層,,持分移轉
RPVNMLPLLHOFFAV67CA,25,.30,樓梯間,鋼筋混凝土造,83年5月16日,十三層,,持分移轉
RPVNMLPLLHOFFAV67CA,25,.37,樓梯間,鋼筋混凝土造,83年5月16日,十三層,,持分移轉
RPVNMLPLLHOFFAV67CA,25,.37,樓梯間,鋼筋混凝土造,83年5月16日,十三層,,持分移轉
RPVNMLPLLHOFFAV67CA,25,.37,樓梯間,鋼筋混凝土造,83年5月16日,十三層,,持分移轉
RPWNMLRLLHOFFAV97CA,40,77.28,住家用,加強磚造,68年8月14日,二層,一層 二層,全筆移轉
RPPNMLMJMHOFFBV76CA,,190.80,住家用,有牆鋼架造,107年11月12日,二層,一層 二層,全筆移轉
RPRNMLTLLHOFFAV67CA,22,86.78,鄉村住宅,鋼筋混凝土造,85年12月24日,三層,一層 二層 三層 陽台,持分移轉
RPRNMLTLLHOFFAV67CA,22,86.78,鄉村住宅,鋼筋混凝土造,85年12月24日,三層,一層 二層 三層 陽台,持分移轉
RPPNMLMKMHOFFAV76CA,42,79.74,住家用,鋼筋混凝土造,66年4月25日,二層,一層 二層 夾層,全筆移轉
RPQNMLMJMHOFFAV86DA,12,169.41,住家用,ＲＣ造,96年2月13日,三層,一層 二層 三層 見其他登記事項,全筆移轉
RPRNMLSJMHOFFAV47CA,52,78.80,住家用,磚石造,56年7月1日,一層,一層,全筆移轉
RPRNMLKKMHOFFCV96CA,67,22.65,住家用,木石磚造（磚石造）,,一層,一層,全筆移轉
RPRNMLNKMHOFFAV17DA,26,28.06,集合住宅,鋼筋混凝土造,82年5月22日,十二層,四層 陽台,全筆移轉
RPTNMLNKMHOFFAV37DA,26,29.19,集合住宅,鋼筋混凝土造,82年5月22日,十二層,八層 陽台,全筆移轉
RPSNMLMKMHOFFAV07CA,38,288.60,住家用,鋼筋水泥磚,70年3月27日,四層,一層 二層 三層 四層 騎樓 地下層,全筆移轉
RPSNMLNKMHOFFAV27DA,26,38.26,集合住宅,鋼筋混凝土造,82年5月22日,十二層,八層 陽台,全筆移轉
RPPNMLQKMHOFFAV27DA,23,176.37,住家用,鋼筋混凝土造,85年2月16日,三層,一層 二層 三層 陽台 平台 露台,全筆移轉
RPPNMLRKMHOFFBV47DA,23,121.68,鄉村住宅,加強磚造,85年5月14日,二層,一層 二層,全筆移轉
RPPNMLLKMHOFFAV66CA,21,273.54,騎樓．住宅．店舖,鋼筋混凝土造,87年5月11日,四層,一層 二層 三層 四層 陽台 騎樓,全筆移轉
RPPNMLNKMHOFFAV96DA,26,38.26,集合住宅,鋼筋混凝土造,82年5月22日,十二層,九層 陽台,全筆移轉
RPXNMLKKMHOFFAV37CA,42,94.08,住家用,鋼筋水泥造,66年6月3日,二層,一層 二層 騎樓,全筆移轉
RPSOMLTLMHOFFAV97CA,32,121.27,住家用,加強磚造,75年11月10日,二層,一層 二層 陽台 屋頂突出物,全筆移轉
RPQNMLNKMHOFFAV07DA,26,24.33,集合住宅,鋼筋混凝土造,82年5月22日,十二層,九層 陽台,全筆移轉
RPPNMLPKMHOFFDV47DA,24,33.46,套房,鋼筋混凝土造,83年9月30日,八層,八層 陽台,全筆移轉
RPPNMLPKMHOFFDV47DA,24,7.59,樓梯間．門房走道,鋼筋混凝土造,83年9月30日,八層,,持分移轉
RPOOMLKKMHOFFAV66DA,5,195.88,住家用,ＲＣ造,103年3月17日,三層,一層 二層 三層 見其他登記事項,全筆移轉
RPQNMLMJNHOFFCV07CA,22,243.28,住家用,鋼筋混凝土造,86年5月2日,三層,一層 二層 三層 屋頂突出物,全筆移轉
RPTOMLTLMHOFFAV08CA,30,141.96,住家用,加強磚造,78年4月6日,二層,一層 二層 屋頂突出物,全筆移轉
RPUOMLTLMHOFFAV18CA,45,87.00,住家用,鐵筋水泥磚,63年5月1日,二層,一層 二層,全筆移轉
RPPNMLPKMHOFFAV07CA,43,47.60,住家用,水泥磚木蓋瓦,65年3月1日,一層,一層,全筆移轉
RPSNMLPKMHOFFAV37CA,37,207.27,住家用,鋼筋混凝土加強磚造,70年10月30日,三層,一層 二層 三層 騎樓 地下層,全筆移轉
RPQNMLTLMHOFFBV77CA,36,74.11,農民住宅,加強磚造,72年5月1日,一層,一層 廚房,全筆移轉
RPQNMLSKMHOFFAV47CA,46,74.07,住家用,鐵筋水泥磚,62年5月10日,三層,三層,全筆移轉
RPVNMLSKMHOFFAV97CA,23,27.37,集合住宅,鋼筋混凝土造,85年6月28日,九層,二層 陽台,全筆移轉
RPVNMLSKMHOFFAV97CA,23,6.04,電梯，樓梯共同使用,鋼筋混凝土造,85年6月28日,九層,,持分移轉
RPVNMLSKMHOFFAV97CA,23,3.28,配電室．樓梯．電梯．機械房．通道．水箱．人行共同使用,鋼筋混凝土造,85年6月28日,九層,,持分移轉
RPVNMLNLMHOFFAV57CA,20,152.87,辦公室,鋼筋混凝土造,87年12月16日,九層,二層 陽台,全筆移轉
RPVNMLNLMHOFFAV57CA,20,26.32,樓梯．電梯．汽車昇降梯．門廊．門．走道．樓梯間．機械室．水箱,鋼筋混凝土造,87年12月16日,九層,,持分移轉
RPVNMLNLMHOFFAV57CA,20,18.64,避難室．停車空間．配電室．機械室．汽車昇降電梯．樓梯．電梯,鋼筋混凝土造,87年12月16日,九層,,持分移轉
RPQNMLTLMHOFFAV67CA,36,93.41,集合住宅,鋼筋混凝土造,72年2月22日,四層,三層 陽台,全筆移轉
RPQNMLTLMHOFFAV67CA,36,6.83,國民住宅．走道,鋼筋混凝土造,72年2月22日,四層,,持分移轉
RPTNMLNLMHOFFAV37CA,23,146.40,住宅．停車空間,鋼筋混凝土造,85年1月30日,三層,一層 二層 三層 陽台 屋頂突出物,全筆移轉
RPVNMLMLMHOFFAV47CA,2,209.61,住宅、樓梯間,ＲＣ造,105年12月7日,三層,一層 二層 三層 見其他登記事項 見其他登記事項,全筆移轉
RPTNMLMLMHOFFAV27CA,39,104.58,住家用,加強磚造,69年2月26日,二層,一層 二層,全筆移轉
RPPNMLPKNHOFFCV37CA,21,197.27,住家用,鋼筋混凝土造,87年8月7日,三層,一層 二層 三層 陽台,全筆移轉
RPVOMLTLMHOFFAV28CA,25,65.78,集合住宅,鋼筋混凝土造,83年4月19日,十四層,十三層 陽台,全筆移轉
RPVOMLTLMHOFFAV28CA,25,20.51,避難室，電梯．樓梯．地下室．通廊共同使用,鋼筋混凝土造,83年4月19日,十四層,,持分移轉
RPOOMLOLMHOFFAV07CA,3,238.64,住家用,ＲＣ造,105年1月5日,三層,一層 二層 三層 見其他登記事項,全筆移轉
RPTNMLLJNHOFFAV07CA,5,273.23,住家用,ＲＣ造,102年10月22日,四層,一層 二層 三層 四層 見其他登記事項,全筆移轉
RPXNMLOLMHOFFAV87CA,,50.69,住家用,水泥磚木蓋瓦,,一層,一層 騎樓 廚房,全筆移轉
RPQNMLPLMHOFFAV27CA,35,112.86,住家用,見其他登記事項,73年8月7日,二層,一層 二層 陽台 騎樓,全筆移轉
RPTNMLTLMHOFFAV97CA,15,218.82,住家用,鋼筋混凝土造,93年3月5日,三層,一層 二層 三層 見其他登記事項,全筆移轉
RPWOMLTLMHOFFAV38CA,16,152.42,住商用,鋼筋混凝土造,92年2月24日,三層,一層 二層 三層 陽台,全筆移轉
RPPNMLKMMHOFFAV76CA,26,129.70,住家用,鋼筋混凝土造,82年7月3日,三層,一層 二層 三層,全筆移轉
RPPNMLTLMHOFFAV57CA,21,85.50,住家用,見其他登記事項,87年1月15日,一層,一層,全筆移轉
RPPOMLTLMHOFFAV67CA,8,206.89,住宅、樓梯間,ＲＣ造,100年5月13日,三層,一層 二層 三層 屋頂突出物 見其他登記事項,全筆移轉
RPPNMLLJNHOFFBV76CA,12,98.88,Ｃ２農業資材室,有牆鋼架造,95年12月6日,一層,一層,全筆移轉
RPSNMLRJNHOFFAV57CA,8,204.03,住家用,ＲＣ造,100年9月21日,三層,一層 二層 三層 見其他登記事項,全筆移轉
RPQOMLLJNHOFFAV86CA,41,93.60,住家用,鋼筋混凝土造,67年4月20日,二層,一層 二層,全筆移轉
RPTNMLNJNHOFFAV27CA,3,216.67,住家用,ＲＣ造,105年8月10日,三層,一層 二層 三層 見其他登記事項 見其他登記事項,全筆移轉
RPTNMLQJNHOFFAV67DA,37,89.63,住家用,加強磚造,71年2月5日,二層,一層 二層,全筆移轉
RPRNMLTKKHOFFDV77CA,24,31.54,套房,鋼筋混凝土造,83年9月30日,八層,五層 陽台,全筆移轉
RPRNMLTKKHOFFDV77CA,24,6.07,樓梯間．門房走道,鋼筋混凝土造,83年9月30日,八層,,持分移轉
RPVNMLMLNHOFFAV67DA,42,71.52,住家用,鋼筋水泥加強磚造,66年5月10日,二層,一層 二層,全筆移轉
RPVNMLMLNHOFFAV67DA,36,35.76,住家用,鐵筋水泥加強磚造,72年6月1日,三層,三層,全筆移轉
RPUNMLNKNHOFFAV47CA,24,83.95,集合住宅,鋼筋混凝土造,84年1月25日,十層,五層 陽台 花台,全筆移轉
RPUNMLNKNHOFFAV47CA,,2.09,樓梯，電梯，機械房,鋼筋混凝土造,,十層,,持分移轉
RPUNMLNKNHOFFAV47CA,24,9.24,樓梯．電梯間,鋼筋混凝土造,84年1月25日,十層,,持分移轉
RPUNMLNKNHOFFAV47CA,24,2.23,門廳．車道．水箱．交誼廳．通道,鋼筋混凝土造,84年1月25日,十層,,持分移轉
RPUNMLNKNHOFFAV47CA,24,11.37,防空避難室．配電室．停車空間,鋼筋混凝土造,84年1月25日,十層,,持分移轉
RPVNMLNKNHOFFAV57CA,25,102.02,集合住宅,鋼筋混凝土造,82年12月3日,四層,一層 平台,全筆移轉
RPVNMLNKNHOFFAV57CA,25,.24,樓梯間．屋頂突出物．公同使用,鋼筋混凝土造,82年12月3日,四層,,持分移轉
RPVNMLNKNHOFFAV57CA,25,.25,樓梯間．公同使用,鋼筋混凝土造,82年12月3日,四層,,持分移轉
RPQOMLRLKHOFFAV37CA,37,91.53,住家用,鋼筋混凝土造,70年10月21日,七層,六層 陽台,全筆移轉
RPVNMLNKNHOFFAV57CA,25,.24,樓梯間．屋頂突出物．公同使用,鋼筋混凝土造,82年12月3日,四層,,持分移轉
RPVNMLNKNHOFFAV57CA,25,.25,樓梯間．屋頂突出物．公同使用,鋼筋混凝土造,82年12月3日,四層,,持分移轉
RPVNMLNKNHOFFAV57CA,25,.25,樓梯間．公同使用,鋼筋混凝土造,82年12月3日,四層,,持分移轉
RPVNMLNKNHOFFAV57CA,25,.24,樓梯間．公同使用,鋼筋混凝土造,82年12月3日,四層,,持分移轉
RPVNMLNKNHOFFAV57CA,25,.24,樓梯間．公同使用,鋼筋混凝土造,82年12月3日,四層,,持分移轉
RPVNMLNKNHOFFAV57CA,25,.24,樓梯間．公同使用,鋼筋混凝土造,82年12月3日,四層,,持分移轉
RPVNMLNKNHOFFAV57CA,25,.67,樓梯間．公同使用,鋼筋混凝土造,82年12月3日,四層,,持分移轉
RPVNMLNKNHOFFAV57CA,25,.25,樓梯間．屋頂突出物．公同使用,鋼筋混凝土造,82年12月3日,四層,,持分移轉
RPVNMLNKNHOFFAV57CA,25,.24,樓梯間．屋頂突出物．公同使用,鋼筋混凝土造,82年12月3日,四層,,持分移轉
RPVNMLNKNHOFFAV57CA,25,.24,樓梯間．共同使用,鋼筋混凝土造,82年12月3日,四層,,持分移轉
RPVNMLNKNHOFFAV57CA,25,.25,樓梯間．屋頂突出物．公同使用,鋼筋混凝土造,82年12月3日,四層,,持分移轉
RPVNMLNKNHOFFAV57CA,25,.24,樓梯間．屋頂突出物．公同使用,鋼筋混凝土造,82年12月3日,四層,,持分移轉
RPVNMLNKNHOFFAV57CA,25,.25,樓梯間．屋頂突出物．公同使用,鋼筋混凝土造,82年12月3日,四層,,持分移轉
RPVNMLNKNHOFFAV57CA,25,.24,樓梯間．公同使用,鋼筋混凝土造,82年12月3日,四層,,持分移轉
RPVNMLNKNHOFFAV57CA,25,.24,樓梯間．屋頂突出物．公同使用,鋼筋混凝土造,82年12月3日,四層,,持分移轉
RPVNMLNKNHOFFAV57CA,25,.24,樓梯間．公同使用,鋼筋混凝土造,82年12月3日,四層,,持分移轉
RPRNMLQLKHOFFAV27CA,46,90.09,住家用,鐵筋水泥磚,62年4月26日,二層,一層 二層 騎樓,全筆移轉
RPVNMLNKNHOFFAV57CA,25,.24,樓梯間．屋頂突出物．公同使用,鋼筋混凝土造,82年12月3日,四層,,持分移轉
RPVNMLNKNHOFFAV57CA,25,3.49,避難室．機械室．公同使用,鋼筋混凝土造,82年12月3日,四層,,持分移轉
RPVNMLNKNHOFFAV57CA,25,.24,樓梯間．公同使用,鋼筋混凝土造,82年12月3日,四層,,持分移轉
RPVNMLNKNHOFFAV57CA,25,.25,樓梯間．屋頂突出物．公同使用,鋼筋混凝土造,82年12月3日,四層,,持分移轉
RPVNMLNKNHOFFAV57CA,25,.24,樓梯間．公同使用,鋼筋混凝土造,82年12月3日,四層,,持分移轉
RPVNMLNKNHOFFAV57CA,25,.24,樓梯間．屋頂突出物．公同使用,鋼筋混凝土造,82年12月3日,四層,,持分移轉
RPVNMLNKNHOFFAV57CA,25,.67,樓梯間．公同使用,鋼筋混凝土造,82年12月3日,四層,,持分移轉
RPVNMLNKNHOFFAV57CA,25,.24,樓梯間．屋頂突出物．公同使用,鋼筋混凝土造,82年12月3日,四層,,持分移轉
RPVNMLNKNHOFFAV57CA,25,.24,樓梯間．屋頂突出物．公同使用,鋼筋混凝土造,82年12月3日,四層,,持分移轉
RPVNMLNKNHOFFAV57CA,25,.24,樓梯間．屋頂突出物．公同使用,鋼筋混凝土造,82年12月3日,四層,,持分移轉
RPVNMLNKNHOFFAV57CA,25,.24,樓梯間．公同使用,鋼筋混凝土造,82年12月3日,四層,,持分移轉
RPVNMLNKNHOFFAV57CA,25,.25,樓梯間．公同使用,鋼筋混凝土造,82年12月3日,四層,,持分移轉
RPVNMLNKNHOFFAV57CA,25,.24,樓梯間．公同使用,鋼筋混凝土造,82年12月3日,四層,,持分移轉
RPVNMLNKNHOFFAV57CA,25,2.20,避難室．機械室．共同使用,鋼筋混凝土造,82年12月3日,四層,,持分移轉
RPVNMLNKNHOFFAV57CA,25,.24,樓梯間．公同使用,鋼筋混凝土造,82年12月3日,四層,,持分移轉
RPVNMLNKNHOFFAV57CA,25,.24,樓梯間．公同使用,鋼筋混凝土造,82年12月3日,四層,,持分移轉
RPTNMLPLKHOFFAV47DA,8,2107.35,旅館,ＲＣ造,100年6月24日,五層,一層 二層 三層 四層 五層 屋頂突出物 見其他登記事項,全筆移轉
RPPNMLRJLHOFFDV37CA,24,33.46,套房,鋼筋混凝土造,83年9月30日,八層,八層 陽台,全筆移轉
RPPNMLRJLHOFFDV37CA,24,7.59,樓梯間．門房走道,鋼筋混凝土造,83年9月30日,八層,,持分移轉
RPSNMLRJLHOFFAV37CA,47,37.28,住家用,蓋瓦水泥空心磚木,60年10月22日,一層,一層,全筆移轉
RPTNMLQJLHOFFAV47DA,25,87.17,集合住宅,鋼筋混凝土造,83年4月19日,十四層,八層 陽台,全筆移轉
RPTNMLQJLHOFFAV47DA,25,24.52,避難室，電梯．樓梯．地下室．通廊共同使用,鋼筋混凝土造,83年4月19日,十四層,,持分移轉
RPUNMLQJLHOFFAV47CA,41,128.31,住家用,加強磚造,67年2月14日,二層,一層 二層 騎樓,全筆移轉
RPRNMLRJLHOFFCV47CA,,20.04,住商用,加強磚造,,二層,一層 二層 騎樓,持分移轉
RPPNMLSLLHOFFDV67CA,24,6.07,樓梯間．門房走道,鋼筋混凝土造,83年9月30日,八層,,持分移轉
RPPNMLSLLHOFFDV67CA,24,31.54,套房,鋼筋混凝土造,83年9月30日,八層,六層 陽台,全筆移轉
RPPNMLMKLHOFFDV96CA,24,31.54,套房,鋼筋混凝土造,83年9月30日,八層,七層 陽台,全筆移轉
RPPNMLMKLHOFFDV96CA,24,6.07,樓梯間．門房走道,鋼筋混凝土造,83年9月30日,八層,,持分移轉
RPPNMLMKLHOFFCV86CA,23,128.24,住家用,鋼筋混凝土造,85年4月2日,二層,一層 二層 屋頂突出物,全筆移轉
RPPNMLPLNHOFFDV57CA,24,184.99,住家用,鋼筋混凝土造,84年7月25日,三層,一層 二層 三層 騎樓 電梯樓梯間 見其他登記事項,全筆移轉
RPPNMLNKLHOFFAV76CA,40,118.55,住家用,加強磚造,68年6月26日,二層,一層 二層 騎樓,全筆移轉
RPSNMLMKLHOFFAV96CA,14,127.55,住家用,加強磚造,94年4月12日,二層,一層 二層,全筆移轉
RPPNMLNKLHOFFDV17DA,25,27.41,住家用,鋼筋混凝土造,82年12月31日,五層,二層 陽台,全筆移轉
RPPNMLNKLHOFFDV17DA,25,10.25,樓梯間、走廊、樓梯通道．配電機房．停車場．屋頂突出物,鋼筋混凝土造,82年12月31日,五層,,持分移轉
RPPNMLTLLHOFFAV47CA,,264.44,農舍,ＲＣ造,108年1月25日,二層,一層 二層 見其他登記事項,全筆移轉
RPPNMLSKLHOFFAV27CA,40,39.52,住家用,空心磚木造,68年1月11日,一層,一層,全筆移轉
RPSNMLPKLHOFFAV27CA,23,86.57,集合住宅,鋼筋混凝土造,84年12月20日,七層,三層 陽台,全筆移轉
RPSNMLPKLHOFFAV27CA,,32.96,避難室、門廳、電樓梯間,鋼筋混凝土造,,七層,,持分移轉
RPTNMLPKLHOFFAV37CA,7,247.98,住家用,ＲＣ造,100年12月14日,三層,一層 二層 三層 見其他登記事項,全筆移轉
RPRNMLPKLHOFFAV17CA,19,194.99,住家用,鋼筋混凝土造,89年6月7日,三層,一層 二層 三層 陽台,全筆移轉
RPQNMLSKLHOFFAV37CA,20,307.69,鄉村住宅,木造,88年1月26日,二層,一層 二層 陽台,全筆移轉
RPPNMLTLLHOFFCV67CA,49,78.76,住家用,木石磚造（磚石造）,,一層,一層,全筆移轉
RPUNMLKLLHOFFAV07CA,24,79.51,集合住宅,鋼筋混凝土造,84年1月25日,十層,三層 陽台 花台,全筆移轉
RPUNMLKLLHOFFAV07CA,24,2.26,門廳．車道．水箱．交誼廳．通道,鋼筋混凝土造,84年1月25日,十層,,持分移轉
RPUNMLKLLHOFFAV07CA,,2.14,樓梯，電梯，機械房,鋼筋混凝土造,,十層,,持分移轉
RPUNMLKLLHOFFAV07CA,24,11.52,防空避難室．配電室．停車空間,鋼筋混凝土造,84年1月25日,十層,,持分移轉
RPUNMLKLLHOFFAV07CA,24,9.44,樓梯．電梯間,鋼筋混凝土造,84年1月25日,十層,,持分移轉
RPQOMLLLLHOFFAV86CA,32,152.41,住家用,加強磚造,76年5月15日,二層,一層 二層 屋頂突出物,全筆移轉
RPPNMLQLLHOFFAV17CA,38,69.22,住家用,加強磚造,69年12月10日,二層,一層 二層,全筆移轉
RPSOMLLLLHOFFAV07CA,45,50.69,住家用,水泥磚木蓋瓦,63年7月10日,一層,一層 騎樓 廚房,全筆移轉
RPPNMLTJMHOFFCV57CA,45,84.48,住家用,磚石造,,一層,一層,全筆移轉
RPPNMLQKMHOFFBV27CA,27,107.83,住家用,加強磚造,81年5月18日,一層,一層 騎樓,全筆移轉
RPQNMLRLLHOFFDV67CA,24,8.26,樓梯．電梯．機械房．水箱．清水池．走道．陽台．屋頂突出物,鋼筋混凝土造,84年7月14日,八層,,持分移轉
RPQNMLRLLHOFFDV67CA,24,32.84,套房,鋼筋混凝土造,84年7月14日,八層,一層 見其他登記事項,全筆移轉
RPQNMLQLLHOFFDV57CA,11,161.84,車庫，住宅，樓梯間,ＲＣ造,97年5月22日,三層,一層 二層 三層 見其他登記事項,全筆移轉
RPRNMLQLLHOFFDV67CA,11,146.28,店舖，住宅，樓梯間,ＲＣ造,97年5月22日,三層,一層 二層 三層 見其他登記事項,全筆移轉
RPPOMLRLLHOFFAV37CA,25,170.13,住商用,鋼筋混凝土造,83年5月11日,四層,一層 二層 三層 四層 騎樓,全筆移轉
RPUNMLTLMHOFFAV08CA,13,233.80,人行道、店舖、住宅,ＲＣ造,94年12月13日,四層,一層 二層 三層 四層 騎樓 見其他登記事項,全筆移轉
RPWNMLTLMHOFFAV28CA,13,233.80,人行道、店舖、住宅,ＲＣ造,94年12月13日,四層,一層 二層 三層 四層 騎樓 見其他登記事項,全筆移轉
RPQNMLKKMHOFFCV86CA,33,159.66,住家用,加強磚造,75年6月19日,一層,一層 騎樓 電梯樓梯間,全筆移轉
RPXNMLTLMHOFFAV38CA,13,233.80,人行道、店舖、住宅,ＲＣ造,94年12月13日,四層,一層 二層 三層 四層 騎樓 見其他登記事項,全筆移轉
RPPNMLMJMHOFFAV66CA,38,151.04,住家用,加強磚造,70年5月8日,二層,一層 二層,全筆移轉
RPQNMLLJMHOFFAV66CA,14,231.15,住家用,鋼筋混凝土造,93年10月26日,三層,一層 二層 三層 屋頂突出物 見其他登記事項,全筆移轉
RPRNMLKKMHOFFAV76CA,50,50.50,住家用,磚石造,58年1月15日,一層,一層 騎樓,全筆移轉
RPQNMLSJMHOFFAV37CA,19,179.25,店舖、住宅、騎樓,鋼筋混凝土造,89年3月22日,三層,一層 二層 三層 陽台 騎樓,全筆移轉
RPQNMLNJMHOFFCV17DA,,125.70,住商用,鐵筋水泥磚,,二層,一層 二層 騎樓,全筆移轉
RPPNMLSJMHOFFAV27CA,4,200.95,住家用,ＲＣ造,104年1月7日,三層,一層 二層 三層 見其他登記事項,全筆移轉
RPSNMLTJMHOFFAV67CA,39,125.28,住家用,加強磚造,68年12月28日,二層,一層 二層,全筆移轉
RPQNMLQLMHOFFCV57CA,,51.52,商業用,木造,,一層,一層 騎樓,全筆移轉
RPRNMLLJNHOFFAV86CA,32,228.83,住商用,鋼筋混凝土造,76年4月18日,三層,一層 二層 三層 屋頂突出物 騎樓 地下層,全筆移轉
RPRNMLQKMHOFFAV37CA,12,234.67,住宅、樓梯間,ＲＣ造,96年7月23日,三層,一層 二層 三層 見其他登記事項,全筆移轉
RPPNMLLJNHOFFAV66CA,23,828.72,住商用,有牆鋼架造,85年3月24日,二層,一層 二層 騎樓,全筆移轉
RPSNMLTLMHOFFAV97DA,11,122.78,店舖、住宅、騎樓,ＲＣ造,96年11月19日,三層,一層 二層 三層 騎樓 見其他登記事項,持分移轉
RPTNMLSKMHOFFAV77CA,,31.67,住商用,鐵筋水泥磚,,二層,一層 二層,持分移轉
RPTNMLSKMHOFFAV77CA,,31.67,住商用,鐵筋水泥磚,,二層,一層 二層,持分移轉
RPWNMLKKNHOFFAV37CA,39,93.34,住家用,加強磚造,69年2月11日,二層,一層 二層,全筆移轉
RPTNMLNKNHOFFAV37CA,38,104.04,住家用,加強磚造,70年2月13日,二層,一層 二層,全筆移轉
RPQNMLPKKHOFFDV27CA,24,6.07,樓梯間．門房走道,鋼筋混凝土造,83年9月30日,八層,,持分移轉
RPQNMLPKKHOFFDV27CA,24,31.54,套房,鋼筋混凝土造,83年9月30日,八層,七層 陽台,全筆移轉
RPRNMLOKKHOFFDV27CA,11,134.64,車庫，住宅,ＲＣ造,97年5月22日,三層,一層 二層 三層,全筆移轉
RPQNMLTKKHOFFAV47DA,40,107.52,住家用,加強磚造,68年3月20日,二層,一層 二層,全筆移轉
RPQNMLNKKHOFFAV76CA,43,113.49,住商用,鐵筋水泥磚,65年5月18日,三層,一層 二層 三層 騎樓,全筆移轉
RPSNMLTKKHOFFDV87CA,24,31.54,套房,鋼筋混凝土造,83年9月30日,八層,七層 陽台,全筆移轉
RPSNMLTKKHOFFDV87CA,24,6.07,樓梯間．門房走道,鋼筋混凝土造,83年9月30日,八層,,持分移轉
RPPNMLNLKHOFFAV76CA,23,24.58,集合住宅,鋼筋混凝土造,85年1月10日,三層,二層,全筆移轉
RPPNMLNLKHOFFAV76CA,23,5.94,樓梯間、集合住宅（共同使用）,鋼筋混凝土造,85年1月10日,三層,,持分移轉
RPQNMLPLKHOFFDV37CA,24,31.54,套房,鋼筋混凝土造,83年9月30日,八層,六層 陽台,全筆移轉
RPQNMLPLKHOFFDV37CA,24,6.07,樓梯間．門房走道,鋼筋混凝土造,83年9月30日,八層,,持分移轉
RPUNMLLKLHOFFAV07CA,21,179.58,住家用,鋼筋混凝土造,87年5月26日,三層,一層 二層 三層 陽台 平台,全筆移轉
RPSNMLMLKHOFFAV96CA,,92.00,住家用,鐵筋水泥磚,,一層,一層 騎樓,全筆移轉
RPQNMLRLKHOFFAV27CA,38,110.88,住家用,加強磚造,69年10月6日,二層,一層 二層 騎樓,全筆移轉
RPUNMLMLKHOFFAV17CA,40,119.80,住家用,加強磚造,68年7月17日,二層,一層 二層 騎樓,全筆移轉
RPVNMLPLKHOFFAV57CA,,301.11,騎樓、店鋪、住宅、樓梯間,ＲＣ造,107年11月7日,四層,一層 二層 三層 四層 屋頂突出物 騎樓 見其他登記事項,全筆移轉
RPXNMLPLKHOFFAV77CA,,297.51,騎樓、店鋪、住宅、樓梯間,ＲＣ造,107年11月7日,四層,一層 二層 三層 四層 屋頂突出物 騎樓 見其他登記事項,全筆移轉
RPUNMLQLKHOFFAV57CA,41,112.14,住家用,鋼筋水泥加強磚造,66年10月3日,二層,一層 二層 騎樓,全筆移轉
RPRNMLSKLHOFFAV47CA,23,180.64,住商用,鋼筋混凝土造,84年12月26日,三層,一層 二層 三層 騎樓 見其他登記事項,全筆移轉
RPPNMLRLKHOFFAV17CA,24,109.58,集合住宅,鋼筋混凝土造,84年2月17日,八層,二層 陽台 花台,全筆移轉
RPPNMLRLKHOFFAV17CA,24,14.08,車道、警衛室、托兒所、電梯、樓梯,鋼筋混凝土造,84年2月17日,八層,,持分移轉
RPPNMLRLKHOFFAV17CA,24,19.35,防空避難室暨停車空間、配電室,鋼筋混凝土造,84年2月17日,八層,,持分移轉
RPSNMLQLKHOFFAV37CA,7,178.15,住家用,ＲＣ造,100年9月28日,三層,一層 二層 三層 見其他登記事項,全筆移轉
RPRNMLOJLHOFFAV96CA,40,92.59,住家用,加強磚造,68年3月27日,二層,一層 二層,全筆移轉
RPPNMLQJLHOFFAV96CA,37,93.76,住家用,鋼筋混凝土造,70年10月21日,七層,二層 陽台,全筆移轉
RPPNMLQJLHOFFAV96CA,,14.92,汽車昇降機間．避難室停車場,鋼筋混凝土造,,一層,,持分移轉
RPPNMLQJLHOFFAV96CA,37,16.28,公共通道．水塔,鋼筋混凝土造,70年10月21日,七層,,持分移轉
RPTNMLLLLHOFFAV07CA,23,81.02,集合住宅,鋼筋混凝土造,84年12月20日,七層,三層 陽台,全筆移轉
RPTNMLLLLHOFFAV07CA,,29.66,避難室、門廳、電樓梯間,鋼筋混凝土造,,七層,,持分移轉
RPTNMLPLLHOFFAV57DA,42,93.20,住家用,加強磚造、磚石造,66年2月5日,二層,一層 二層,全筆移轉
RPOOMLKLLHOFFAV56CA,30,145.60,住家用,加強磚造,77年8月25日,二層,一層 二層,全筆移轉
RPPOMLKLLHOFFAV66CA,23,134.32,住家用,鋼筋混凝土造,84年10月26日,三層,一層 二層 三層 陽台,全筆移轉
RPQNMLOJLHOFFAV86CA,23,32.66,集合住宅,鋼筋混凝土結構造,84年10月4日,十二層,八層,全筆移轉
RPQNMLOJLHOFFAV86CA,23,9.33,避難室．樓梯間．走道（共同使用部份）,鋼筋混凝土結構造,84年10月4日,十二層,,持分移轉
RPSNMLPJLHOFFAV17CA,,206.98,住宅、樓梯間,ＲＣ造,107年7月24日,三層,一層 二層 三層 見其他登記事項 見其他登記事項,全筆移轉
RPPNMLQJLHOFFBV07CA,27,133.82,住家用,加強磚造,81年5月4日,二層,一層 二層 屋頂突出物 騎樓,全筆移轉
RPSNMLQJLHOFFAV27CA,4,453.79,住宅、樓梯間,ＲＣ造,103年11月11日,三層,一層 二層 三層 屋頂突出物 見其他登記事項,全筆移轉
RPQNMLQJLHOFFCV27CA,5,213.10,Ｈ２自用農舍,鋼筋混凝土造,102年10月22日,二層,一層 二層 陽台,全筆移轉
RPPNMLSJLHOFFAV17CA,3,205.73,住宅、樓梯間,ＲＣ造,105年1月5日,三層,一層 二層 三層 見其他登記事項 見其他登記事項,全筆移轉
RPPNMLTJLHOFFAV27CA,25,170.13,住商用,鋼筋混凝土造,83年5月11日,四層,一層 二層 三層 四層 騎樓,全筆移轉
RPTNMLSKLHOFFAV67CA,12,126.00,住家用,ＲＣ造,96年4月4日,二層,一層 二層 見其他登記事項,全筆移轉
RPXNMLRJLHOFFAV87CA,25,91.49,國民住宅,鋼筋混凝土造,82年12月3日,四層,三層 陽台,全筆移轉
RPXNMLRJLHOFFAV87CA,25,.22,樓梯間．共同使用,鋼筋混凝土造,82年12月3日,四層,,持分移轉
RPXNMLRJLHOFFAV87CA,25,.22,樓梯間．公同使用,鋼筋混凝土造,82年12月3日,四層,,持分移轉
RPXNMLRJLHOFFAV87CA,25,.22,樓梯間．公同使用,鋼筋混凝土造,82年12月3日,四層,,持分移轉
RPXNMLRJLHOFFAV87CA,25,.22,樓梯間．公同使用,鋼筋混凝土造,82年12月3日,四層,,持分移轉
RPXNMLRJLHOFFAV87CA,25,.22,樓梯間．公同使用,鋼筋混凝土造,82年12月3日,四層,,持分移轉
RPVNMLQJLHOFFAV57CA,25,97.53,集合住宅,鋼筋混凝土造,82年8月14日,七層,五層 陽台 花台,全筆移轉
RPXNMLRJLHOFFAV87CA,25,2.01,避難室．機械室．共同使用,鋼筋混凝土造,82年12月3日,四層,,持分移轉
RPVNMLQJLHOFFAV57CA,25,1.48,樓梯間,鋼筋混凝土造,82年8月14日,七層,,持分移轉
RPXNMLRJLHOFFAV87CA,25,.22,樓梯間．公同使用,鋼筋混凝土造,82年12月3日,四層,,持分移轉
RPVNMLQJLHOFFAV57CA,25,9.59,樓梯間,鋼筋混凝土造,82年8月14日,七層,,持分移轉
RPXNMLRJLHOFFAV87CA,25,.22,樓梯間．公同使用,鋼筋混凝土造,82年12月3日,四層,,持分移轉
RPVNMLQJLHOFFAV57CA,25,18.28,騎樓樓梯間、門廳、水箱、地下停車場,鋼筋混凝土造,82年8月14日,七層,,持分移轉
RPXNMLRJLHOFFAV87CA,25,.23,樓梯間．屋頂突出物．公同使用,鋼筋混凝土造,82年12月3日,四層,,持分移轉
RPXNMLRJLHOFFAV87CA,25,.22,樓梯間．屋頂突出物．公同使用,鋼筋混凝土造,82年12月3日,四層,,持分移轉
RPXNMLRJLHOFFAV87CA,25,.22,樓梯間．公同使用,鋼筋混凝土造,82年12月3日,四層,,持分移轉
RPXNMLRJLHOFFAV87CA,25,.22,樓梯間．屋頂突出物．公同使用,鋼筋混凝土造,82年12月3日,四層,,持分移轉
RPXNMLRJLHOFFAV87CA,25,.22,樓梯間．屋頂突出物．公同使用,鋼筋混凝土造,82年12月3日,四層,,持分移轉
RPXNMLRJLHOFFAV87CA,25,.22,樓梯間．屋頂突出物．公同使用,鋼筋混凝土造,82年12月3日,四層,,持分移轉
RPRNMLOKLHOFFAV07CA,23,176.37,住家用,鋼筋混凝土造,85年2月16日,三層,一層 二層 三層 陽台 平台 露台,全筆移轉
RPXNMLRJLHOFFAV87CA,25,.23,樓梯間．屋頂突出物．公同使用,鋼筋混凝土造,82年12月3日,四層,,持分移轉
RPXNMLRJLHOFFAV87CA,25,.22,樓梯間．屋頂突出物．公同使用,鋼筋混凝土造,82年12月3日,四層,,持分移轉
RPXNMLRJLHOFFAV87CA,25,.23,樓梯間．屋頂突出物．公同使用,鋼筋混凝土造,82年12月3日,四層,,持分移轉
RPXNMLRJLHOFFAV87CA,25,.22,樓梯間．屋頂突出物．公同使用,鋼筋混凝土造,82年12月3日,四層,,持分移轉
RPXNMLRJLHOFFAV87CA,25,.22,樓梯間．屋頂突出物．公同使用,鋼筋混凝土造,82年12月3日,四層,,持分移轉
RPXNMLRJLHOFFAV87CA,25,.23,樓梯間．公同使用,鋼筋混凝土造,82年12月3日,四層,,持分移轉
RPXNMLRJLHOFFAV87CA,25,.62,樓梯間．公同使用,鋼筋混凝土造,82年12月3日,四層,,持分移轉
RPXNMLRJLHOFFAV87CA,25,.22,樓梯間．公同使用,鋼筋混凝土造,82年12月3日,四層,,持分移轉
RPXNMLRJLHOFFAV87CA,25,.23,樓梯間．屋頂突出物．公同使用,鋼筋混凝土造,82年12月3日,四層,,持分移轉
RPXNMLRJLHOFFAV87CA,25,.62,樓梯間．公同使用,鋼筋混凝土造,82年12月3日,四層,,持分移轉
RPXNMLRJLHOFFAV87CA,25,.22,樓梯間．屋頂突出物．公同使用,鋼筋混凝土造,82年12月3日,四層,,持分移轉
RPXNMLRJLHOFFAV87CA,25,3.20,避難室．機械室．公同使用,鋼筋混凝土造,82年12月3日,四層,,持分移轉
RPXNMLRJLHOFFAV87CA,25,.22,樓梯間．公同使用,鋼筋混凝土造,82年12月3日,四層,,持分移轉
RPXNMLRJLHOFFAV87CA,25,.22,樓梯間．屋頂突出物．公同使用,鋼筋混凝土造,82年12月3日,四層,,持分移轉
RPXNMLRJLHOFFAV87CA,25,.23,樓梯間．屋頂突出物．公同使用,鋼筋混凝土造,82年12月3日,四層,,持分移轉
RPXNMLRJLHOFFAV87CA,25,.22,樓梯間．公同使用,鋼筋混凝土造,82年12月3日,四層,,持分移轉
RPXNMLRJLHOFFAV87CA,25,.22,樓梯間．屋頂突出物．公同使用,鋼筋混凝土造,82年12月3日,四層,,持分移轉
RPXNMLRJLHOFFAV87CA,25,.23,樓梯間．公同使用,鋼筋混凝土造,82年12月3日,四層,,持分移轉
RPXNMLRJLHOFFAV87CA,25,.22,樓梯間．公同使用,鋼筋混凝土造,82年12月3日,四層,,持分移轉
RPXNMLRJLHOFFAV87CA,25,.23,樓梯間．公同使用,鋼筋混凝土造,82年12月3日,四層,,持分移轉
RPVNMLKLLHOFFAV17CA,32,113.67,住家用,加強磚造,75年12月24日,二層,一層 二層 陽台 騎樓,全筆移轉
RPSNMLKLLHOFFAV86CA,22,231.07,住家用,鋼筋混凝土造,86年5月31日,四層,一層 二層 三層 四層 見其他登記事項,全筆移轉
RPRNMLSLLHOFFAV57CA,13,103.22,住家用,ＲＣ造,94年11月8日,三層,一層 二層 三層 見其他登記事項,持分移轉
RPRNMLSLLHOFFAV57CA,13,103.22,住家用,ＲＣ造,94年11月8日,三層,一層 二層 三層 見其他登記事項,持分移轉
RPXNMLQLLHOFFAV97CA,27,173.83,住家用,鋼筋混凝土造,81年1月11日,三層,一層 二層 三層,全筆移轉
RPTNMLOKLHOFFAV37DA,12,185.21,住宅、樓梯間,ＲＣ造,95年10月31日,三層,一層 二層 三層 見其他登記事項,全筆移轉
RPOOMLOKLHOFFAV86CA,,93.83,住家用,鐵筋水泥磚,,二層,一層 二層,全筆移轉
RPWNMLPLLHOFFAV77CA,36,101.25,住家用,加強磚造,71年12月10日,二層,一層 二層 陽台,全筆移轉
RPRNMLLLLHOFFAV86CA,31,144.00,住家用,鋼筋混凝土造,76年9月7日,二層,一層 二層 屋頂突出物,全筆移轉
RPRNMLQLLHOFFAV37CA,23,90.95,集合住宅,鋼筋混凝土造,85年6月28日,九層,四層 陽台,全筆移轉
RPRNMLQLLHOFFAV37CA,23,10.65,電梯，樓梯共同使用,鋼筋混凝土造,85年6月28日,九層,,持分移轉
RPOOMLQLLHOFFAV17CA,,53.94,住商用,鐵筋水泥磚,,二層,一層 二層,全筆移轉
RPRNMLQLLHOFFAV37CA,23,10.39,配電室．樓梯．電梯．機械房．通道．水箱．人行共同使用,鋼筋混凝土造,85年6月28日,九層,,持分移轉
RPOOMLQLLHOFFAV17CA,51,26.97,住家用,鐵筋水泥磚,56年7月30日,三層,三層,全筆移轉
RPRNMLLJMHOFFAV76CA,32,123.86,住家用,鋼筋混凝土造,75年9月8日,二層,一層 二層 陽台 屋頂突出物 騎樓,全筆移轉
RPVNMLTLMHOFFAV18CA,13,233.80,人行道、店舖、住宅,ＲＣ造,94年12月13日,四層,一層 二層 三層 四層 騎樓 見其他登記事項,全筆移轉
RPPNMLTJMHOFFAV37CA,35,113.40,住家用,加強磚造,72年9月20日,二層,一層 二層 陽台,全筆移轉
RPQNMLNJMHOFFAV86CA,46,89.28,住家用,鐵筋水泥磚,62年4月4日,二層,一層 二層 騎樓,全筆移轉
RPRNMLLKMHOFFAV86CA,39,105.28,住家用,加強磚造,69年1月2日,二層,一層 二層 騎樓,全筆移轉
RPOPMLQKMHOFFAV27CA,20,89.19,集合住宅,鋼筋混凝土造,87年12月16日,九層,三層 陽台,全筆移轉
RPOPMLQKMHOFFAV27CA,20,10.98,避難室．停車空間．配電室．機械室．汽車昇降電梯．樓梯．電梯,鋼筋混凝土造,87年12月16日,九層,,持分移轉
RPOPMLQKMHOFFAV27CA,20,15.51,樓梯．電梯．汽車昇降梯．門廊．門．走道．樓梯間．機械室．水箱,鋼筋混凝土造,87年12月16日,九層,,持分移轉
RPPNMLTJNHOFFAV47CA,4,209.08,住家用,ＲＣ造,104年3月17日,三層,一層 二層 三層 見其他登記事項,全筆移轉
RPWNMLOLNHOFFAV87CA,37,151.61,住家用,加強磚造,71年2月21日,二層,一層 二層 車庫,全筆移轉
RPUNMLSJNHOFFAV87CA,25,9.54,住商用,鋼筋混凝土造,83年6月1日,三層,,持分移轉
RPUNMLSJNHOFFAV87CA,25,83.80,集合住宅,鋼筋混凝土造,83年6月1日,三層,三層 陽台,全筆移轉
RPXNMLRLKHOFFAV97CA,5,304.13,住家用,ＲＣ造,102年8月22日,三層,一層 二層 三層 見其他登記事項,全筆移轉
RPPNMLKLKHOFFAV09CA,5,277.89,住家用,ＲＣ造,102年9月5日,三層,一層 二層 三層 屋頂突出物 見其他登記事項,全筆移轉
RPRNMLMLKHOFFAV86CA,23,223.19,住家用,鋼筋混凝土造,84年12月26日,三層,一層 二層 三層 陽台 屋頂突出物,全筆移轉
RPRNMLKLKHOFFAV66CA,21,223.50,住家用,鋼筋混凝土造,87年6月3日,三層,一層 二層 三層 陽台 屋頂突出物,全筆移轉
RPPNMLOKLHOFFBV07DA,38,82.65,住家用,鋼筋混凝土加強磚造,70年1月15日,二層,一層 二層,全筆移轉
RPPOMLPLKHOFFAV07CA,46,328.02,商業用,加強磚造,62年5月26日,三層,一層 二層 三層 騎樓,全筆移轉
RPXNMLLKLHOFFAV37CA,56,309.30,店鋪、住家,磚造、加強磚造、ＲＣ磚造,51年10月18日,三層,一層 二層 三層 騎樓,全筆移轉
RPQNMLPJLHOFFAV96CA,32,121.27,住家用,加強磚造,75年10月18日,二層,一層 二層 陽台 屋頂突出物,全筆移轉
RPUOMLKLLHOFFAV17CA,18,175.21,住家用,加強磚造,89年10月30日,二層,一層 二層 陽台,全筆移轉
RPTNMLLJMHOFFAV96CA,19,198.05,住家用,鋼筋混凝土造,89年6月7日,三層,一層 二層 三層 陽台,全筆移轉
RPPNMLTKMHOFFCV77DA,21,193.26,住家用,加強磚造,86年12月12日,二層,一層 二層 陽台 騎樓,全筆移轉
RPQNMLTJMHOFFAV47CA,22,25.66,集合住宅,鋼筋混凝土造,85年6月28日,九層,五層 花台,全筆移轉
RPQNMLTJMHOFFAV47CA,22,3.01,配電室．樓梯．電梯．機械房．通道．水箱．人行共同使用,鋼筋混凝土造,85年6月28日,九層,,持分移轉
RPQNMLTJMHOFFAV47CA,22,5.47,電梯，樓梯共同使用,鋼筋混凝土造,85年6月28日,九層,,持分移轉
RPTNMLSJNHOFFAV77CA,25,83.80,集合住宅,鋼筋混凝土造,83年6月1日,三層,三層 陽台,全筆移轉
RPTNMLSJNHOFFAV77CA,25,9.54,樓梯共同使用,鋼筋混凝土造,83年6月1日,三層,,持分移轉
RPXNMLKKNHOFFAV47CA,20,333.85,自用農舍,有墻鋼架造,87年7月31日,一層,一層,全筆移轉
RPTNMLLKLHOFFAV96CA,21,64.72,集合住宅,鋼筋混凝土造,86年9月26日,五層,一層 陽台,全筆移轉
RPTNMLLKLHOFFAV96CA,21,7.92,電梯．樓梯．走廊．水箱．機械房．儲藏室．瞭望台,鋼筋混凝土造,86年9月26日,五層,,持分移轉
RPTNMLLKLHOFFAV96CA,21,14.61,儲藏室、停車空間、蓄水池,鋼筋混凝土造,86年9月26日,五層,,持分移轉
RPPNMLKLLHOFFBV66CA,35,209.16,地面層：住家用　貳．參層：自用農舍,加強磚造,73年2月22日,三層,一層 二層 三層 陽台 騎樓,全筆移轉
RPPNMLTKLHOFFAV37CA,,148.90,住商用,見其他登記事項,,二層,一層,全筆移轉
RPPNMLMJNHOFFAV76CA,,124.00,住宅,ＲＣ造,108年1月15日,三層,一層 二層 三層 見其他登記事項,持分移轉
RPPNMLMJNHOFFAV76CA,,124.00,住宅,ＲＣ造,108年1月15日,三層,一層 二層 三層 見其他登記事項,持分移轉
RPQNMLSJNHOFFAV47CA,24,83.80,集合住宅,鋼筋混凝土造,83年6月1日,三層,三層 陽台,全筆移轉
RPSNMLSJNHOFFAV77DA,3,203.64,住家用,ＲＣ造,104年9月16日,三層,一層 二層 三層 見其他登記事項,全筆移轉
RPQNMLSJNHOFFAV47CA,24,9.54,樓梯共同使用,鋼筋混凝土造,83年6月1日,三層,,持分移轉
RPROMLLLLHOFFAV96CA,,301.95,騎樓、店鋪、住宅、樓梯間,ＲＣ造,107年11月7日,四層,一層 二層 三層 四層 屋頂突出物 騎樓 見其他登記事項,全筆移轉
RPVOMLQKMHOFFAV87CA,,230.94,住宅,ＲＣ造,108年1月15日,三層,一層 二層 三層 見其他登記事項,全筆移轉
RPRNMLPLKHOFFAV17CA,,201.12,Ｈ２住宅、樓梯間,ＲＣ造,107年10月22日,三層,一層 二層 三層 見其他登記事項 見其他登記事項,全筆移轉
RPWOMLQKMHOFFAV97CA,,229.42,住宅,ＲＣ造,108年1月15日,三層,一層 二層 三層 見其他登記事項,全筆移轉
RPUOMLQKMHOFFAV77CA,,245.46,住宅,ＲＣ造,108年1月15日,三層,一層 二層 三層 見其他登記事項,全筆移轉
RPWNMLNKNHOFFAV67CA,,229.42,住宅,ＲＣ造,108年1月15日,三層,一層 二層 三層 見其他登記事項,全筆移轉
RPXOMLQKMHOFFAV08CA,,114.08,住宅,ＲＣ造,108年1月15日,三層,一層 二層 三層 見其他登記事項,持分移轉
RPXOMLQKMHOFFAV08CA,,114.08,住宅,ＲＣ造,108年1月15日,三層,一層 二層 三層 見其他登記事項,持分移轉
