﻿鄉鎮市區,交易標的,土地位置建物門牌,土地移轉總面積平方公尺,都市土地使用分區,非都市土地使用分區,非都市土地使用編定,交易年月日,交易筆棟數,移轉層次,總樓層數,建物型態,主要用途,主要建材,建築完成年月,建物移轉總面積平方公尺,建物現況格局-房,建物現況格局-廳,建物現況格局-衛,建物現況格局-隔間,有無管理組織,總價元,單價元平方公尺,車位類別,車位移轉總面積平方公尺,車位總價元,備註,編號,主建物面積,附屬建物面積,陽台面積,電梯,移轉編號
The villages and towns urban district,transaction sign,land sector position building sector house number plate,land shifting total area square meter,the use zoning or compiles and checks,the non-metropolis land use district,non-metropolis land use,transaction year month and day,transaction pen number,shifting level,total floor number,building state,main use,main building materials,construction to complete the years,building shifting total area,Building present situation pattern - room,building present situation pattern - hall,building present situation pattern - health,building present situation pattern - compartmented,Whether there is manages the organization,total price NTD,the unit price (NTD / square meter),the berth category,berth shifting total area square meter,the berth total price NTD,the note,serial number,main building area,auxiliary building area,balcony area,elevator,transaction number
西嶼鄉,土地,內垵一段18-2地號,230.5,,一般農業區,農牧用地,1080501,土地1建物0車位0,,,其他,,,,0.0,0,0,0,有,無,1500000,6508,,0.0,0,,RPQNMLTJNHOFFAX77CA,0.0,0.0,0.0,,
馬公市,土地,四維段1030地號,18.45,,鄉村區,乙種建築用地,1080402,土地1建物0車位0,,,其他,,,,0.0,0,0,0,有,無,271202,14699,,0.0,0,,RPQNMLSKMHOFFAX77DA,0.0,0.0,0.0,,
馬公市,房地(土地+建物),澎湖縣馬公市文光路８２之２號,40.0,住,,,1080402,土地2建物1車位0,一層，二層,四層,公寓(5樓含以下無電梯),住家用,鋼筋混凝土造,0710507,105.06,3,1,2,有,無,5000000,47592,,0.0,0,,RPPNMLNLMHOFFAX27DA,85.52,0.0,0.0,,
馬公市,土地,五福段713-1地號,215.49,,一般農業區,農牧用地,1080404,土地1建物0車位0,,,其他,,,,0.0,0,0,0,有,無,8700000,40373,,0.0,0,本案權利人數為4人，此為單戶農變建變更起造人，含未來興建房屋之費用。,RPPNMLQKMHOFFAX37CA,0.0,0.0,0.0,,
馬公市,土地,五福段713-1地號,215.58,,一般農業區,農牧用地,1080404,土地1建物0車位0,,,其他,,,,0.0,0,0,0,有,無,9810000,45505,,0.0,0,本案權利人數為4人，此為單戶農變建變更起造人，含未來興建房屋之費用。,SPPNMLQKMHOFFAX47CA,0.0,0.0,0.0,,
馬公市,土地,五福段713-1地號,215.42,,一般農業區,農牧用地,1080404,土地1建物0車位0,,,其他,,,,0.0,0,0,0,有,無,8960000,41593,,0.0,0,本案權利人數為4人，此為單戶農變建變更起造人，含未來興建房屋之費用。,TPPNMLQKMHOFFAX57CA,0.0,0.0,0.0,,
馬公市,土地,五福段713-1地號,215.42,,一般農業區,農牧用地,1080404,土地1建物0車位0,,,其他,,,,0.0,0,0,0,有,無,10000000,46421,,0.0,0,本案權利人數為4人，此為單戶農變建變更起造人，含未來興建房屋之費用。,UPPNMLQKMHOFFAX67CA,0.0,0.0,0.0,,
馬公市,土地,馬公段2041-6地號,62.0,商,,,1080415,土地1建物0車位0,,,其他,,,,0.0,0,0,0,有,無,3637769,58674,,0.0,0,親友、員工或其他特殊關係間之交易。；,RPRNMLLJNHOFFAX17DA,0.0,0.0,0.0,,
湖西鄉,土地,潭邊新段380-1地號,763.0,,一般農業區,農牧用地,1080415,土地1建物0車位0,,,其他,,,,0.0,0,0,0,有,無,2769690,3630,,0.0,0,親友、員工或其他特殊關係間之交易。；,RPRNMLTKMHOFFAX97DA,0.0,0.0,0.0,,
馬公市,土地,文石段737地號,94.71,,一般農業區,農牧用地,1080409,土地2建物0車位0,,,其他,,,,0.0,0,0,0,有,無,1260000,13304,,0.0,0,,RPPNMLMJNHOFFAX96CA,0.0,0.0,0.0,,
白沙鄉,土地,中屯新段1493-2地號,118.34,,鄉村區,乙種建築用地,1080402,土地1建物0車位0,,,其他,,,,0.0,0,0,0,有,無,1150000,9718,,0.0,0,,RPPNMLTKMHOFFAX67CA,0.0,0.0,0.0,,
白沙鄉,房地(土地+建物),澎湖縣白沙鄉後寮１８號,184.5,,鄉村區,乙種建築用地,1080406,土地1建物1車位0,全,一層,透天厝,住工用,,,69.42,5,1,1,有,無,600000,8643,,0.0,0,,RPPNMLLLMHOFFAX96CA,66.12,3.3,0.0,,
馬公市,房地(土地+建物)+車位,澎湖縣馬公市林森路８６巷３之３號,36.54,住,,,1080408,土地1建物1車位1,四層,七層,華廈(10層含以下有電梯),住家用,鋼筋混凝土造,0810827,170.3,4,2,2,有,無,4950000,29066,坡道平面,0.0,0,,RPPNMLMLMHOFFAX07CA,118.46,0.0,0.0,,
馬公市,土地,鐵線段570-1地號,71.55,,一般農業區,水利用地,1080408,土地1建物0車位0,,,其他,,,,0.0,0,0,0,有,無,567392,7930,,0.0,0,向政府機關承購之案件。；,RPUNMLTLMHOFFAX28CA,0.0,0.0,0.0,,
馬公市,房地(土地+建物),澎湖縣馬公市石泉１之２７０號,64.4,,一般農業區,甲種建築用地,1080406,土地1建物1車位0,全,二層,透天厝,住家用,鋼筋混凝土加強磚造,0791201,80.8,3,2,2,有,無,3500000,43317,,0.0,0,,RPPNMLOLMHOFFAX37DA,80.8,0.0,0.0,,
馬公市,房地(土地+建物),澎湖縣馬公市石泉２之５２號,116.07,,一般農業區,甲種建築用地,1080401,土地1建物1車位0,全,四層,透天厝,住家用,鋼筋混凝土造,1070703,284.83,7,2,6,有,無,12520000,43956,,0.0,0,,RPQNMLPJNHOFFAX37CA,261.66,23.17,0.0,,
馬公市,房地(土地+建物),澎湖縣馬公市鎖管港１９６２號,273.96,住,,,1080415,土地2建物1車位0,全,一層,透天厝,住家用,鐵筋加強造,0560620,89.44,2,1,1,有,無,5480000,61270,,0.0,0,,RPPNMLTLMHOFFAX77CA,89.44,0.0,0.0,,
馬公市,房地(土地+建物),澎湖縣馬公市後窟潭３９之１０號四樓之一,43.94,,鄉村區,乙種建築用地,1080402,土地1建物1車位0,四層,五層,華廈(10層含以下有電梯),住家用,鋼筋混凝土造,1070601,147.28,3,2,2,有,無,6260000,42504,,0.0,0,,RPQNMLLJNHOFFAX96CA,91.86,9.49,0.0,,
馬公市,土地,北極段66地號,223.01,住,,,1080409,土地2建物0車位0,,,其他,,,,0.0,0,0,0,有,無,6080000,27263,,0.0,0,,RPVNMLTLMHOFFAX38CA,0.0,0.0,0.0,,
湖西鄉,土地,隘門新段290地號,585.34,,風景區,農牧用地,1080418,土地1建物0車位0,,,其他,,,,0.0,0,0,0,有,無,2655900,4537,,0.0,0,共有人間買賣。,RPPNMLNJNHOFFAX07CA,0.0,0.0,0.0,,
西嶼鄉,土地,內垵一段233地號,1251.24,,森林區,農牧用地,1080415,土地1建物0車位0,,,其他,,,,0.0,0,0,0,有,無,4500000,3596,,0.0,0,,RPWNMLTLMHOFFAX48CA,0.0,0.0,0.0,,
馬公市,土地,中衛段1636地號,165.27,,一般農業區,農牧用地,1080418,土地1建物0車位0,,,其他,,,,0.0,0,0,0,有,無,7800000,47195,,0.0,0,含未來興建房屋之總價款,RPPNMLKMMHOFFAX96CA,0.0,0.0,0.0,,
白沙鄉,土地,講美段1341地號,1145.02,,一般農業區,農牧用地,1080415,土地1建物0車位0,,,其他,,,,0.0,0,0,0,有,無,1550000,1354,,0.0,0,,RPTNMLTLMHOFFAX18CA,0.0,0.0,0.0,,
白沙鄉,土地,中屯新段1309地號,116.38,,一般農業區,農牧用地,1080418,土地1建物0車位0,,,其他,,,,0.0,0,0,0,有,無,230000,1976,,0.0,0,,RPRNMLNJNHOFFAX27CA,0.0,0.0,0.0,,
馬公市,房地(土地+建物),澎湖縣馬公市啟明路１８之１號,44.0,商,,,1080415,土地1建物1車位0,全,二層,透天厝,住家用,,0590901,72.84,3,1,2,有,無,4738000,65047,,0.0,0,,RPRNMLMJNHOFFAX17CA,72.84,0.0,0.0,,
馬公市,土地,埕中段256-7地號,6.15,住,,,1080412,土地1建物0車位0,,,其他,,,,0.0,0,0,0,有,無,457007,74310,,0.0,0,向政府機關承購之案件。；,RPPNMLLJNHOFFAX96DA,0.0,0.0,0.0,,
西嶼鄉,土地,竹灣段2863地號,1275.28,,一般農業區,農牧用地,1080411,土地1建物0車位0,,,其他,,,,0.0,0,0,0,有,無,1800000,1411,,0.0,0,本件賣方賣清價金含增值稅在內.,RPWNMLKKNHOFFAX57CA,0.0,0.0,0.0,,
馬公市,土地,山水北段684地號,413.05,,鄉村區,乙種建築用地,1080423,土地3建物0車位0,,,其他,,,,0.0,0,0,0,有,無,2147877,5200,,0.0,0,親友、員工或其他特殊關係間之交易。；,RPPNMLQJNHOFFAX47DA,0.0,0.0,0.0,,
湖西鄉,土地,沙港東段229地號,684.59,,一般農業區,農牧用地,1080409,土地1建物0車位0,,,其他,,,,0.0,0,0,0,有,無,1250000,1826,,0.0,0,,RPSNMLLLNHOFFAX47DA,0.0,0.0,0.0,,
馬公市,房地(土地+建物)+車位,澎湖縣馬公市文山路２７巷８號十樓,33.67,住,,,1080401,土地1建物1車位1,十層,十層,華廈(10層含以下有電梯),住家用,鋼筋混凝土造,1060328,164.67000000000002,3,1,2,有,無,6020000,36558,一樓平面,0.0,0,,RPPNMLLMNHOFFAX17CA,88.1,12.94,0.0,,
馬公市,房地(土地+建物),澎湖縣馬公市敬業街３３號,62.75,住,,,1080429,土地2建物1車位0,全,二層,透天厝,住家用,鋼筋混凝土加強磚造,0700115,81.78,3,1,1,有,無,2800000,34238,,0.0,0,,RPSNMLNJNHOFFAX47DA,81.78,0.0,0.0,,
湖西鄉,土地,隘門新段767-1地號,191.0,,一般農業區,農牧用地,1080422,土地2建物0車位0,,,其他,,,,0.0,0,0,0,有,無,1537000,8047,,0.0,0,,RPUNMLSJNHOFFAX08CA,0.0,0.0,0.0,,
馬公市,土地,馬公段1386地號,1.0,商,,,1080413,土地1建物0車位0,,,其他,,,,0.0,0,0,0,有,無,148000,0,,0.0,0,,RPRNMLLMNHOFFAX47DA,0.0,0.0,0.0,,
馬公市,土地,馬公段1385地號,28.0,商,,,1080413,土地1建物0車位0,,,其他,,,,0.0,0,0,0,有,無,2100000,75000,,0.0,0,,RPSNMLLMNHOFFAX57DA,0.0,0.0,0.0,,
馬公市,土地,文石段737地號,265.09,,一般農業區,農牧用地,1080422,土地2建物0車位0,,,其他,,,,0.0,0,0,0,有,無,3530000,13316,,0.0,0,共有人間買賣,RPQNMLNJNHOFFAX17CA,0.0,0.0,0.0,,
馬公市,土地,馬公段483地號,15.4,商,,,1080411,土地1建物0車位0,,,其他,,,,0.0,0,0,0,有,無,1304380,84700,,0.0,0,買受人負擔土地增值稅85272元,RPPNMLOJNHOFFAX17CA,0.0,0.0,0.0,,
馬公市,土地,安宅段692地號,230.65,,一般農業區,農牧用地,1080426,土地1建物0車位0,,,其他,,,,0.0,0,0,0,有,無,1395400,6050,,0.0,0,,RPRNMLTJNHOFFAX87CA,0.0,0.0,0.0,,
湖西鄉,土地,潭邊新段292地號,99.65,,一般農業區,農牧用地,1080425,土地1建物0車位0,,,其他,,,,0.0,0,0,0,有,無,989800,9933,,0.0,0,共有人間買賣,RPSOMLRJNHOFFAX87CA,0.0,0.0,0.0,,
馬公市,土地,光榮段327地號,252.73,,,,1080419,土地3建物0車位0,,,其他,,,,0.0,0,0,0,有,無,6386148,25269,,0.0,0,親友、員工或其他特殊關係間之交易。；包含公共設施保留地之交易。；,RPSNMLSLNHOFFAX08CA,0.0,0.0,0.0,,
白沙鄉,房地(土地+建物),澎湖縣白沙鄉中屯３９之２號,763.44,,一般農業區,農牧用地,1080418,土地2建物1車位0,全,一層,透天厝,住家用,,0540430,97.17,2,1,0,有,無,2500000,25728,,0.0,0,,RPTNMLRJNHOFFAX87CA,97.17,0.0,0.0,,
湖西鄉,土地,湖西南段700地號,1241.72,,鄉村區,乙種建築用地,1080411,土地1建物0車位0,,,其他,,,,0.0,0,0,0,有,無,25166500,20267,,0.0,0,,RPTNMLSJNHOFFAX97CA,0.0,0.0,0.0,,
馬公市,房地(土地+建物),澎湖縣馬公市中華路４２之６號,35.0,商,,,1080410,土地1建物1車位0,全,二層,透天厝,住家用,鋼筋混凝土加強磚造,0650322,45.0,4,1,4,有,無,3500000,77778,,0.0,0,,RPSOMLTJNHOFFAX08CA,45.0,0.0,0.0,,
馬公市,房地(土地+建物),澎湖縣馬公市文山路２７巷２１號,71.6,住,,,1080419,土地1建物1車位0,全,四層,透天厝,住家用,鋼筋混凝土造,0850314,194.13,5,2,3,有,無,5300000,27301,,0.0,0,,RPVNMLKKNHOFFAX47CA,171.39,22.74,0.0,,
湖西鄉,土地,青螺新段647地號,580.32,,一般農業區,農牧用地,1080417,土地1建物0車位0,,,其他,,,,0.0,0,0,0,有,無,870000,1499,,0.0,0,,RPQNMLQKNHOFFAX57CA,0.0,0.0,0.0,,
馬公市,土地,鐵線段522地號,1212.0,,一般農業區,農牧用地,1080417,土地1建物0車位0,,,其他,,,,0.0,0,0,0,有,無,30000000,24752,,0.0,0,本案權利人數為五人，此為農變建變更起造人含未來興建房屋五間之費用。,RPRNMLOKNHOFFAX47CA,0.0,0.0,0.0,,
湖西鄉,房地(土地+建物),澎湖縣馬公市大城北５之２７號,194.77,,一般農業區,甲種建築用地,1080424,土地3建物1車位0,全,三層,透天厝,住家用,鋼筋混凝土造,0990402,233.87,5,2,6,有,無,6000000,25655,,0.0,0,,RPROMLNKNHOFFAX47CA,221.46,12.41,0.0,,
西嶼鄉,土地,竹篙灣段3809地號,3587.0,,風景區,農牧用地,1080418,土地1建物0車位0,,,其他,,,,0.0,0,0,0,有,無,6076000,1694,,0.0,0,,RPRNMLKKNHOFFAX07CA,0.0,0.0,0.0,,
馬公市,房地(土地+建物),澎湖縣馬公市東衛８６之２５號,304.04,,一般農業區,甲種建築用地,1080420,土地2建物1車位0,全,三層,透天厝,住家用,鋼筋混凝土造,1041005,296.28,5,3,6,有,無,8800000,29702,,0.0,0,,RPUNMLKKNHOFFAX37CA,284.89,11.39,0.0,,
西嶼鄉,土地,合界段878地號,432.49,,一般農業區,農牧用地,1080425,土地1建物0車位0,,,其他,,,,0.0,0,0,0,有,無,500000,1156,,0.0,0,,RPWNMLPKNHOFFAX08CA,0.0,0.0,0.0,,
馬公市,房地(土地+建物),澎湖縣馬公市三多路４１１號六樓之八,9.53,商,,,1080429,土地1建物1車位0,六層,十層,華廈(10層含以下有電梯),住家用,鋼筋混凝土造,0850308,84.28,2,1,1,有,有,2883000,34207,,0.0,0,,RPPNMLQKNHOFFAX47CA,61.0,7.15,0.0,,
馬公市,房地(土地+建物)+車位,澎湖縣馬公市永和街１１巷１４號二樓,46.62,住,,,1080428,土地3建物1車位1,二層,六層,華廈(10層含以下有電梯),住家用,鋼筋混凝土造,0830606,228.23,5,2,2,有,有,5800000,25413,坡道平面,0.0,0,,RPPNMLMLNHOFFAX17CA,150.48,18.9,0.0,,
馬公市,土地,興崁段1175地號,2037.55,,一般農業區,農牧用地,1080430,土地1建物0車位0,,,其他,,,,0.0,0,0,0,有,無,13450000,6601,,0.0,0,農變建專案核准興建住宅共有人12人,RPRNMLOJOHOFFAX47CA,0.0,0.0,0.0,,
白沙鄉,土地,赤崁中段75-7地號,1.69,,鄉村區,乙種建築用地,1080425,土地2建物0車位0,,,其他,,,,0.0,0,0,0,有,無,21919,12970,,0.0,0,向政府機關承購之案件。；,RPPNMLNKNHOFFAX27DA,0.0,0.0,0.0,,
馬公市,土地,安宅段1613地號,67.12,,一般農業區,農牧用地,1080423,土地2建物0車位0,,,其他,,,,0.0,0,0,0,有,無,147664,2200,,0.0,0,,RPXNMLOKNHOFFAX18DA,0.0,0.0,0.0,,
馬公市,土地,文寮段1400地號,85.45,,一般農業區,農牧用地,1080305,土地1建物0車位0,,,其他,,,,0.0,0,0,0,有,無,500000,5851,,0.0,0,,RPQNMLMJMHOFFAX17EA,0.0,0.0,0.0,,
湖西鄉,土地,城北段1087地號,996.86,,一般農業區,農牧用地,1080305,土地2建物0車位0,,,其他,,,,0.0,0,0,0,有,無,30490000,30586,,0.0,0,權力人為4人含未來興建4戶房屋價款,RPWNMLLMQHPFFAX28CA,0.0,0.0,0.0,,
馬公市,房地(土地+建物),澎湖縣馬公市大賢街１５０號四樓,58.82,住,,,1080306,土地1建物1車位0,四層,五層,公寓(5樓含以下無電梯),住家用,鋼筋混凝土造,0840119,137.44,3,2,2,有,無,4500000,32742,,0.0,0,,RPSNMLNKLHOFFAX37DA,104.97,17.85,0.0,,
馬公市,土地,文石段1402地號,593.57,,一般農業區,農牧用地,1080305,土地2建物0車位0,,,其他,,,,0.0,0,0,0,有,無,3000000,5054,,0.0,0,受債權債務影響或債務抵償之交易。；,RPRNMLOKLHOFFAX27CA,0.0,0.0,0.0,,
西嶼鄉,土地,竹灣段615地號,321.13,,一般農業區,農牧用地,1080306,土地1建物0車位0,,,其他,,,,0.0,0,0,0,有,無,200000,623,,0.0,0,親友、員工或其他特殊關係間之交易。；急買急賣。；,RPRNMLKLLHOFFAX96CA,0.0,0.0,0.0,,
馬公市,土地,光華段287地號,1091.27,,一般農業區,農牧用地,1080308,土地1建物0車位0,,,其他,,,,0.0,0,0,0,有,無,1800000,1649,,0.0,0,,RPTNMLNKLHOFFAX37CA,0.0,0.0,0.0,,
湖西鄉,土地,葉新段1135地號,77.84,,一般農業區,甲種建築用地,1080305,土地1建物0車位0,,,其他,,,,0.0,0,0,0,有,無,360000,4625,,0.0,0,,RPVNMLLLLHOFFAX57DA,0.0,0.0,0.0,,
馬公市,土地,中衛段1654地號,2265.17,,一般農業區,農牧用地,1080308,土地1建物0車位0,,,其他,,,,0.0,0,0,0,有,無,9500000,4194,,0.0,0,共有人間買賣,RPRNMLLLLHOFFAX07CA,0.0,0.0,0.0,,
湖西鄉,土地,成功南段858-4地號,219.41,,一般農業區,農牧用地,1080306,土地1建物0車位0,,,其他,,,,0.0,0,0,0,有,無,7900000,36006,,0.0,0,含未來興建之房屋價款,RPPNMLPKLHOFFAX17CA,0.0,0.0,0.0,,
馬公市,土地,興仁段772地號,1115.68,,一般農業區,農牧用地,1080307,土地1建物0車位0,,,其他,,,,0.0,0,0,0,有,無,5730000,5136,,0.0,0,,RPQNMLSKLHOFFAX57CA,0.0,0.0,0.0,,
馬公市,土地,興仁段765地號,305.14,,一般農業區,農牧用地,1080307,土地1建物0車位0,,,其他,,,,0.0,0,0,0,有,無,1590000,5211,,0.0,0,,RPQNMLTKLHOFFAX67CA,0.0,0.0,0.0,,
馬公市,土地,文石段737地號,595.8,,一般農業區,農牧用地,1080311,土地2建物0車位0,,,其他,,,,0.0,0,0,0,有,無,30510000,51208,,0.0,0,農變建移轉土地持分給予權利人共3人內含未來3戶興建之成本3051萬,RPSNMLLLLHOFFAX17CA,0.0,0.0,0.0,,
白沙鄉,土地,後寮段2838地號,238.0,,一般農業區,農牧用地,1080304,土地1建物0車位0,,,其他,,,,0.0,0,0,0,有,無,200000,840,,0.0,0,親友、員工或其他特殊關係間之交易。；急買急賣。；,RPSNMLKLLHOFFAX07CA,0.0,0.0,0.0,,
馬公市,土地,山水北段645-1地號,26.76,,鄉村區,交通用地,1080311,土地1建物0車位0,,,其他,,,,0.0,0,0,0,有,無,342528,12800,,0.0,0,協議價購鄉村區乙種建築用地12800元/M2,RPRNMLTKLHOFFAX77CA,0.0,0.0,0.0,,
馬公市,土地,馬公段2187地號,22.0,商,,,1080311,土地1建物0車位0,,,其他,,,,0.0,0,0,0,有,無,1995000,90682,,0.0,0,,RPTNMLLLLHOFFAX27CA,0.0,0.0,0.0,,
西嶼鄉,土地,內垵二段222地號,35.68,,鄉村區,乙種建築用地,1080313,土地1建物0車位0,,,其他,,,,0.0,0,0,0,有,無,146000,4092,,0.0,0,,RPXNMLLLLHOFFAX67CA,0.0,0.0,0.0,,
白沙鄉,房地(土地+建物),澎湖縣白沙鄉大赤崁４０７之９號,193.57,,一般農業區,甲種建築用地,1080306,土地2建物1車位0,全,三層,透天厝,住家用,鋼筋混凝土造,1080118,246.86,6,2,6,有,無,6900000,27951,,0.0,0,,RPQNMLQLLHOFFAX57DA,231.35,15.51,0.0,,
西嶼鄉,土地,小門段238地號,50.6,,風景區,丙種建築用地,1080308,土地1建物0車位0,,,其他,,,,0.0,0,0,0,有,無,433136,8560,,0.0,0,向政府機關承購之案件。；,RPWNMLLLLHOFFAX67DA,0.0,0.0,0.0,,
馬公市,土地,馬公段1504地號,17.0,商,,,1080314,土地1建物0車位0,,,其他,,,,0.0,0,0,0,有,無,338500,19912,,0.0,0,,RPPNMLMLLHOFFAX96CA,0.0,0.0,0.0,,
馬公市,土地,興崁段1095地號,1157.62,,一般農業區,農牧用地,1080312,土地1建物0車位0,,,其他,,,,0.0,0,0,0,有,無,9100000,7861,,0.0,0,,RPUNMLRLLHOFFAX97CA,0.0,0.0,0.0,,
湖西鄉,建物,澎湖縣湖西鄉尖山４６號,0.0,,,,1080311,土地0建物1車位0,全,一層,透天厝,住家用,造,,101.91,0,1,0,有,無,200000,1963,,0.0,0,,RPPNMLSJMHOFFAX47CA,101.91,0.0,0.0,,
馬公市,房地(土地+建物),澎湖縣馬公市光榮街６１巷８號,149.85,住,,,1080316,土地2建物1車位0,全,三層,透天厝,住家用,鋼筋混凝土造,0950914,211.41,5,2,6,有,無,10888825,51506,,0.0,0,,RPSNMLRLLHOFFAX77CA,196.29,0.0,15.12,,
馬公市,房地(土地+建物),澎湖縣馬公市文光路２０８巷６號,178.11,住,,,1080318,土地1建物1車位0,全,三層,透天厝,住家用,鋼筋混凝土造,1001216,292.85,4,2,4,有,無,16000000,54635,,0.0,0,,RPTNMLRLLHOFFAX97DA,271.75,21.1,0.0,,
馬公市,房地(土地+建物),澎湖縣馬公市後窟潭３之７號,76.21,,鄉村區,乙種建築用地,1080314,土地1建物1車位0,全,四層,透天厝,住家用,鋼筋混凝土加強磚造,0741023,208.07,4,2,3,有,無,6500000,31239,,0.0,0,,RPVNMLRLLHOFFAX08CA,208.07,0.0,0.0,,
馬公市,房地(土地+建物),澎湖縣馬公市西衛８３之４７號,296.14,,一般農業區,甲種建築用地,1080318,土地2建物1車位0,全,三層,透天厝,住家用,鋼筋混凝土造,1070827,372.55,7,1,8,有,無,14800000,39726,,0.0,0,,RPRNMLLJMHOFFAX96CA,348.52,24.03,0.0,,
馬公市,土地,文東段492地號,1014.0,,一般農業區,農牧用地,1080306,土地1建物0車位0,,,其他,,,,0.0,0,0,0,有,無,12660000,12485,,0.0,0,,RPQNMLRLLHOFFAX57CA,0.0,0.0,0.0,,
馬公市,土地,風櫃西段384地號,587.38,,一般農業區,農牧用地,1080323,土地1建物0車位0,,,其他,,,,0.0,0,0,0,有,無,545000,928,,0.0,0,受債權債務影響或債務抵償之交易。；,RPRNMLMJMHOFFAX17DA,0.0,0.0,0.0,,
馬公市,土地,五福段120-1地號,1650.64,,一般農業區,甲種建築用地,1080321,土地1建物0車位0,,,其他,,,,0.0,0,0,0,有,無,96500000,58462,,0.0,0,共有人10人。農變建專案核准交易總價包括未興建房屋建築費用。總價內另含交通面積480.84平方公尺。,RPRNMLTLIIOFFAX67CA,0.0,0.0,0.0,,
馬公市,房地(土地+建物),澎湖縣馬公市朝陽路９２號二樓,33.9,住,,,1080321,土地1建物1車位0,二層,七層,華廈(10層含以下有電梯),住家用,鋼筋混凝土造,0840426,170.5,2,2,1,有,無,5000000,29326,,0.0,0,,RPPNMLRJNHOFFAX67EA,122.57,9.45,0.0,,
馬公市,土地,興崁段608地號,4022.03,,一般農業區,農牧用地,1080325,土地1建物0車位0,,,其他,,,,0.0,0,0,0,有,無,6600000,1641,,0.0,0,,RPQNMLSJMHOFFAX67DA,0.0,0.0,0.0,,
湖西鄉,土地,許家段697地號,179.49,,一般農業區,農牧用地,1080325,土地3建物0車位0,,,其他,,,,0.0,0,0,0,有,無,376782,2099,,0.0,0,安宅段2筆總價251932元，許家段1筆總價124850元。,RPPNMLTLLHOFFAX77DA,0.0,0.0,0.0,,
馬公市,車位,澎湖縣馬公市文山路２７巷,0.16,住,,,1080320,土地0建物0車位1,,,其他,,,,23.19,0,0,0,有,無,700000,,坡道平面,23.19,700000,,RPRNMLNJMHOFFAX17CA,0.0,0.0,0.0,,
西嶼鄉,土地,赤馬二段30地號,156.21,,一般農業區,農牧用地,1080311,土地9建物0車位0,,,其他,,,,0.0,0,0,0,有,無,500000,3201,,0.0,0,,RPRNMLRKMHOFFAX67CA,0.0,0.0,0.0,,
馬公市,房地(土地+建物),澎湖縣馬公市文山路２７巷８號七樓之２,21.92,住,,,1080322,土地1建物1車位0,七層,十層,華廈(10層含以下有電梯),住家用,鋼筋混凝土造,1060328,341.63,2,2,1,有,無,4880000,14284,,0.0,0,,RPSNMLRJNHOFFAX77CA,56.72,9.41,0.0,,
湖西鄉,土地,龍門北段636地號,268.23,,一般農業區,農牧用地,1080327,土地1建物0車位0,,,其他,,,,0.0,0,0,0,有,無,400000,1491,,0.0,0,,RPOOMLRJNHOFFAX47CA,0.0,0.0,0.0,,
馬公市,房地(土地+建物),澎湖縣馬公市朝陽路２５號三樓之一,44.02,住,,,1080316,土地1建物1車位0,三層,五層,公寓(5樓含以下無電梯),住家用,鋼筋混凝土造,0831013,137.09,3,2,2,有,無,3980000,29032,,0.0,0,,RPQNMLLLOHOFFAX27CA,96.68,16.95,0.0,,
西嶼鄉,房地(土地+建物),澎湖縣西嶼鄉二崁５號,540.19,住,,,1080312,土地3建物1車位0,全,一層,透天厝,住家用,石造,0541101,125.46,4,1,2,有,無,6890000,54918,,0.0,0,,RPQNMLNJMHOFFAX07CA,125.46,0.0,0.0,,
馬公市,房地(土地+建物),澎湖縣馬公市文明路６６號四樓,26.88,住,,,1080319,土地3建物1車位0,四層,七層,華廈(10層含以下有電梯),住家用,鋼筋混凝土造,0841208,120.58999999999999,3,2,2,有,有,4160000,34497,,0.0,0,,RPPNMLSKMHOFFAX57CA,89.83,0.0,7.13,,
西嶼鄉,房地(土地+建物),澎湖縣西嶼鄉二崁４８號,217.02,住,,,1080329,土地1建物1車位0,全,一層,透天厝,住家用,造,0260101,151.87,4,2,2,有,無,2500000,16461,,0.0,0,親友、員工或其他特殊關係間之交易。；,RPPNMLKMNHOFFAX07CA,151.87,0.0,0.0,,
馬公市,土地,東澳段874-1地號,332.57,,,,1080320,土地3建物0車位0,,,其他,,,,0.0,0,0,0,有,無,5000000,15034,,0.0,0,包含公共設施保留地之交易。；,RPWNMLRJNHOFFAX18CA,0.0,0.0,0.0,,
馬公市,房地(土地+建物),澎湖縣馬公市永安街１５巷２３號,75.0,住,,,1080325,土地1建物1車位0,全,三層,透天厝,住家用,鋼筋混凝土加強磚造,0600101,222.0,4,2,2,有,無,18700000,84234,,0.0,0,,RPPNMLPJNHOFFAX27CA,222.0,0.0,0.0,,
馬公市,房地(土地+建物),澎湖縣馬公市鎖管港１４７６之１號,127.67,住,,,1080307,土地1建物1車位0,全,三層,透天厝,住家用,鋼筋混凝土造,1060802,239.03,6,2,6,有,無,8100000,33887,,0.0,0,,RPTNMLRKMHOFFAX87CA,223.15,15.88,0.0,,
馬公市,土地,五福段1051-11地號,1981.92,,一般農業區,農牧用地,1080318,土地3建物0車位0,,,其他,,,,0.0,0,0,0,有,無,74140000,37408,,0.0,0,農變建移轉土地持分給予權利人共9人內含未來9戶興建之成本7414萬,RPPNMLPKMHOFFAX27CA,0.0,0.0,0.0,,
馬公市,房地(土地+建物),澎湖縣馬公市三多路４１１號五樓之二,6.12,住,,,1080330,土地1建物1車位0,五層,十層,華廈(10層含以下有電梯),住家用,鋼筋混凝土造,0850308,54.05,1,1,1,有,無,2100000,38853,,0.0,0,,RPROMLRJNHOFFAX77CA,40.95,3.58,0.0,,
湖西鄉,土地,龍門南段357-1地號,681.7,,一般農業區,農牧用地,1080322,土地1建物0車位0,,,其他,,,,0.0,0,0,0,有,無,3200000,4694,,0.0,0,,RPPNMLRKMHOFFAX57DA,0.0,0.0,0.0,,
湖西鄉,建物,澎湖縣湖西鄉紅羅罩５５之２號,0.0,,,,1080325,土地0建物1車位0,一層，二層,二層,工廠,住工用,鋼筋混凝土加強空心磚造,0620801,221.66,0,0,0,無,無,100000,,,0.0,0,親友、員工或其他特殊關係間之交易。；,RPRNMLSKMHOFFAX77CA,219.84,1.82,0.0,,
馬公市,土地,埕中段52-2地號,13.0,住,,,1080327,土地1建物0車位0,,,其他,,,,0.0,0,0,0,有,無,1073410,82570,,0.0,0,向政府機關承購之案件。；,RPPNMLQLMHOFFAX47CA,0.0,0.0,0.0,,
白沙鄉,土地,通梁中段840-1地號,149.53,住,,,1080307,土地2建物0車位0,,,其他,,,,0.0,0,0,0,有,無,598100,4000,,0.0,0,親友、員工或其他特殊關係間之交易。；,RPQNMLQJNHOFFAX47CA,0.0,0.0,0.0,,
馬公市,房地(土地+建物),澎湖縣馬公市鐵線尾１之９號,186.88,,一般農業區,甲種建築用地,1080320,土地1建物1車位0,全,三層,透天厝,住家用,鋼筋混凝土造,0900309,165.8,4,2,3,有,無,1300000,7841,,0.0,0,親友、員工或其他特殊關係間之交易。；,RPQNMLMLMHOFFAX17CA,158.24,7.56,0.0,,
馬公市,房地(土地+建物),澎湖縣馬公市成功街９７巷３號,73.68,住,,,1080305,土地2建物1車位0,全,二層,透天厝,住家用,鋼筋混凝土加強磚造,0700810,87.6,4,2,2,有,無,3600000,41096,,0.0,0,親友、員工或其他特殊關係間之交易。；,RPQNMLOLMHOFFAX37CA,87.6,0.0,0.0,,
馬公市,土地,五德西段207地號,78.1,,鄉村區,乙種建築用地,1080328,土地1建物0車位0,,,其他,,,,0.0,0,0,0,有,無,708600,9073,,0.0,0,,RPQNMLTKMHOFFAX77CA,0.0,0.0,0.0,,
馬公市,土地,西澳段481地號,127.54,住,,,1080323,土地1建物0車位0,,,其他,,,,0.0,0,0,0,有,無,6360000,49867,,0.0,0,,RPSNMLOLMHOFFAX57CA,0.0,0.0,0.0,,
西嶼鄉,土地,竹篙灣段3419地號,1536.0,,一般農業區,農牧用地,1080305,土地1建物0車位0,,,其他,,,,0.0,0,0,0,有,無,2150400,1400,,0.0,0,,RPSNMLMLNHOFFAX47CA,0.0,0.0,0.0,,
湖西鄉,土地,林投北段284地號,594.86,,一般農業區,農牧用地,1080323,土地2建物0車位0,,,其他,,,,0.0,0,0,0,有,無,2800000,4707,,0.0,0,,RPSNMLLJNHOFFAX17CA,0.0,0.0,0.0,,
湖西鄉,土地,湖東新段897地號,432.01,,一般農業區,農牧用地,1080328,土地1建物0車位0,,,其他,,,,0.0,0,0,0,有,無,500000,1157,,0.0,0,,RPQNMLRJNHOFFAX57CA,0.0,0.0,0.0,,
湖西鄉,土地,湖東新段1155地號,1353.14,,一般農業區,農牧用地,1080328,土地1建物0車位0,,,其他,,,,0.0,0,0,0,有,無,500000,370,,0.0,0,,RPRNMLRJNHOFFAX67CA,0.0,0.0,0.0,,
望安鄉,土地,水垵段2104地號,233.0,,一般農業區,農牧用地,1080311,土地1建物0車位0,,,其他,,,,0.0,0,0,0,有,無,900000,3863,,0.0,0,親友、員工或其他特殊關係間之交易。；,RPPNMLSLNHOFFAX77CA,0.0,0.0,0.0,,
馬公市,土地,光榮段244地號,1462.97,住,,,1080321,土地1建物0車位0,,,其他,,,,0.0,0,0,0,有,無,84000000,57417,,0.0,0,,RPPOMLKKNHOFFAX96CA,0.0,0.0,0.0,,
馬公市,土地,埕東段833地號,107.71,住,,,1080322,土地1建物0車位0,,,其他,,,,0.0,0,0,0,有,無,4390000,40758,,0.0,0,,RPPNMLOKNHOFFAX27CA,0.0,0.0,0.0,,
湖西鄉,房地(土地+建物),澎湖縣湖西鄉港子尾１３０號,334.34,,一般農業區,甲種建築用地,1080331,土地4建物1車位0,全,三層,透天厝,住家用,鋼筋混凝土造,1070517,283.31,7,1,8,有,無,8610000,30391,,0.0,0,,RPPOMLNKNHOFFAX27CA,262.75,20.56,0.0,,
馬公市,土地,五福段897地號,419.91,,一般農業區,農牧用地,1080212,土地1建物0車位0,,,其他,,,,0.0,0,0,0,有,無,18550000,44176,,0.0,0,共有人2人農變建專案核准興建住宅,RPUNMLPLKHOFFAX67CA,0.0,0.0,0.0,,
馬公市,土地,山水北段229地號,732.95,,一般農業區,農牧用地,1080212,土地1建物0車位0,,,其他,,,,0.0,0,0,0,有,無,9480000,12934,,0.0,0,共有人4人農變建專案核准,RPPNMLNJLHOFFAX86CA,0.0,0.0,0.0,,
湖西鄉,土地,湖東新段1563地號,505.68,,一般農業區,農牧用地,1080213,土地2建物0車位0,,,其他,,,,0.0,0,0,0,有,無,300000,593,,0.0,0,,RPUNMLLLKHOFFAX27CA,0.0,0.0,0.0,,
馬公市,房地(土地+建物),澎湖縣馬公市文山路１４８號,118.32,住,,,1080201,土地1建物1車位0,全,三層,透天厝,其他,鋼筋混凝土造,0790604,290.84,9,0,9,有,無,10500000,36102,,0.0,0,,RPSNMLTKLHOFFAX08EA,290.84,0.0,0.0,,
馬公市,房地(土地+建物),澎湖縣馬公市東衛２５１之２０號,257.51,,一般農業區,甲種建築用地,1080212,土地2建物1車位0,全,三層,透天厝,住家用,鋼筋混凝土造,1050921,263.19,5,2,4,有,無,7000000,26597,,0.0,0,,RPSNMLRLKHOFFAX67CA,246.58,16.61,0.0,,
湖西鄉,土地,尖山南段1133地號,1160.04,,一般農業區,農牧用地,1080218,土地2建物0車位0,,,其他,,,,0.0,0,0,0,有,無,2750000,2371,,0.0,0,,RPTNMLOJLHOFFAX47DA,0.0,0.0,0.0,,
馬公市,土地,山水北段763地號,443.05,,一般農業區,農牧用地,1080215,土地1建物0車位0,,,其他,,,,0.0,0,0,0,有,無,15760000,35572,,0.0,0,農變建移轉土地持分給予權利人共2人內含未來2戶興建之成本1576萬,RPQNMLPLKHOFFAX27CA,0.0,0.0,0.0,,
湖西鄉,土地,尖山中段716地號,173.94,,一般農業區,農牧用地,1080222,土地1建物0車位0,,,其他,,,,0.0,0,0,0,有,無,260906,1500,,0.0,0,親友、員工或其他特殊關係間之交易。；,RPQNMLMJLHOFFAX86CA,0.0,0.0,0.0,,
馬公市,房地(土地+建物),澎湖縣馬公市西文澳３２５號,119.21,農,,,1080213,土地1建物1車位0,全,三層,透天厝,其他,鋼筋混凝土造,0940811,225.47,4,1,5,有,無,7570000,33574,,0.0,0,農業區中之建地,RPPNMLSJLHOFFAX37CA,218.27,7.2,0.0,,
馬公市,房地(土地+建物),澎湖縣馬公市忠孝路８９巷１９號,233.0,住,,,1080213,土地1建物1車位0,全,五層,透天厝,其他,鋼筋混凝土造,1080111,676.52,17,2,18,有,無,42000000,62082,,0.0,0,有電梯,RPPNMLNKLHOFFAX96CA,618.59,57.93,0.0,,
馬公市,土地,案山段365地號,188.14,住,,,1080218,土地2建物0車位0,,,其他,,,,0.0,0,0,0,有,無,4680000,24875,,0.0,0,,RPSNMLQLKHOFFAX57CA,0.0,0.0,0.0,,
馬公市,土地,中衛段1636地號,1433.52,,一般農業區,農牧用地,1080212,土地1建物0車位0,,,其他,,,,0.0,0,0,0,有,無,43760000,30526,,0.0,0,權利人共7人，含未來興建7戶之房屋價款,RPSNMLSJLHOFFAX67CA,0.0,0.0,0.0,,
馬公市,房地(土地+建物),澎湖縣馬公市中華路６１號７樓,22.78,住,,,1080216,土地3建物1車位0,七層,七層,華廈(10層含以下有電梯),住家用,鋼筋混凝土造,0820317,190.29,3,1,2,有,有,4200000,22072,,0.0,0,,RPRNMLSJNHOFFAX77CA,134.86,24.18,0.0,,
湖西鄉,土地,隘門新段665地號,17.06,,鄉村區,乙種建築用地,1080215,土地1建物0車位0,,,其他,,,,0.0,0,0,0,有,無,10000,586,,0.0,0,親友、員工或其他特殊關係間之交易。；,RPQNMLTLLHOFFAX87DA,0.0,0.0,0.0,,
馬公市,土地,五福段526-4地號,104.15,,一般農業區,農牧用地,1080212,土地2建物0車位0,,,其他,,,,0.0,0,0,0,有,無,2600000,24964,,0.0,0,共有人2人親友、員工或其他特殊關係間之交易。；,RPSNMLQJLHOFFAX47CA,0.0,0.0,0.0,,
馬公市,土地,北澳段671地號,34.79,農,,,1080226,土地1建物0車位0,,,其他,,,,0.0,0,0,0,有,無,920000,26444,,0.0,0,,RPQNMLMKLHOFFAX96CA,0.0,0.0,0.0,,
湖西鄉,土地,沙港南段67地號,302.65,,一般農業區,農牧用地,1080219,土地2建物0車位0,,,其他,,,,0.0,0,0,0,有,無,1000000,3304,,0.0,0,,RPRNMLMKLHOFFAX07CA,0.0,0.0,0.0,,
馬公市,土地,六合段627-2地號,305.38,,一般農業區,農牧用地,1080226,土地1建物0車位0,,,其他,,,,0.0,0,0,0,有,無,6300000,20630,,0.0,0,,RPUNMLNKLHOFFAX47CA,0.0,0.0,0.0,,
馬公市,土地,北極段668-1地號,49.41,住,,,1080221,土地1建物0車位0,,,其他,,,,0.0,0,0,0,有,無,856275,17330,,0.0,0,向政府機關承購之案件。；,RPPNMLOKLHOFFAX07CA,0.0,0.0,0.0,,
湖西鄉,房地(土地+建物),澎湖縣湖西鄉湖東５３號,427.1,,一般農業區,農牧用地,1080219,土地15建物1車位0,全,一層,透天厝,住家用,造,0140101,3.92,0,0,0,無,無,300000,76531,,0.0,0,賣方急用錢急賣。,RPRNMLSKLHOFFAX67CA,3.61,0.31,0.0,,
馬公市,土地,五福段1198地號,111.53,,一般農業區,農牧用地,1080218,土地1建物0車位0,,,其他,,,,0.0,0,0,0,有,無,200000,1793,,0.0,0,使用分區:一般農業區親友、員工或其他特殊關係間之交易。；,RPQNMLKLLHOFFAX86CA,0.0,0.0,0.0,,
馬公市,土地,六合段627-3地號,305.39,,一般農業區,農牧用地,1080226,土地1建物0車位0,,,其他,,,,0.0,0,0,0,有,無,5800000,18992,,0.0,0,,RPVNMLNKLHOFFAX57CA,0.0,0.0,0.0,,
湖西鄉,土地,許家段617-2地號,673.7,,一般農業區,農牧用地,1080228,土地1建物0車位0,,,其他,,,,0.0,0,0,0,有,無,19060000,28292,,0.0,0,共有人4人。農變建專案核准興建住宅,RPUNMLTJMHOFFAX08CA,0.0,0.0,0.0,,
湖西鄉,土地,許家段617-7地號,433.88,,一般農業區,農牧用地,1080228,土地1建物0車位0,,,其他,,,,0.0,0,0,0,有,無,11360000,26182,,0.0,0,共有人2人。農變建專案核准,RPTNMLTJMHOFFAX97CA,0.0,0.0,0.0,,
馬公市,土地,文東段1424地號,2553.19,,一般農業區,農牧用地,1080227,土地3建物0車位0,,,其他,,,,0.0,0,0,0,有,無,3800000,1488,,0.0,0,,RPQNMLPKLHOFFAX27CA,0.0,0.0,0.0,,
馬公市,房地(土地+建物),澎湖縣馬公市新村路４９之４號,37.47,住,,,1080225,土地2建物1車位0,五層，電梯樓梯間,五層,公寓(5樓含以下無電梯),住家用,鋼筋混凝土造,0730629,108.28,3,1,2,有,有,2500000,23088,,0.0,0,,RPQNMLMLLHOFFAX17DA,108.28,0.0,0.0,,
馬公市,房地(土地+建物),澎湖縣馬公市珠江７５號,118.51,,鄉村區,乙種建築用地,1080227,土地1建物1車位0,全,一層,透天厝,住家用,鋼筋加強,0600218,71.0,4,1,1,有,無,1800000,25352,,0.0,0,,RPUNMLLLLHOFFAX37CA,71.0,0.0,0.0,,
湖西鄉,土地,湖西北段571-4地號,215.7,,一般農業區,甲種建築用地,1080220,土地2建物0車位0,,,其他,,,,0.0,0,0,0,有,無,5700000,26426,,0.0,0,農變建變更起造人，含未來興建房屋之費用,RPPNMLTJMHOFFAX57CA,0.0,0.0,0.0,,
馬公市,房地(土地+建物),澎湖縣馬公市中華路２１８之２號二樓,27.55,住,,,1080226,土地2建物1車位0,二層,七層,華廈(10層含以下有電梯),住家用,鋼筋混凝土造,0821119,150.41,3,2,2,有,無,5077000,33754,,0.0,0,,RPPNMLSLLHOFFAX57CA,99.2,11.31,0.0,,
馬公市,房地(土地+建物),澎湖縣馬公市文明路９１號七樓,25.86,住,,,1080202,土地1建物1車位0,七層,七層,華廈(10層含以下有電梯),住家用,鋼筋混凝土造,0860430,119.38,3,1,2,有,有,3400000,28480,,0.0,0,,RPVNMLRJNHOFFAX08CA,90.58,0.0,11.7,,
馬公市,房地(土地+建物),澎湖縣馬公市民福路６之６號,67.0,商,,,1080228,土地1建物1車位0,全,三層,透天厝,其他,鋼筋混凝土造,0681220,187.58,6,1,3,有,無,12500000,66638,,0.0,0,,RPPNMLMJMHOFFAX86CA,187.58,0.0,0.0,,
七美鄉,土地,大嶼段4102地號,818.33,,一般農業區,農牧用地,1080222,土地3建物0車位0,,,其他,,,,0.0,0,0,0,有,無,900159,1100,,0.0,0,,RPQNMLPKMHOFFAX47DA,0.0,0.0,0.0,,
湖西鄉,土地,潭邊新段662地號,212.81,,鄉村區,乙種建築用地,1080213,土地1建物0車位0,,,其他,,,,0.0,0,0,0,有,無,3218500,15124,,0.0,0,,RPQNMLMJNHOFFAX07CA,0.0,0.0,0.0,,
馬公市,房地(土地+建物),澎湖縣馬公市中華路１４５號,40.0,住,,,1080218,土地1建物1車位0,全,二層,透天厝,其他,鋼筋混凝土加強空心磚造,0540101,80.46,3,2,2,有,無,7200000,89485,,0.0,0,,RPSNMLRKMHOFFAX77CA,80.46,0.0,0.0,,
馬公市,房地(土地+建物),澎湖縣馬公市西文澳８４之６號,69.66,住,,,1080226,土地1建物1車位0,全,二層,透天厝,住家用,鋼筋混凝土加強磚造,0681124,86.6,3,1,2,有,無,2500000,28868,,0.0,0,親友、員工或其他特殊關係間之交易。；,RPPNMLPLMHOFFAX37CA,86.6,0.0,0.0,,
馬公市,房地(土地+建物),澎湖縣馬公市雞母塢１４２號,267.34,,一般農業區,甲種建築用地,1080219,土地1建物1車位0,全,三層,透天厝,住家用,鋼筋混凝土造,1050413,361.81,9,1,14,有,無,9200000,25428,,0.0,0,,RPPNMLTJNHOFFAX67CA,336.71,25.1,0.0,,
馬公市,房地(土地+建物),澎湖縣馬公市石泉１８０號,276.48,,一般農業區,甲種建築用地,1080226,土地2建物1車位0,全,三層,透天厝,住家用,鋼筋混凝土造,1041130,324.94,7,1,6,有,無,15800000,48624,,0.0,0,,RPQNMLTLMHOFFAX87CA,311.79,13.15,0.0,,
馬公市,房地(土地+建物),澎湖縣馬公市文光路２０４巷６號,65.2,住,,,1080213,土地1建物1車位0,全,二層,透天厝,住家用,鋼筋混凝土加強磚造,0730621,99.65,3,1,2,有,無,2000000,20070,,0.0,0,親友、員工或其他特殊關係間之交易。；,RPUNMLNKNHOFFAX67CA,99.65,0.0,0.0,,
西嶼鄉,房地(土地+建物),澎湖縣西嶼鄉小池角５３號,847.05,,鄉村區,乙種建築用地,1080224,土地3建物1車位0,一層,一層,其他,住家用,造,0030101,128.36,0,0,0,無,無,3200000,24930,,0.0,0,建物型態:平房,RPPOMLPKNHOFFAX47CA,128.36,0.0,0.0,,
馬公市,土地,風櫃西段771地號,1023.62,,一般農業區,農牧用地,1080224,土地1建物0車位0,,,其他,,,,0.0,0,0,0,有,無,3360000,3282,,0.0,0,,RPTNMLOKNHOFFAX67CA,0.0,0.0,0.0,,
白沙鄉,土地,通梁南段946地號,99.96,,,,1080113,土地1建物0車位0,,,其他,,,,0.0,0,0,0,有,無,799707,8000,,0.0,0,道路用地協議價購,RPTNMLOKKHOFFAX37CA,0.0,0.0,0.0,,
白沙鄉,土地,通梁南段946地號,299.89,,,,1080113,土地1建物0車位0,,,其他,,,,0.0,0,0,0,有,無,2399120,8000,,0.0,0,道路用地協議價購,RPUNMLOKKHOFFAX47CA,0.0,0.0,0.0,,
白沙鄉,土地,通梁南段946地號,99.96,,,,1080113,土地1建物0車位0,,,其他,,,,0.0,0,0,0,有,無,799707,8000,,0.0,0,道路用地協議價購,RPSNMLOKKHOFFAX27CA,0.0,0.0,0.0,,
馬公市,房地(土地+建物),澎湖縣馬公市水源路２之１號九樓之二,7.36,商,,,1080125,土地1建物1車位0,九層,十二層,住宅大樓(11層含以上有電梯),住家用,鋼筋混凝土造,0850828,71.41,2,1,1,有,有,2800000,39210,,0.0,0,,RPQNMLSJNHOFFAX67CA,49.45,6.85,0.0,,
馬公市,房地(土地+建物),澎湖縣馬公市石泉１之２９２號,167.62,,鄉村區,乙種建築用地,1080116,土地2建物1車位0,全,四層,透天厝,住家用,鋼筋混凝土造,0900704,376.44,5,1,3,有,無,10000000,26565,,0.0,0,,RPXNMLRJNHOFFAX28CA,358.68,17.76,0.0,,
馬公市,土地,興仁段483地號,3.03,,一般農業區,農牧用地,1080108,土地1建物0車位0,,,其他,,,,0.0,0,0,0,有,無,6080,2007,,0.0,0,縣府代為標售地籍清理土地,RPXNMLOKKHOFFAX97EA,0.0,0.0,0.0,,
馬公市,房地(土地+建物)+車位,澎湖縣馬公市文明路１０１巷９號,85.68,住,,,1080104,土地1建物1車位1,全,四層,透天厝,住家用,鋼筋混凝土造,0820115,229.5,4,2,3,有,無,3000000,13072,坡道平面,0.0,0,親友、員工或其他特殊關係間之交易。；,RPSNMLPKKHOFFAX37CA,155.75,3.78,0.0,,
馬公市,房地(土地+建物),澎湖縣馬公市成功街６巷７號,29.31,住,,,1080124,土地1建物1車位0,全,一層,透天厝,住家用,筋加強空心磚,0550919,9.94,3,1,1,有,無,1250000,125755,,0.0,0,,RPXNMLPKKHOFFAX87CA,9.94,0.0,0.0,,
馬公市,房地(土地+建物),澎湖縣馬公市仁愛路７８號,44.0,住,,,1080122,土地1建物1車位0,全,二層,透天厝,住家用,鋼筋加強造,0600506,88.0,2,1,3,有,無,6850000,77841,,0.0,0,,RPQNMLKLKHOFFAX76CA,88.0,0.0,0.0,,
馬公市,土地,東澳段286地號,12.58,住,,,1080130,土地1建物0車位0,,,其他,,,,0.0,0,0,0,有,無,183000,14547,,0.0,0,,RPQNMLSKKHOFFAX47CA,0.0,0.0,0.0,,
西嶼鄉,土地,竹篙灣段3647-1地號,579.0,,風景區,農牧用地,1080118,土地1建物0車位0,,,其他,,,,0.0,0,0,0,有,無,810600,1400,,0.0,0,親友、員工或其他特殊關係間之交易。；,RPQNMLOJLHOFFAX07CA,0.0,0.0,0.0,,
馬公市,房地(土地+建物),澎湖縣馬公市永興街５號,74.0,商,,,1080124,土地1建物1車位0,一層，二層，三層，四層,四層,店面(店鋪),其他,鋼筋混凝土加強磚造,0581220,243.16,5,2,2,有,無,14500000,59632,,0.0,0,,RPRNMLNLKHOFFAX27DA,243.16,0.0,0.0,,
馬公市,土地,文寮段1244地號,1675.83,,一般農業區,農牧用地,1080128,土地2建物0車位0,,,其他,,,,0.0,0,0,0,有,無,2000000,1193,,0.0,0,有民情風俗因素之交易。；,RPTNMLTKKHOFFAX87CA,0.0,0.0,0.0,,
馬公市,房地(土地+建物),澎湖縣馬公市光復路２２９之７號,34.31,住,,,1080113,土地1建物1車位0,七層,七層,華廈(10層含以下有電梯),住家用,鋼筋混凝土造,0811128,143.28,3,2,2,有,有,7300000,50949,,0.0,0,,RPPNMLRLKHOFFAX37CA,140.43,0.0,0.0,,
馬公市,房地(土地+建物),澎湖縣馬公市西文澳１８８之６號,267.4,,一般農業區,甲種建築用地,1080125,土地2建物1車位0,全,三層,透天厝,住家用,鋼筋混凝土造,1040624,226.08,5,2,5,有,無,8160000,36093,,0.0,0,親友、員工或其他特殊關係間之交易。；,RPQNMLOKLHOFFAX17CA,200.05,26.03,0.0,,
馬公市,房地(土地+建物),澎湖縣馬公市五福路６１巷１９號,92.13,,鄉村區,乙種建築用地,1080106,土地1建物1車位0,全,三層,透天厝,住家用,鋼筋混凝土加強磚造,0701001,122.72,3,2,2,有,無,3990000,32513,,0.0,0,,RPSNMLTKKHOFFAX77CA,122.72,0.0,0.0,,
馬公市,房地(土地+建物),澎湖縣馬公市敬業街４１號,94.17,住,,,1080108,土地1建物1車位0,全,四層,透天厝,住家用,鋼筋混凝土造,0950830,206.94,5,1,5,有,無,6000000,28994,,0.0,0,,RPVNMLLLKHOFFAX37CA,198.86,0.0,8.08,,
馬公市,土地,東澳段1150-4地號,8.37,住,,,1080122,土地1建物0車位0,,,其他,,,,0.0,0,0,0,有,無,505464,60390,,0.0,0,向政府機關承購之案件。；,RPPNMLMLKHOFFAX86CA,0.0,0.0,0.0,,
白沙鄉,土地,通梁南段1026-2地號,20.43,住,,,1080130,土地1建物0車位0,,,其他,,,,0.0,0,0,0,有,無,223000,10915,,0.0,0,,RPQNMLMLKHOFFAX96CA,0.0,0.0,0.0,,
白沙鄉,土地,通梁南段1025-3地號,300.39,住,,,1080130,土地1建物0車位0,,,其他,,,,0.0,0,0,0,有,無,3657000,12174,,0.0,0,,RPRNMLMLKHOFFAX07CA,0.0,0.0,0.0,,
馬公市,土地,四維段773地號,481.68,農,,,1080118,土地2建物0車位0,,,其他,,,,0.0,0,0,0,有,無,2000000,4152,,0.0,0,,RPPNMLNLKHOFFAX96CA,0.0,0.0,0.0,,
馬公市,土地,四維段1225地號,288.62,農,,,1080118,土地1建物0車位0,,,其他,,,,0.0,0,0,0,有,無,2700000,9355,,0.0,0,,RPQNMLNLKHOFFAX07CA,0.0,0.0,0.0,,
馬公市,土地,鐵線段710地號,490.07,,一般農業區,農牧用地,1080113,土地1建物0車位0,,,其他,,,,0.0,0,0,0,有,無,2660000,5428,,0.0,0,,RPTNMLPLKHOFFAX57CA,0.0,0.0,0.0,,
湖西鄉,土地,成功南段795地號,1315.06,,一般農業區,農牧用地,1080118,土地1建物0車位0,,,其他,,,,0.0,0,0,0,有,無,7380000,5612,,0.0,0,,RPRNMLRLKHOFFAX57CA,0.0,0.0,0.0,,
馬公市,房地(土地+建物),澎湖縣馬公市大案山２２之９號,106.38,住,,,1080130,土地2建物1車位0,全,三層,透天厝,住家用,鋼筋混凝土造,1060927,195.92,5,1,6,有,無,7500000,38281,,0.0,0,,RPWNMLMLKHOFFAX67DA,183.66,12.26,0.0,,
馬公市,土地,四維段584-7地號,667.75,,一般農業區,農牧用地,1080128,土地2建物0車位0,,,其他,,,,0.0,0,0,0,有,無,9390000,14062,,0.0,0,共有人3人農變建專案核准興建住宅,RPPNMLKKLHOFFAX66CA,0.0,0.0,0.0,,
馬公市,土地,興仁南段122-3地號,715.01,,風景區,農牧用地,1080122,土地3建物0車位0,,,其他,,,,0.0,0,0,0,有,無,4325810,6050,,0.0,0,,RPRNMLOJLHOFFAX17CA,0.0,0.0,0.0,,
馬公市,房地(土地+建物),澎湖縣馬公市文康街１６號,43.0,商,,,1080114,土地1建物1車位0,全,二層,透天厝,其他,鋼筋混凝土加強空心磚造,0510810,69.73,1,1,2,有,無,7000000,100387,,0.0,0,,RPRNMLRJLHOFFAX47CA,69.73,0.0,0.0,,
湖西鄉,土地,許家段722地號,643.78,,一般農業區,農牧用地,1080131,土地2建物0車位0,,,其他,,,,0.0,0,0,0,有,無,8000000,12427,,0.0,0,,RPTNMLMKLHOFFAX27CA,0.0,0.0,0.0,,
馬公市,房地(土地+建物),澎湖縣馬公市石泉２之５１號,142.34,,一般農業區,甲種建築用地,1080124,土地1建物1車位0,全,四層,透天厝,住家用,鋼筋混凝土造,1070703,375.24,3,2,4,有,無,16500000,43972,,0.0,0,,RPUNMLSJLHOFFAX87CA,336.13,39.11,0.0,,
馬公市,房地(土地+建物),澎湖縣馬公市水源路２之１號四樓之一,6.73,商,,,1080122,土地1建物1車位0,四層,十二層,住宅大樓(11層含以上有電梯),住家用,鋼筋混凝土造,0850828,69.33,2,0,2,有,無,2200000,31732,,0.0,0,,RPPNMLSKLHOFFAX47CA,46.6,6.55,0.0,,
馬公市,土地,中衛段311-2地號,49.72,工,,,1080115,土地1建物0車位0,,,其他,,,,0.0,0,0,0,有,無,3008000,60499,,0.0,0,,RPPNMLMKLHOFFAX86CA,0.0,0.0,0.0,,
馬公市,土地,海堤段621-1地號,226.94,住,,,1080130,土地1建物0車位0,,,其他,,,,0.0,0,0,0,有,無,3300000,14541,,0.0,0,,RPTNMLSJLHOFFAX77CA,0.0,0.0,0.0,,
西嶼鄉,土地,內垵一段232地號,247.38,,森林區,農牧用地,1080118,土地1建物0車位0,,,其他,,,,0.0,0,0,0,有,無,598600,2420,,0.0,0,,RPPNMLLJMHOFFAX76CA,0.0,0.0,0.0,,
西嶼鄉,土地,內垵一段174地號,193.03,,森林區,農牧用地,1080118,土地1建物0車位0,,,其他,,,,0.0,0,0,0,有,無,467100,2420,,0.0,0,,RPQNMLLJMHOFFAX86CA,0.0,0.0,0.0,,
馬公市,土地,案山段651地號,322.32,住,,,1080120,土地10建物0車位0,,,其他,,,,0.0,0,0,0,有,無,3084425,9569,,0.0,0,,RPTNMLMLLHOFFAX37CA,0.0,0.0,0.0,,
馬公市,土地,埕東段762地號,5.65,住,,,1080130,土地1建物0車位0,,,其他,,,,0.0,0,0,0,有,無,400000,70796,,0.0,0,,RPTNMLTKLHOFFAX97CA,0.0,0.0,0.0,,
馬公市,房地(土地+建物),澎湖縣馬公市文前街８９巷１０號,80.93,住,,,1080101,土地2建物1車位0,全,五層,透天厝,住家用,鋼筋混凝土造,0950517,199.96,4,2,3,有,無,11000000,55011,,0.0,0,,RPPNMLRLLHOFFAX47CA,190.23,5.36,4.37,,
湖西鄉,土地,湖西北段659地號,421.22,,一般農業區,農牧用地,1080129,土地2建物0車位0,,,其他,,,,0.0,0,0,0,有,無,2000000,4748,,0.0,0,,RPRNMLRLLHOFFAX67CA,0.0,0.0,0.0,,
馬公市,土地,馬公段608-1地號,115.0,商,,,1080114,土地2建物0車位0,,,其他,,,,0.0,0,0,0,有,無,10500000,91304,,0.0,0,,RPQNMLTJMHOFFAX67CA,0.0,0.0,0.0,,
馬公市,土地,安宅段863-8地號,315.32,,一般農業區,農牧用地,1080103,土地2建物0車位0,,,其他,,,,0.0,0,0,0,有,無,8880000,28162,,0.0,0,農變建變更起造人，含未來興建房屋之費用,RPRNMLPKMHOFFAX47CA,0.0,0.0,0.0,,
馬公市,土地,安宅段863-4地號,224.35,,一般農業區,農牧用地,1080118,土地2建物0車位0,,,其他,,,,0.0,0,0,0,有,無,7460000,33252,,0.0,0,農變建變更起造人，含未來興建房屋之費用,RPRNMLMKMHOFFAX17CA,0.0,0.0,0.0,,
馬公市,土地,安宅段863-4地號,315.15,,一般農業區,農牧用地,1080108,土地2建物0車位0,,,其他,,,,0.0,0,0,0,有,無,9500000,30144,,0.0,0,農變建變更起造人，含未來興建房屋之費用,RPTNMLMKMHOFFAX37CA,0.0,0.0,0.0,,
馬公市,土地,文寮段347地號,1456.29,,一般農業區,農牧用地,1080107,土地1建物0車位0,,,其他,,,,0.0,0,0,0,有,無,18480000,12690,,0.0,0,,RPPNMLNKMHOFFAX07CA,0.0,0.0,0.0,,
白沙鄉,土地,後寮段1869地號,1445.0,,一般農業區,農牧用地,1080117,土地1建物0車位0,,,其他,,,,0.0,0,0,0,有,無,2300000,1592,,0.0,0,,RPRNMLQKMHOFFAX57CA,0.0,0.0,0.0,,
湖西鄉,房地(土地+建物),澎湖縣湖西鄉西溪８之３號,1192.5,,一般農業區,農牧用地,1080111,土地1建物1車位0,一層，二層,二層,農舍,住家用,加強磚造,1011024,180.48,4,2,3,有,無,1540000,,,0.0,0,親友、員工或其他特殊關係間之交易。；,RPQNMLPLMHOFFAX47CA,174.0,6.48,0.0,,
馬公市,土地,六合段396-18地號,169.9,,一般農業區,甲種建築用地,1071206,土地2建物0車位0,,,其他,,,,0.0,0,0,0,有,無,15800000,92996,,0.0,0,農變建之起造人變更含未來興建房屋價款,RPPNMLQJLHOFFAX17CA,0.0,0.0,0.0,,
西嶼鄉,土地,池東段2551地號,890.78,,一般農業區,農牧用地,1071231,土地3建物0車位0,,,其他,,,,0.0,0,0,0,有,無,2868800,3221,,0.0,0,,RPPNMLLKLHOFFAX76CA,0.0,0.0,0.0,,
馬公市,土地,雙湖段87-5地號,307.74,,一般農業區,甲種建築用地,1071231,土地2建物0車位0,,,其他,,,,0.0,0,0,0,有,無,10680000,34705,,0.0,0,農變建之起造人變更含未來興建房屋價款,RPTNMLRJLHOFFAX67CA,0.0,0.0,0.0,,
湖西鄉,土地,成功南段1338-9地號,235.95,,一般農業區,甲種建築用地,1071224,土地2建物0車位0,,,其他,,,,0.0,0,0,0,有,無,8660000,36703,,0.0,0,農變建之起造人變更含未來興建房屋價款,RPRNMLSJLHOFFAX57CA,0.0,0.0,0.0,,
馬公市,土地,文東段988-4地號,626.81,,一般農業區,農牧用地,1071205,土地3建物0車位0,,,其他,,,,0.0,0,0,0,有,無,8000000,12763,,0.0,0,權利人共兩人。親友、員工或其他特殊關係間之交易。；,RPTNMLMLKHOFFAX37DA,0.0,0.0,0.0,,
湖西鄉,土地,尖山北段253地號,471.28,,一般農業區,農牧用地,1071230,土地1建物0車位0,,,其他,,,,0.0,0,0,0,有,無,710000,1507,,0.0,0,,RPSNMLPLKHOFFAX57DA,0.0,0.0,0.0,,
馬公市,土地,光華段305-9地號,197.34,,一般農業區,甲種建築用地,1071205,土地3建物0車位0,,,其他,,,,0.0,0,0,0,有,無,8550000,43326,,0.0,0,農變建之起造人變更含未來興建房屋價款,RPUNMLKLLHOFFAX27CA,0.0,0.0,0.0,,
馬公市,土地,四維段1214地號,640.05,,一般農業區,農牧用地,1071229,土地1建物0車位0,,,其他,,,,0.0,0,0,0,有,無,4200000,6562,,0.0,0,依土地法34-1買賣的土地,RPRNMLPLKHOFFAX37CA,0.0,0.0,0.0,,
馬公市,房地(土地+建物),澎湖縣馬公市後窟潭１３０號,69.27,住,,,1071228,土地1建物1車位0,全,二層,透天厝,住家用,鋼筋混凝土加強磚造,0690628,86.05,3,1,2,有,無,3300000,38350,,0.0,0,二等親買賣,RPQNMLQJLHOFFAX27CA,86.05,0.0,0.0,,
馬公市,房地(土地+建物),澎湖縣馬公市中華路３４９號,87.76,住,,,1071214,土地1建物1車位0,全,四層,透天厝,住家用,鋼筋混凝土加強磚造,0680512,188.28,5,1,3,有,無,12200000,64797,,0.0,0,,RPUNMLRLKHOFFAX87CA,188.28,0.0,0.0,,
馬公市,房地(土地+建物),澎湖縣馬公市新生路２２之７號,60.0,商,,,1071214,土地1建物1車位0,全,二層,透天厝,住家用,鋼筋混凝土加強磚造,0670819,80.0,3,1,1,有,無,3700000,46250,,0.0,0,,RPPNMLMJLHOFFAX76CA,80.0,0.0,0.0,,
馬公市,土地,興崁段1218地號,1010.77,,一般農業區,農牧用地,1071231,土地1建物0車位0,,,其他,,,,0.0,0,0,0,有,無,37360000,36962,,0.0,0,權利人共五人含未來興建房屋價款,RPPNMLLLLHOFFAX86CA,0.0,0.0,0.0,,
湖西鄉,土地,林投南段200地號,1281.41,,一般農業區,農牧用地,1071225,土地2建物0車位0,,,其他,,,,0.0,0,0,0,有,無,5814300,4537,,0.0,0,,RPSNMLOJLHOFFAX27CA,0.0,0.0,0.0,,
馬公市,房地(土地+建物),澎湖縣馬公市東衛９５之２號,203.74,,鄉村區,乙種建築用地,1071211,土地2建物1車位0,全,三層,透天厝,住家用,鋼筋混凝土造,0811120,179.86,4,2,4,有,無,1800000,10008,,0.0,0,親友、員工或其他特殊關係間之交易。；,RPSNMLRJLHOFFAX57CA,179.86,0.0,0.0,,
湖西鄉,土地,尖山中段1002地號,320.73,,一般農業區,甲種建築用地,1071213,土地1建物0車位0,,,其他,,,,0.0,0,0,0,有,無,2037000,6351,,0.0,0,,RPVNMLKLLHOFFAX37CA,0.0,0.0,0.0,,
白沙鄉,房地(土地+建物),澎湖縣白沙鄉後寮１０６號,73.0,,鄉村區,乙種建築用地,1071121,土地1建物1車位0,全,一層,透天厝,住家用,,0130101,49.8,1,1,1,有,無,328500,6596,,0.0,0,向政府機關承購之案件。；,RPRNMLNKKHOFFAX17DA,49.8,0.0,0.0,,
馬公市,土地,鐵線段1004地號,955.9,,一般農業區,農牧用地,1071112,土地1建物0車位0,,,其他,,,,0.0,0,0,0,有,無,4330000,4530,,0.0,0,,RPUNMLKLKHOFFAX17CA,0.0,0.0,0.0,,
七美鄉,土地,大嶼段2599地號,950.0,,一般農業區,農牧用地,1071121,土地5建物0車位0,,,其他,,,,0.0,0,0,0,有,無,1454435,1531,,0.0,0,澎湖縣政府辦理地籍整理標售案向政府機關承購之案件。；,RPUNMLRJLHOFFAX77CA,0.0,0.0,0.0,,
馬公市,土地,文化段441地號,188.05,住,,,1071119,土地1建物0車位0,,,其他,,,,0.0,0,0,0,有,無,11000000,58495,,0.0,0,,RPQNMLTKKHOFFAX57CA,0.0,0.0,0.0,,
七美鄉,土地,大嶼段1280地號,138.25,,一般農業區,甲種建築用地,1071121,土地1建物0車位0,,,其他,,,,0.0,0,0,0,有,無,248850,1800,,0.0,0,澎湖縣政府地籍清理代為標售案件,RPPNMLRJLHOFFAX27CA,0.0,0.0,0.0,,
馬公市,房地(土地+建物),澎湖縣馬公市永和街３２巷３號,63.07,住,,,1071115,土地1建物1車位0,全,二層,透天厝,住家用,鋼筋混凝土加強磚造,0671122,79.56,4,1,2,有,無,6500000,81699,,0.0,0,,RPPNMLPLLHOFFAX27CA,79.56,0.0,0.0,,
馬公市,土地,東澳段129-6地號,192.26,住,,,1071122,土地1建物0車位0,,,其他,,,,0.0,0,0,0,有,無,15000000,78019,,0.0,0,二等親買賣,RPUNMLMLLHOFFAX47CA,0.0,0.0,0.0,,
湖西鄉,土地,許家段1205地號,976.23,,一般農業區,農牧用地,1071125,土地1建物0車位0,,,其他,,,,0.0,0,0,0,有,無,4500000,4610,,0.0,0,,RPQNMLSLLHOFFAX67CA,0.0,0.0,0.0,,
西嶼鄉,土地,大池段1170地號,976.68,,一般農業區,農牧用地,1071005,土地1建物0車位0,,,其他,,,,0.0,0,0,0,有,無,5317000,5444,,0.0,0,,RPRNMLSLLHOFFAX77CA,0.0,0.0,0.0,,
馬公市,土地,安宅段863-4地號,226.24,,一般農業區,農牧用地,1071008,土地2建物0車位0,,,其他,,,,0.0,0,0,0,有,無,7600000,33593,,0.0,0,農變建變更起造人，含未來興建房屋之費用,RPSNMLMKMHOFFAX27CA,0.0,0.0,0.0,,
湖西鄉,房地(土地+建物),澎湖縣湖西鄉西溪村１３號,187.58,,鄉村區,乙種建築用地,1070911,土地1建物1車位0,全,一層,透天厝,住家用,造,,48.9,0,0,0,無,無,400000,8180,,0.0,0,代管未辦繼承登記土地標售,RPUNMLLLNHOFFAX67DA,48.9,0.0,0.0,,
湖西鄉,土地,潭邊新段75地號,100.9,,一般農業區,農牧用地,1070911,土地1建物0車位0,,,其他,,,,0.0,0,0,0,有,無,156000,1546,,0.0,0,標售逾期未辦理繼承登記案,RPVNMLTJNHOFFAX38DA,0.0,0.0,0.0,,
馬公市,房地(土地+建物),澎湖縣馬公市鎖管港１７１６號,166.17,住,,,1070716,土地1建物1車位0,全,二層,透天厝,住家用,鋼筋混凝土加強磚造,0840628,134.06,5,2,3,有,無,4000000,29837,,0.0,0,,RPQNMLNKLHOFFAX07CA,129.67,4.39,0.0,,
馬公市,土地,鎖港南段1556地號,50.75,住,,,1070716,土地1建物0車位0,,,其他,,,,0.0,0,0,0,有,無,600000,11823,,0.0,0,,RPRNMLNKLHOFFAX17CA,0.0,0.0,0.0,,
馬公市,土地,五福段970地號,34.98,,鄉村區,乙種建築用地,1070524,土地2建物0車位0,,,其他,,,,0.0,0,0,0,有,無,1904288,54439,,0.0,0,,RPXNMLTJNHOFFAX48CA,0.0,0.0,0.0,,
西嶼鄉,土地,池西段521-1地號,348.63,,一般農業區,農牧用地,1070321,土地1建物0車位0,,,其他,,,,0.0,0,0,0,有,無,1100000,3155,,0.0,0,,RPVNMLKLKHOFFAX37DA,0.0,0.0,0.0,,
馬公市,土地,北澳段671地號,34.79,農,,,1070104,土地1建物0車位0,,,其他,,,,0.0,0,0,0,有,無,820000,23570,,0.0,0,財政部國有財產署標售逾期未辦繼承土地,RPRNMLTKKHOFFAX67CA,0.0,0.0,0.0,,
馬公市,房地(土地+建物),澎湖縣馬公市水源路４６號,76.0,商,,,1070109,土地1建物1車位0,全,四層,透天厝,其他,鋼筋混凝土造,0760416,230.54,4,2,2,有,無,12680000,55001,,0.0,0,,RPTNMLOLMHOFFAX67CA,230.54,0.0,0.0,,
